{"type":"FeatureCollection","name":"zonas-salud-valencia-25830","crs":{"type":"name","properties":{"name":"urn:ogc:def:crs:EPSG::25830"}},"features":[{"type":"Feature","properties":{"DPTOCRC":"05","NOMBRE":"ALBORAIA","ZONA_COD":"0501","DEPARTAMENTO":"VALENCIA - CLINICO"},"geometry":{"type":"MultiPolygon","coordinates":[[[[727183.4124,4375059.07678],[727211.5213142266,4375011.289956256],[727216.0124117469,4375015.315106567],[727256.5621658672,4375072.467641777],[727292.6124993362,4375135.326131457],[727378.6384608004,4375273.484399063],[727377.3902994142,4375278.362982927],[727318.0535767672,4375306.145567714],[727311.4128,4375252.07223],[727183.4124,4375059.07678]]],[[[727268.4136,4375408.07199],[727271.412,4375384.07559],[727278.6775527033,4375372.4793999195],[727283.2064319538,4375382.642739609],[727449.5836926084,4375566.633140414],[727444.6748682383,4375598.523364808],[727424.9414776895,4375617.459520907],[727330.4832174891,4375683.837436529],[727333.41351,4375674.07015],[727357.40983,4375643.07152],[727411.41355,4375613.07377],[727281.41071,4375433.07385],[727268.4136,4375408.07199]]],[[[727315.603360328,4375835.063980403],[727322.0505116004,4375801.238519398],[727335.2919560771,4375824.611141458],[727315.603360328,4375835.063980403]]],[[[727382.5474960968,4374814.894031238],[727418.41042,4374767.07744],[727471.5526398888,4374703.205930962],[727461.3038812543,4374737.274194574],[727428.675540652,4374780.504395423],[727382.5474960968,4374814.894031238]]],[[[727483.8879369784,4374688.380166416],[727527.40802,4374636.07324],[727644.3525907994,4374521.325877025],[727621.0629927663,4374550.526196564],[727598.314305682,4374568.714299874],[727577.3128714659,4374597.813548549],[727561.3484617705,4374616.599236918],[727530.0421682028,4374640.415249086],[727499.4716160272,4374675.753423478],[727483.8879369784,4374688.380166416]]],[[[727644.9972690133,4374520.69331132],[727740.40654,4374427.07562],[727851.40688,4374375.0791],[727886.40598,4374366.0745],[727891.4588360753,4374366.074531583],[727869.805440869,4374372.872138651],[727867.5745182072,4374378.565324225],[727862.7248278109,4374383.166769871],[727798.5489419375,4374416.400021828],[727723.6835525185,4374459.505503227],[727688.9728488859,4374491.510050389],[727644.9972690133,4374520.69331132]]],[[[728154.6770945304,4374339.780020287],[728162.0961032296,4374338.380194934],[728159.0950340605,4374339.15145293],[728154.6770945304,4374339.780020287]]],[[[728261.8860606598,4374312.734733864],[728355.7191928729,4374282.360712646],[728335.1943620851,4374290.310575697],[728261.8860606598,4374312.734733864]]],[[[728388.7136149943,4374269.581014725],[728412.7945598364,4374250.088636712],[728408.364531266,4374259.885804444],[728401.744390619,4374264.533816883],[728388.7136149943,4374269.581014725]]],[[[728560.8492959476,4374189.265908361],[728583.38876,4374183.08641],[728675.38247,4374138.0829],[728756.4136929866,4374114.539841697],[728672.2940278212,4374153.477521523],[728643.6156422348,4374173.437399657],[728608.3659470609,4374185.682765953],[728580.4067241615,4374190.208832597],[728560.8492959476,4374189.265908361]]],[[[728789.3860419189,4374104.959671803],[728858.3457786363,4374098.061871627],[728839.7538977345,4374105.687084507],[728826.4134221107,4374106.570392405],[728802.5608410522,4374103.908972226],[728789.3860419189,4374104.959671803]]],[[[729015.9254720865,4374094.4461231865],[729043.37465,4374103.08781],[729086.37378,4374134.08854],[729114.37368,4374176.08904],[729133.37449,4374218.08945],[729156.37296,4374248.08842],[729265.6548823788,4374287.828090902],[729256.7549349192,4374296.103799223],[729242.0230002686,4374286.506689826],[729222.123394639,4374276.4082150655],[729155.556497992,4374258.398365324],[729130.1439063033,4374243.427313703],[729117.4605097728,4374227.791426109],[729097.8236640393,4374190.721590435],[729084.8895197767,4374159.939323224],[729074.0105055659,4374146.264062391],[729040.7752667518,4374121.091312859],[729015.9254720865,4374094.4461231865]]]]}},{"type":"Feature","properties":{"DPTOCRC":"05","NOMBRE":"ALMASSERA","ZONA_COD":"0502","DEPARTAMENTO":"VALENCIA - CLINICO"},"geometry":{"type":"MultiPolygon","coordinates":[[[[726312.5303776984,4377016.0426449245],[726382.0606931079,4376965.625020487],[726390.3755778965,4376977.752428248],[726312.5303776984,4377016.0426449245]]],[[[726322.45523602,4378542.083118236],[726437.4184971498,4378476.103661634],[726440.41918,4378446.08117],[726361.4814588305,4378203.0865280125],[726569.4175091428,4378150.102363635],[726603.417316366,4378129.102297512],[726625.4171279354,4378102.102212257],[726641.4170115218,4378053.10195207],[726663.4167618757,4377940.1015782505],[726682.4167100935,4377907.101449391],[726725.4163971976,4377871.101281328],[726752.4162326339,4377838.101175545],[726773.4161358409,4377792.100951089],[726794.4159321631,4377715.100688228],[726827.415485124,4377489.099690303],[726820.4646909168,4377412.9871266065],[726831.7429280824,4377440.541664256],[726922.9822781713,4377404.61961998],[726932.966132105,4377435.457221221],[726943.5384563595,4377452.361277406],[726959.4366398179,4377499.09531829],[726970.5377036392,4377518.135932575],[726980.4277204255,4377530.368421913],[726994.9905897254,4377543.319441047],[727031.8147156714,4377571.311332737],[727069.1859182355,4377619.701314791],[727114.8777250323,4377663.223484901],[727133.4294186201,4377685.678605093],[727218.5467025677,4377800.783528291],[727311.5180961017,4377755.621166381],[727343.6532384411,4377821.171557013],[727373.198411827,4377806.388583255],[727405.9377377445,4377882.297436714],[727413.4215384814,4377884.867469345],[727420.0850511892,4377890.571843036],[727430.4346458965,4377906.649566572],[727437.6277724489,4377909.110754147],[727446.6693634598,4377905.227296717],[727455.1949432585,4377904.813984201],[727462.5243485838,4377910.347556836],[727489.4049948567,4377940.745283058],[727525.5454837919,4377969.162984241],[727553.9489173313,4377994.384853248],[727605.9284453859,4378049.423731711],[727647.7567135737,4378096.759377522],[727669.4683394886,4378130.054857483],[727574.40095,4378182.01459],[727422.4134622888,4378235.102577059],[727329.4139276023,4378251.102666972],[727274.40303,4378270.13957],[727288.38659,4378306.07396],[727410.6353138722,4378649.620968163],[727420.4173,4378725.14148],[727470.4069429334,4378882.083285945],[727402.41563,4378903.07649],[726718.4131969517,4379175.086061702],[726672.456280146,4378976.0943676345],[726696.4177677978,4378969.105506142],[726713.4176796695,4378956.105548519],[726718.4176565722,4378929.105408984],[726708.4175949619,4378883.105184857],[726696.1220470775,4378861.186851876],[726678.4177025931,4378807.104880362],[726736.4173762635,4378789.104859926],[726772.4171950595,4378766.10477305],[726789.4170533472,4378738.10465686],[726794.4170115129,4378710.104542928],[726785.4170666432,4378687.104437275],[726769.4171057811,4378677.1044084495],[726714.4173719544,4378680.10438552],[726433.39078,4378781.0795],[726329.4180094267,4378641.099070852],[726322.45523602,4378542.083118236]]]]}},{"type":"Feature","properties":{"DPTOCRC":"05","NOMBRE":"FOIOS","ZONA_COD":"0503","DEPARTAMENTO":"VALENCIA - CLINICO"},"geometry":{"type":"MultiPolygon","coordinates":[[[[725707.4217,4378667.08308],[725707.45478,4378667.0235],[725716.9778470884,4378664.832781335],[725707.4217,4378667.08308]]],[[[726315.4191589308,4378578.104035382],[726322.4554262523,4378542.083009059],[726329.4021479624,4378641.027694026],[726315.4191589308,4378578.104035382]]],[[[726329.4179008756,4378641.098582369],[726433.39084,4378781.07928],[726710.8085575631,4378681.4317777],[726627.4178060482,4378712.104519331],[726465.4187080052,4378785.104755418],[726433.4188855097,4378781.104767847],[726391.4190126129,4378761.10472547],[726352.4191425081,4378708.104532399],[726329.4179008756,4378641.098582369]]],[[[726361.418521517,4378203.102565063],[726440.411272751,4378446.087856915],[726412.4184931943,4378385.103286254],[726361.418521517,4378203.102565063]]],[[[726672.4179267422,4378976.105554195],[726672.4564747408,4378976.094310877],[726696.726998586,4379081.269224947],[726672.4179267422,4378976.105554195]]],[[[726678.4186686717,4378807.109710778],[726696.1225647558,4378861.187774702],[726685.4177000243,4378842.105030939],[726678.4186686717,4378807.109710778]]],[[[726718.413151618,4379175.085865583],[727402.41556,4378903.07631],[727470.4068795654,4378882.0830869675],[727402.4142344159,4378903.105444362],[726718.413151618,4379175.085865583]]],[[[728232.3997063793,4380909.107832489],[728311.39995,4381118.08236],[728561.39245,4380998.08511],[728700.39017,4381311.08437],[728561.3914912425,4380998.105513067],[728311.3975649555,4381118.1088959845],[728232.3997063793,4380909.107832489]]],[[[728485.3944223017,4380158.097988324],[728487.8748587947,4380123.991555795],[728485.3969,4380158.082],[728491.3977,4380211.08268],[728505.39739,4380254.08025],[728524.39385,4380273.08181],[728553.39302,4380283.0845],[728591.39439,4380284.0842],[728692.39068,4380266.0848],[728786.38765,4380241.08731],[728798.3884,4380267.08298],[728812.3862488895,4380355.094047956],[728798.3869570433,4380267.094526573],[728786.387219331,4380241.094352587],[728692.3893826894,4380266.096052763],[728591.391758761,4380284.097724],[728553.392656687,4380283.098273305],[728524.3933508495,4380273.0985003915],[728505.3938295126,4380254.098657163],[728491.3941747322,4380211.09837496],[728485.3944223017,4380158.097988324]]],[[[728810.9360070504,4380361.864282668],[728812.3609710583,4380355.214264618],[728812.345,4380355.29022],[728810.9360070504,4380361.864282668]]],[[[728962.5087445145,4379659.852828634],[729019.3831877162,4379635.082971756],[729088.3817072121,4379612.081346486],[729113.3811420709,4379614.08096669],[729136.3805671957,4379625.080627954],[729151.3801892718,4379647.080713304],[729158.3800141672,4379675.080925207],[729159.3796997217,4379782.082375391],[729168.3794446471,4379790.0823418945],[729306.3765365658,4379722.078911149],[729349.3756444007,4379707.077857],[729368.3751984859,4379705.077501197],[729393.3744452324,4379771.078002625],[729399.3742255297,4379808.078549905],[729393.3743062266,4379843.079208369],[729392.2162340208,4379845.573605676],[729399.3701,4379808.0879],[729393.3698,4379771.08883],[729368.37253,4379705.08571],[729349.37162,4379707.0886],[729306.37324,4379722.08789],[729168.37839,4379790.0866],[729159.3795,4379782.08702],[729158.3761,4379675.08531],[729151.37631,4379647.08484],[729136.37723,4379625.08518],[729113.37887,4379614.0831],[729088.38161,4379612.0864],[729019.38194,4379635.08509],[728962.5087445145,4379659.852828634]]],[[[729115.3772,4380002.08549],[729121.436012665,4379996.0300734835],[729115.4250373157,4380002.175625969],[729115.3772,4380002.08549]]]]}},{"type":"Feature","properties":{"DPTOCRC":"05","NOMBRE":"MASSAMAGRELL","ZONA_COD":"0504","DEPARTAMENTO":"VALENCIA - CLINICO"},"geometry":{"type":"Polygon","coordinates":[[[730214.3400249335,4382503.111452529],[730356.39868,4382424.0987],[730375.3504099873,4382420.11366016],[730400.3354931807,4382426.110229915],[730450.3338211097,4382449.110265872],[730478.39437,4382444.1001],[730680.39175,4382341.09611],[730941.39073,4382169.09873],[730987.38852,4382104.10474],[731020.38095,4382072.09651],[731110.38045,4382019.09791],[731244.37795,4381949.10331],[731254.38014,4381945.09981],[731280.37721,4381921.09724],[731298.37941,4381859.09955],[731316.37681,4381827.09685],[731348.37835,4381792.10051],[731411.37745,4381754.09801],[732124.35735,4381372.10021],[732337.7226836595,4381263.30917611],[732376.2944336616,4381306.077840787],[732417.048165401,4381336.340876835],[732878.2366202443,4382061.115225627],[732659.2752405271,4382202.097395009],[732514.2781907964,4382274.099967664],[732288.2832663768,4382356.10332517],[732111.2869018668,4382440.104950955],[731960.290244001,4382498.106159903],[731927.2909681206,4382516.106536904],[731858.2921095182,4382573.107393991],[731775.2939767494,4382604.10796798],[731703.2953602255,4382653.108796468],[731670.2959276754,4382682.109142308],[731641.2965797696,4382697.109470486],[731299.305077343,4382806.111490714],[731235.306622441,4382833.111908563],[731154.3084878763,4382882.112610766],[731119.3091645235,4382913.112993778],[731090.3098596352,4382927.113086431],[731019.3117283589,4382950.113467083],[730754.3189881219,4383011.11459537],[730691.3206706382,4383033.114900274],[730599.3233032967,4383053.115205283],[730565.3244453247,4383043.115137536],[730520.3261228955,4383014.115024658],[730377.3322526533,4382828.113670872],[730281.3369265653,4382630.112220131],[730218.3398047916,4382521.111588521],[730214.3400249335,4382503.111452529]]]}},{"type":"Feature","properties":{"DPTOCRC":"05","NOMBRE":"MELIANA","ZONA_COD":"0505","DEPARTAMENTO":"VALENCIA - CLINICO"},"geometry":{"type":"MultiPolygon","coordinates":[[[[727274.4028,4378270.13948],[727288.4142069222,4378306.102949698],[727291.3520349761,4378314.382330174],[727274.4028,4378270.13948]]],[[[727410.6350357548,4378649.620395067],[727442.4138452106,4378715.104612048],[727420.4140043678,4378725.1046490045],[727430.8276762349,4378757.80374736],[727420.4171,4378725.14153],[727410.6350357548,4378649.620395067]]],[[[727423.3475447735,4378234.824338443],[727574.40086,4378182.01441],[727669.41546,4378130.07491],[727672.0092765172,4378133.951466528],[727574.4126985766,4378182.102382054],[727469.4132033873,4378221.10258974],[727423.3475447735,4378234.824338443]]]]}},{"type":"Feature","properties":{"DPTOCRC":"05","NOMBRE":"MUSEROS","ZONA_COD":"0506","DEPARTAMENTO":"VALENCIA - CLINICO"},"geometry":{"type":"MultiPolygon","coordinates":[[[[728232.4103333468,4380909.104229919],[728291.3982635932,4380889.107164988],[728305.3979938393,4380881.106893119],[728346.3969424809,4380862.106324068],[728480.3937254364,4380780.104188389],[728524.3927309881,4380744.103244435],[728646.3898696168,4380683.101231028],[728687.388935026,4380619.1000773525],[728701.3886431502,4380588.099536121],[728733.3879891156,4380555.098775972],[728766.3873823518,4380447.097119239],[728806.3865114063,4380383.095856225],[728812.3878,4380355.0857],[728798.3882,4380267.08303],[728786.38754,4380241.08752],[728692.39073,4380266.085],[728591.39442,4380284.0844],[728553.39298,4380283.0847],[728524.39377,4380273.08199],[728505.3972,4380254.08033],[728491.3975,4380211.08273],[728485.3967,4380158.08199],[728489.3944191348,4380103.097337233],[728507.394011318,4380036.096462923],[728619.3917320162,4379830.092560562],[728639.3913453917,4379820.09206946],[728714.3895851066,4379830.0908280555],[728742.3889542611,4379827.090285695],[728759.3886081758,4379818.089995092],[728786.388079937,4379780.089026929],[728824.3872662941,4379742.087903578],[728881.3861197145,4379703.086430301],[728957.3845034329,4379662.084529044],[729019.38186,4379635.08491],[729088.38159,4379612.0862],[729113.37893,4379614.0829],[729136.37736,4379625.08502],[729151.3765,4379647.08478],[729158.3763,4379675.08528],[729159.3797,4379782.08695],[729168.37842,4379790.08638],[729306.37316,4379722.08771],[729349.37159,4379707.0884],[729368.37266,4379705.08552],[729393.37,4379771.08878],[729399.3703,4379808.08788],[729393.37,4379843.08842],[729380.3744960607,4379871.079786668],[729360.3748395343,4379892.080539486],[729125.3799108166,4379992.085962024],[729115.37742,4380002.08552],[729182.3369609606,4380135.546400013],[729225.9925625249,4380194.082655325],[729246.2183480868,4380211.125694999],[729159.8134209483,4380267.558319113],[729197.6269875092,4380329.674711897],[729174.9290653775,4380340.889493102],[729136.8441881536,4380354.647848743],[729090.7344861141,4380375.056808965],[729073.3851565307,4380385.763814334],[729119.0010180618,4380483.552660871],[729118.1544368425,4380506.3034762945],[729142.4052994003,4380547.130378566],[729137.0618560382,4380559.082056921],[729152.2073865298,4380584.973546593],[729170.846099615,4380606.191280694],[729198.9880864139,4380657.910720373],[729209.3623042776,4380673.550536588],[729248.4139716737,4380717.03895173],[729275.5319485087,4380690.17908187],[729287.5487040732,4380673.64810369],[729295.0348714299,4380667.75961886],[729337.0491342258,4380657.785119259],[729379.601966631,4380644.1604497945],[729443.0418581583,4380628.156398632],[729468.4639081077,4380626.578132198],[729465.8740801194,4380768.823443833],[729462.1317052804,4380842.706541571],[729424.4187135841,4380855.58557834],[729303.9736188882,4380905.672651633],[729244.3158502892,4380936.34426962],[729224.4979913249,4380943.311257524],[729264.3274799099,4381012.709788269],[729273.2990876221,4381023.419623735],[729279.7820764779,4381036.833178697],[729279.9973556303,4381041.172557191],[729059.1933366912,4381122.727250914],[729099.3367943873,4381216.354493688],[729089.5771132513,4381220.620278444],[729125.477161562,4381297.789884024],[729163.1045060685,4381281.907274811],[729234.1119819146,4381419.204053394],[729040.3785277372,4381432.107007787],[729019.3790419241,4381423.107011057],[729005.3794428431,4381410.106912863],[728972.380465606,4381350.106374688],[728919.3818062323,4381327.106408069],[728882.3827968201,4381327.106742563],[728818.3844221195,4381308.106932596],[728766.3857515499,4381306.107266396],[728700.3874238854,4381311.107885035],[728561.39235,4380998.08533],[728311.39984,4381118.08258],[728232.4103333468,4380909.104229919]]],[[[730214.3905385269,4382503.083348842],[730356.3367281002,4382424.110325839],[730375.3508634868,4382420.113769003],[730356.39874,4382424.09889],[730214.3905385269,4382503.083348842]]],[[[730450.3975504675,4382449.098885164],[730478.3330636927,4382444.11019645],[730680.3284422925,4382341.108592278],[730941.3230432824,4382169.106165164],[730987.3225634175,4382104.105336247],[731020.3220083833,4382072.104857242],[731110.3202341062,4382019.1039226],[731244.3175399334,4381949.102708586],[731254.3172956132,4381945.102562801],[731280.3169350831,4381921.102246478],[731298.3172186867,4381859.101566241],[731316.317178222,4381827.101148584],[731348.3167526434,4381792.100571353],[731411.315533242,4381754.099715912],[732124.3002599597,4381372.082395501],[732337.7228172767,4381263.3093383685],[732124.35744,4381372.10039],[731411.37755,4381754.09819],[731348.37846,4381792.10068],[731316.37698,4381827.09696],[731298.37959,4381859.09964],[731280.37739,4381921.09735],[731254.38026,4381945.09998],[731244.37804,4381949.10349],[731110.38055,4382019.09809],[731020.38106,4382072.09668],[730987.38868,4382104.10486],[730941.39086,4382169.09888],[730680.39185,4382341.09629],[730478.39445,4382444.10029],[730450.3975504675,4382449.098885164]]]]}},{"type":"Feature","properties":{"DPTOCRC":"05","NOMBRE":"TAVERNES BLANQUES","ZONA_COD":"0508","DEPARTAMENTO":"VALENCIA - CLINICO"},"geometry":{"type":"MultiPolygon","coordinates":[[[[726518.8410036312,4376013.062361956],[726614.9886450169,4375980.032036358],[726541.6852572743,4376020.112557539],[726531.6364884669,4376031.342190843],[726522.9444967915,4376030.28995797],[726518.8410036312,4376013.062361956]]],[[[726873.8665451288,4375837.156867848],[726911.42947,4375812.00853],[726973.3295806702,4375965.500107362],[726945.2732151266,4375956.691635172],[726906.3588674676,4375878.879823202],[726893.1409227124,4375858.790807705],[726873.8665451288,4375837.156867848]]]]}},{"type":"Feature","properties":{"DPTOCRC":"05","NOMBRE":"BENIMACLET (VALENCIA)","ZONA_COD":"0509","DEPARTAMENTO":"VALENCIA - CLINICO"},"geometry":{"type":"Polygon","coordinates":[[[726512.8656,4373283.26057],[727236.99127,4373043.67534],[727224.75415,4373008.56261],[727348.40192,4372964.5858],[727374.58828,4373035.58333],[727386.65079,4373041.08425],[727444.25338,4373207.53212],[727505.84081,4373222.0867],[727529.17579,4373223.65365],[727546.21549,4373272.58636],[727564.40159,4373313.58056],[727597.09228,4373371.58354],[727647.09197,4373429.08253],[727690.53857,4373471.67463],[727802.7772,4373572.58073],[727581.10647,4373647.60118],[727569.3431,4373666.58013],[727567.78657,4373681.99958],[727552.08671,4373687.60057],[727560.398,4373755.24759],[727554.79471,4373806.69327],[727566.6647,4373806.77127],[727571.1703,4373845.94309],[727568.7949,4373866.7485],[727571.1585,4373889.45031],[727561.11101,4373889.7535],[727575.21795,4374020.07919],[727356.52501,4374042.09591],[727150.61568,4374065.9681],[727144.28291,4374015.07992],[727022.02585,4374035.44129],[727014.2475,4373976.28112],[726999.84583,4373919.16113],[726869.89653,4373963.01476],[726899.73027,4374047.10317],[726782.59514,4374051.5807],[726701.11357,4374123.9936],[726638.6579,4374057.58358],[726750.65808,4373957.08417],[726722.48918,4373875.71978],[726698.2165,4373819.98022],[726691.6174,4373791.08293],[726655.44951,4373693.69113],[726512.8656,4373283.26057]]]}},{"type":"Feature","properties":{"DPTOCRC":"05","NOMBRE":"SALVADOR PAU (VALENCIA)","ZONA_COD":"0510","DEPARTAMENTO":"VALENCIA - CLINICO"},"geometry":{"type":"Polygon","coordinates":[[[727363.0362,4371808.57837],[727390.35214,4371787.62732],[727566.71293,4371635.58182],[727572.70966,4371652.59218],[727794.58187,4371592.6928],[727845.51229,4371760.24645],[727751.77093,4371791.9857],[727674.77833,4371815.573],[727590.50753,4371832.15978],[727606.72816,4371878.60177],[728209.35872,4371665.9573],[728316.80756,4371963.95127],[728347.55529,4371953.44525],[728419.1732,4372154.44393],[728007.15482,4372293.2791],[727931.95833,4372315.58929],[727861.77914,4372342.26989],[727668.46073,4372407.58929],[727579.68438,4372442.6],[727539.02281,4372322.08823],[727493.2208,4372198.00063],[727363.0362,4371808.57837]]]}},{"type":"Feature","properties":{"DPTOCRC":"05","NOMBRE":"SERRERIA 2 (VALENCIA)","ZONA_COD":"0511","DEPARTAMENTO":"VALENCIA - CLINICO"},"geometry":{"type":"Polygon","coordinates":[[[727686.9053,4373468.10918],[727745.02714,4373430.58162],[727771.90492,4373403.58263],[727789.34131,4373379.58225],[727815.777,4373321.58297],[727825.3408,4373249.5798],[727823.6531,4373205.58111],[727821.23205,4373193.08011],[728065.3973,4373204.58369],[728060.70706,4373092.10821],[728077.58232,4373100.0829],[728201.17631,4373106.2445],[728240.45568,4373109.58727],[728238.8297,4373099.08552],[728217.203,4373029.58463],[728142.579,4372774.09082],[728166.89232,4372754.58814],[728174.39159,4372737.58579],[728166.58071,4372708.58846],[728149.76706,4372694.58839],[728125.7076,4372690.58813],[728007.1547,4372293.27903],[728419.17298,4372154.44385],[728347.55514,4371953.44543],[728316.80741,4371963.95145],[728209.35862,4371665.95734],[728962.74278,4371400.13883],[729022.82408,4371469.16054],[729129.49389,4371614.21236],[729233.2438,4371876.70638],[729252.799,4372165.46231],[728942.94022,4372182.5907],[728928.18248,4372171.10161],[728894.87033,4372179.1007],[728826.33822,4372203.73085],[728829.88918,4372213.96076],[728810.10223,4372220.82106],[728831.8759,4372284.59983],[728795.75043,4372296.59646],[728806.85867,4372329.75169],[728871.90549,4372307.02755],[728917.06336,4372436.84817],[728968.85149,4372419.07385],[728984.3098,4372462.60029],[728985.4323,4372475.09718],[729030.11869,4372614.09826],[729037.3071,4372628.59627],[729065.3603,4372731.54897],[729166.6205,4373035.09458],[729169.9545,4373056.27048],[729186.95276,4373107.70967],[729372.18949,4373043.72845],[729411.1673,4373349.11239],[729429.452,4373512.85949],[729490.4011,4374010.46739],[729495.7500611925,4374065.633104915],[729490.7598668452,4374066.256099061],[729470.1927897108,4374080.448258214],[729449.5120502894,4374085.149067232],[729446.1890158424,4374093.364184233],[729444.2671458384,4374121.967980739],[729440.1600688238,4374127.555102849],[729422.0885058753,4374138.340409049],[729414.8291156727,4374144.502974421],[729401.0424509889,4374161.196418341],[729348.4543091408,4374205.930529832],[729333.9375577318,4374224.334738032],[729265.6547262868,4374287.828236046],[729156.37285,4374248.08859],[729133.37432,4374218.08956],[729114.37351,4374176.08915],[729086.37363,4374134.08867],[729043.37455,4374103.08799],[729015.9257568662,4374094.446428542],[729003.5914730689,4374088.618627039],[728967.4787685315,4374082.142460552],[728935.1307105876,4374083.269497389],[728914.0668939229,4374089.092385414],[728874.5460635799,4374092.722705923],[728858.3451454918,4374098.062131303],[728781.1757644962,4374105.614447251],[728766.7930193532,4374109.735413552],[728756.4124429307,4374114.540420328],[728675.38254,4374138.08309],[728583.38883,4374183.0866],[728560.849953319,4374189.265940055],[728553.0637456904,4374188.890542851],[728512.4832988357,4374197.544132451],[728327.05433,4374037.63018],[728014.97433,4373757.47297],[727802.77703,4373572.58078],[727686.9053,4373468.10918]]]}},{"type":"Feature","properties":{"DPTOCRC":"05","NOMBRE":"REPUBLICA ARGENTINA (VALENCIA)","ZONA_COD":"0512","DEPARTAMENTO":"VALENCIA - CLINICO"},"geometry":{"type":"Polygon","coordinates":[[[727348.4018,4372964.58588],[727437.97112,4372932.5731],[727440.77078,4372940.72864],[727482.40671,4372967.37669],[727614.20728,4372923.55944],[727571.46081,4372794.80893],[727464.1691,4372492.54662],[727461.90813,4372483.09303],[727567.83886,4372447.58881],[727668.46066,4372407.58911],[727861.77906,4372342.26971],[727931.95827,4372315.5891],[728007.15485,4372293.27891],[728125.70778,4372690.58801],[728149.76715,4372694.58821],[728166.5809,4372708.58837],[728174.3918,4372737.58582],[728166.89248,4372754.58826],[728142.57921,4372774.09084],[728217.2032,4373029.58457],[728238.8299,4373099.08548],[728240.45588,4373109.58746],[728201.17629,4373106.2447],[728077.58228,4373100.0831],[728060.70721,4373092.10846],[728065.39742,4373204.5839],[727821.23222,4373193.0803],[727823.6533,4373205.58108],[727825.341,4373249.57981],[727815.7772,4373321.58301],[727789.34149,4373379.58234],[727771.90508,4373403.58276],[727745.02726,4373430.58178],[727686.90538,4373468.1093],[727647.09182,4373429.08267],[727597.09212,4373371.58367],[727564.40141,4373313.58065],[727546.21531,4373272.58644],[727529.17563,4373223.6538],[727505.84078,4373222.0869],[727444.25321,4373207.53225],[727386.65062,4373041.08437],[727374.58811,4373035.58345],[727348.4018,4372964.58588]]]}},{"type":"Feature","properties":{"DPTOCRC":"05","NOMBRE":"TRAFALGAR (VALENCIA)","ZONA_COD":"0513","DEPARTAMENTO":"VALENCIA - CLINICO"},"geometry":{"type":"Polygon","coordinates":[[[727133.2059,4371528.30199],[727196.42502,4371342.50364],[727304.95184,4371181.30012],[727404.81226,4371136.02041],[727580.76806,4371060.70901],[727688.94745,4371016.88771],[727797.80674,4370937.46622],[727895.97904,4370873.40912],[727989.97593,4370789.84803],[728235.94986,4370563.81401],[728495.22398,4370497.3373],[728736.66048,4370539.10484],[728743.4602,4370661.86129],[728779.6484,4370960.74299],[728809.9954,4371055.60627],[728840.6212,4371200.60368],[728856.59949,4371254.08506],[728886.38898,4371314.62204],[728962.77374,4371400.12649],[727606.72811,4371878.602],[727590.50738,4371832.1596],[727674.77828,4371815.5728],[727751.77087,4371791.9855],[727845.51208,4371760.24634],[727794.58183,4371592.69302],[727572.70963,4371652.5924],[727566.71295,4371635.58207],[727390.35227,4371787.62748],[727363.03627,4371808.5785],[727301.98441,4371628.67124],[727284.86272,4371598.47746],[727268.56863,4371578.72867],[727251.54616,4371567.06379],[727133.2059,4371528.30199]]]}},{"type":"Feature","properties":{"DPTOCRC":"05","NOMBRE":"MALVA-ROSA (VALENCIA)","ZONA_COD":"0514","DEPARTAMENTO":"VALENCIA - CLINICO"},"geometry":{"type":"Polygon","coordinates":[[[729349.9891,4372867.59937],[729465.11221,4372840.10012],[729467.67218,4372825.6002],[729539.17038,4372808.6005],[729540.92349,4372822.60089],[729590.04509,4372818.1019],[729620.70729,4372817.52023],[729609.6357,4372724.67281],[729584.85862,4372571.61203],[729590.35557,4372570.103],[729661.12439,4372570.0707],[729827.59409,4372558.10591],[729822.72401,4372503.10525],[729865.39089,4372496.66671],[729824.8676,4371967.25991],[729787.68733,4371557.23212],[729805.78352,4371561.6128],[729938.28171,4371582.6126],[730132.1528,4371581.6151],[730246.77241,4371586.1138],[730352.33181,4371592.1154],[730450.66197,4371607.00132],[730435.8311,4371668.11682],[730427.832,4371715.41741],[730416.434,4371854.21931],[730411.6342,4371984.61241],[730407.735,4372030.81501],[730394.5343,4372128.41572],[730375.5338,4372241.41321],[730340.9367,4372486.71011],[730323.2394,4372645.80981],[730315.139413025,4372778.442588677],[730280.1236053398,4373057.190205058],[730256.4666196797,4373326.005761746],[730242.9247660883,4373559.951944691],[730235.0334547531,4373613.068320957],[730233.3432336925,4373699.211854469],[730225.7374686769,4373776.228355582],[730214.8959,4373821.22161],[730214.4792716069,4373887.80972199],[730210.8774037921,4373922.647474811],[730055.0690293589,4373921.8958592],[730001.8472630964,4373918.659749461],[729834.5472719956,4373917.55415289],[729820.8381422515,4373920.079365452],[729752.3169966438,4373942.5637543155],[729595.5439414666,4373998.545757658],[729551.7133976769,4374049.4495556],[729517.6840387675,4374062.894786787],[729495.7498616684,4374065.633129824],[729490.4009,4374010.46741],[729429.4518,4373512.85951],[729411.1671,4373349.11241],[729379.1773,4373093.59521],[729365.1158,4372997.59972],[729349.9891,4372867.59937]]]}},{"type":"Feature","properties":{"DPTOCRC":"05","NOMBRE":"SERRERIA 1 (VALENCIA)","ZONA_COD":"0515","DEPARTAMENTO":"VALENCIA - CLINICO"},"geometry":{"type":"MultiPolygon","coordinates":[[[[728735.9312,4370521.10898],[728765.86862,4370526.1042],[728791.43103,4370539.10541],[728872.01343,4370558.5252],[728912.48943,4370570.1091],[729046.04812,4370601.1089],[729064.73761,4370603.1081],[729127.98662,4370628.1102],[729293.54292,4370642.1125],[729335.4068,4370648.8384],[729405.04149,4370642.6133],[729467.72477,4370629.6156],[729490.41165,4370620.11541],[729540.91414,4370586.11522],[729568.78635,4370560.61561],[729582.72494,4370552.11682],[729607.16074,4370526.61382],[729617.22437,4370518.61658],[729591.03891,4370478.51845],[729635.57362,4370430.55524],[729732.59252,4370289.49724],[729750.90492,4370265.29814],[729765.40442,4370250.62244],[729839.02762,4370136.62454],[729951.27491,4369971.62146],[729980.6337,4369864.16198],[729991.1475,4369759.6269],[729984.2662,4369651.74702],[729978.4578,4369635.62503],[729973.5918,4369612.24512],[729974.6402,4369590.57727],[729979.486,4369576.83138],[729977.2084,4369541.12659],[729982.23385,4369541.32759],[730001.33311,4369507.62615],[730016.13112,4369486.23093],[730037.73303,4369463.42683],[730067.53064,4369436.12932],[730101.73115,4369413.82941],[730136.52966,4369398.83041],[730554.51446,4369240.14051],[730601.71057,4369220.9417],[730621.80949,4369217.5405],[730637.30812,4369218.3392],[730654.01135,4369223.54331],[730663.91137,4369231.54063],[730671.21049,4369241.44056],[730683.31059,4369270.43936],[730729.48397,4369397.7073],[730940.6031109006,4369403.340054302],[730935.6551722176,4369411.154893324],[730926.2092432436,4369419.137689905],[730913.3609511452,4369422.921981275],[730821.1576630942,4369420.53075437],[730829.4884246835,4369464.989362584],[730836.2255904332,4369464.163764605],[730837.8778415994,4369475.726958899],[730818.4920064308,4369479.030269659],[730817.093782946,4369467.127783186],[730824.8478081177,4369465.348858872],[730815.9573297114,4369420.349643679],[730742.7910747463,4369418.6092992],[730739.7351530885,4369431.953209872],[730739.3964312902,4369466.904545498],[730736.3405783939,4369469.155087037],[730744.2218549736,4369491.181142454],[730230.156893052,4369684.588856705],[730232.6887956855,4369691.5305567505],[730188.43019,4369708.22867],[730186.6961924431,4369719.078381353],[730179.2417187685,4369717.8364992365],[730120.1969876527,4370088.909967718],[730144.5859297928,4370093.014334185],[730153.2768516473,4370116.202557382],[730481.1271199811,4369992.119392656],[730470.1306601763,4369963.462360596],[730490.6506730163,4369955.8077128455],[730555.4120493162,4370126.422029534],[730292.9894980902,4370225.482449567],[730302.3241120717,4370251.630301147],[730063.4223022674,4370342.2188505465],[730059.0463415033,4370355.82951667],[730082.928360005,4370419.866798312],[730116.3919620806,4370407.858965695],[730118.4895839419,4370408.907360934],[730119.2524172909,4370412.242591989],[730116.7733399638,4370414.434800865],[730129.2835162338,4370447.506734409],[730125.52755956,4370450.66494575],[730134.5341307794,4370474.401398263],[730138.778556697,4370475.223000145],[730140.065525724,4370479.000533379],[730255.5233945765,4370454.0901925275],[730257.4794832473,4370462.0604715245],[730246.1958815757,4370465.2185882805],[730247.3435524451,4370473.535705748],[730141.73242,4370495.62128],[730142.73588,4370500.62258],[730248.3095916312,4370480.536546848],[730249.8066582894,4370491.3857193645],[730261.8423972931,4370489.2805248285],[730266.5061715414,4370506.1236693105],[730319.3692322053,4370512.312276829],[730326.5908388841,4370514.568204889],[730343.692495843,4370561.957286436],[730342.3753405178,4370568.727658986],[730347.1457073811,4370582.230666418],[730036.3668367285,4370699.352548133],[730038.7298227154,4370705.960717983],[730002.44003,4370719.62066],[730009.0389,4370736.02062],[729994.53934,4370746.61882],[730100.93469,4370886.21705],[730108.4345,4370903.92207],[730109.5366,4370923.11792],[730104.13829,4370941.51885],[730092.83768,4370957.11807],[730076.93705,4370967.92139],[730058.33802,4370972.7196],[730039.1179793268,4370970.977653082],[729965.9508236995,4370873.715357714],[729959.3270219268,4370884.982905156],[729957.3186790752,4370882.358163244],[729963.8472745097,4370871.541033212],[729942.0403883904,4370842.59671109],[729937.5744519822,4370856.554052985],[729890.64308,4370795.21854],[729749.84717,4370892.01318],[729742.24488,4370900.21506],[729704.44864,4370955.11718],[729725.74718,4370970.11496],[729652.94704,4371077.91187],[729675.04848,4371091.81356],[729669.5770863993,4371099.849699645],[729663.6538071478,4371095.721410497],[729590.1819355902,4371203.451706928],[729610.1126262771,4371216.645489498],[729610.576333476,4371219.313310276],[729618.2503101768,4371218.023644592],[729621.7696107322,4371232.988488492],[729614.676261929,4371234.188383367],[729614.9628977838,4371237.053939771],[729597.6617381102,4371251.89184589],[729601.8659185269,4371258.95973589],[729620.233745009,4371282.488284319],[729627.0745626844,4371276.766961153],[729629.6020216601,4371279.819402651],[729625.9411580153,4371283.070228155],[729633.6108694152,4371292.612703267],[729630.7445231794,4371294.809342125],[729696.7354398175,4371373.109482537],[729702.8643929736,4371368.299217603],[729722.74641,4371392.31096],[729733.15014,4371383.70971],[729750.9752499361,4371395.137810075],[729758.2360600441,4371405.890583701],[729773.0555393399,4371406.398904242],[729784.54542,4371410.0106],[729810.14472,4371409.4128],[729829.34632,4371413.3125],[729831.34539,4371435.91389],[730019.44101,4371424.513],[730021.04259,4371444.91489],[730037.639,4371444.01601],[730037.74153,4371431.71563],[730049.54162,4371429.01482],[730050.63959,4371425.21341],[730038.9254609862,4371400.0974495],[730051.7503941823,4371399.568910358],[730051.5076277694,4371396.652853804],[730071.9096832464,4371388.453935979],[730077.0626459011,4371391.792289916],[730081.1308737332,4371390.007864856],[730090.93915,4371411.41477],[730108.63703,4371404.51912],[730114.2538505077,4371395.3981262455],[730120.0059530486,4371408.770407899],[730125.0085027048,4371402.709165438],[730122.4311285366,4371401.193764194],[730135.7798567156,4371381.464809903],[730136.8405431694,4371381.91937959],[730141.691375223,4371373.433633503],[730140.3275147411,4371372.524655718],[730170.5576039862,4371319.923234545],[730173.6987247993,4371321.700481966],[730174.913963283,4371319.239238373],[730123.296942104,4371289.283327816],[730123.3910929,4371287.77148054],[730120.744469582,4371286.1650348175],[730132.6558471736,4371265.0919492375],[730219.163185211,4371315.05643024],[730217.0631549086,4371318.554403476],[730222.4292726883,4371322.985534767],[730223.3040282311,4371321.761407102],[730229.5786055888,4371326.550167009],[730230.320678582,4371325.06701001],[730282.150858047,4371359.953361296],[730325.5070063141,4371381.184308867],[730358.6383909633,4371393.518011065],[730383.716042656,4371400.934188829],[730429.3078022692,4371408.958686218],[730428.7143883198,4371412.073884348],[730455.3004969339,4371415.343178685],[730496.4428927276,4371417.132965832],[730669.149996719,4371409.825336714],[730616.42679,4371501.11995],[730568.62778,4371576.72096],[730562.32848,4371585.01936],[730554.62825,4371591.81869],[730537.13012,4371598.02],[730516.8312,4371599.9203],[730455.13071,4371600.5196],[730452.23088,4371601.41858],[730450.66189,4371607.0015],[730352.33179,4371592.1156],[730246.7724,4371586.114],[730132.1528,4371581.6153],[729938.28168,4371582.6128],[729805.78348,4371561.613],[729787.68751,4371557.23233],[729824.8678,4371967.25989],[729865.3911,4372496.66683],[729822.72421,4372503.10538],[729827.59423,4372558.1061],[729661.12441,4372570.0709],[729590.35561,4372570.1032],[729584.85887,4372571.61216],[729609.6359,4372724.67278],[729620.70747,4372817.52038],[729590.0451,4372818.1021],[729540.92337,4372822.6011],[729539.17031,4372808.60072],[729467.67229,4372825.60038],[729465.11233,4372840.1003],[729349.98931,4372867.59949],[729365.116,4372997.59969],[729372.18948,4373043.72856],[729186.95271,4373107.7099],[729169.9543,4373056.27052],[729166.6203,4373035.09462],[729065.3601,4372731.54903],[729037.30691,4372628.59634],[729030.1185,4372614.09833],[728985.4321,4372475.09723],[728984.3096,4372462.60032],[728968.85134,4372419.07403],[728917.06322,4372436.84837],[728871.90534,4372307.02773],[728806.85857,4372329.7519],[728795.7502,4372296.59637],[728831.87567,4372284.59974],[728810.10202,4372220.82094],[728829.88897,4372213.96064],[728826.33806,4372203.73071],[728894.87028,4372179.1005],[728928.18248,4372171.1014],[728942.94027,4372182.59049],[729252.79879,4372165.46221],[729233.2436,4371876.70642],[729129.49371,4371614.21245],[729022.82392,4371469.16066],[728886.38883,4371314.62217],[728856.5993,4371254.08513],[728840.621,4371200.60373],[728809.9952,4371055.60633],[728779.6482,4370960.74302],[728743.46,4370661.86131],[728735.9312,4370521.10898]]],[[[730097.3221448149,4371048.245042011],[730099.2356,4371033.12108],[730102.73751,4371024.01965],[730114.13624,4371008.31782],[730121.73845,4371002.21891],[730139.43648,4370994.3182],[730158.83452,4370993.0219],[730177.43415,4370998.32061],[730193.23626,4371009.71972],[730237.63195,4371066.8178],[730264.13214,4371067.6211],[730268.43303,4371059.5192],[730286.73362,4371068.2193],[730294.43384,4371068.5184],[730301.8736587439,4371055.682813228],[730312.9228349882,4371061.715359411],[730631.522666093,4370509.146993519],[730640.3864650778,4370514.22305914],[731056.5100773535,4369795.8917687675],[731096.5063,4369817.33969],[731086.80761,4369831.53652],[731102.2041,4369900.93868],[731105.1041,4369930.64049],[731101.80751,4369988.53491],[731158.30597,4369995.73652],[731153.00641,4370035.33621],[731168.706,4370037.53597],[731145.905,4370225.83583],[731129.30837,4370224.03721],[731128.559,4370233.8469],[731259.30341,4370238.0344],[731264.20198,4370158.3376],[731271.5974752296,4370158.614872912],[731275.1951666046,4370169.85690053],[731473.719834891,4370176.885450172],[731473.7198145462,4370184.147991415],[731478.931459768,4370190.882046262],[731475.89901,4370245.1414],[731512.99539,4370246.4383],[731518.1245379413,4370244.744962048],[731557.1901944181,4370245.720544812],[731569.9774663775,4370241.653809907],[731597.2961842509,4370227.12833149],[731612.1349866961,4370211.1219798],[731622.4521091325,4370196.596444363],[731631.4616157959,4370177.132897808],[731634.230201865,4370165.882593158],[731636.4060271747,4370110.640184889],[731634.8076152981,4370108.6066958895],[731623.9368491226,4370112.991998182],[731625.8933,4370035.04291],[731621.1908,4370012.74453],[731616.59131,4369999.24414],[731597.79522,4369969.54617],[731568.79185,4369946.04099],[731553.99376,4369938.94439],[731525.19548,4369929.7426],[731499.09611,4369925.5438],[731468.8882602551,4369937.6880253805],[731469.017021732,4369934.821633432],[731462.3680867995,4369922.252128236],[731463.5240991274,4369921.529585271],[731444.1572254009,4369871.89636791],[731442.6204056425,4369872.2575754365],[731442.6204345599,4369868.553980913],[731438.5506343239,4369858.322863489],[731437.1044104884,4369858.774213842],[731436.200674172,4369856.244882787],[731437.2850872508,4369855.341323734],[731432.4045494007,4369842.693869207],[731422.6020942263,4369818.558535334],[731421.2535371226,4369818.828374173],[731417.9276752316,4369806.1580044255],[731416.129694267,4369805.349405248],[731412.2535284762,4369792.648172768],[731411.0850791862,4369793.0077153165],[731409.7366169594,4369789.8624981325],[731410.9951029167,4369789.323323537],[731407.8485924555,4369781.056295973],[731406.2258779791,4369781.039311789],[731404.7879741532,4369778.073856559],[731406.405925206,4369777.534631485],[731402.27045621,4369766.9315005],[731400.8324911837,4369767.200897404],[731399.2974416828,4369764.142218493],[731400.4446541829,4369763.282080092],[731396.5696829789,4369752.81082843],[731394.8492576623,4369753.097684526],[731395.1359567957,4369749.514526911],[731390.4040169598,4369740.484700874],[731390.2607261573,4369737.045033179],[731386.2383776831,4369727.55975658],[731384.6612565372,4369727.70323658],[731383.800763295,4369724.693465742],[731384.9478883549,4369724.263621086],[731379.3561539701,4369713.6573840575],[731379.3560918863,4369710.504079352],[731373.0471678575,4369697.604297664],[731370.1790435126,4369686.855132015],[731369.1751957093,4369687.4283540575],[731367.7414317043,4369684.84844552],[731368.6019548553,4369683.128594209],[731359.5403438864,4369660.496139308],[731358.5501582999,4369661.061771148],[731357.4184017206,4369658.091907823],[731358.5501209617,4369657.526165525],[731354.3056589235,4369646.919042368],[731353.3154528895,4369647.2023637425],[731353.1738981463,4369643.949179886],[731346.6654101213,4369631.645537102],[731348.0802001967,4369630.7965949],[731343.9115658685,4369620.441722117],[731342.6797516401,4369620.793608826],[731341.6237768806,4369618.242753843],[731342.7673546085,4369617.363388042],[731338.6277513751,4369607.585450087],[731337.3958742389,4369607.497593602],[731333.5221716311,4369594.459744651],[731330.8820237003,4369591.557102875],[731332.2020880235,4369590.941201501],[731328.2425158089,4369580.91410712],[731326.9224536143,4369581.177593378],[731325.7782416512,4369578.451123353],[731326.8341824253,4369577.483369903],[731322.868035076,4369567.332537827],[731321.812154489,4369567.772669705],[731317.6760734718,4369554.842441456],[731316.1800751648,4369554.754598763],[731316.1801231784,4369551.5878567975],[731309.7562120373,4369538.745490394],[731310.8121563941,4369538.130039452],[731307.0189357052,4369528.068814838],[731305.6112415905,4369528.156705511],[731304.3794227784,4369525.605834717],[731305.7871376495,4369524.902105514],[731301.3875074915,4369514.611036874],[731300.419796804,4369514.962809245],[731300.5074757955,4369511.708355702],[731296.9778052339,4369503.487516803],[731295.6577668316,4369504.015543976],[731294.4259252,4369501.112814441],[731295.6577885711,4369500.673149755],[731285.7954902288,4369475.404707247],[731284.7395301717,4369476.020494834],[731283.4195011237,4369472.853825683],[731284.5636571199,4369472.0623494405],[731280.4275287171,4369461.859038946],[731279.2839583725,4369462.298673131],[731279.4598752479,4369458.956303634],[731272.9359454084,4369446.510631124],[731273.991861918,4369445.806847625],[731270.0322792159,4369435.075520417],[731267.6562186298,4369432.613080233],[731268.7997924252,4369431.821028541],[731264.928489166,4369422.057481193],[731263.9601836824,4369422.761101149],[731262.2883591858,4369420.474318003],[731263.8725615202,4369419.066901156],[731259.6185522809,4369409.264280663],[731258.0782048076,4369409.319450303],[731258.2978999517,4369406.074378844],[731254.5562539748,4369395.899294975],[731252.9057181037,4369396.119388531],[731251.9090169796,4369393.620981204],[731252.9542584985,4369392.686006239],[731246.5719107,4369379.926056982],[731247.782427951,4369379.486302603],[731246.2740523105,4369373.88711441],[731257.7027398923,4369369.065215993],[731256.9405925272,4369365.963519232],[731264.943252861,4369363.024973246],[731265.8961231594,4369365.522852776],[731275.0365426014,4369361.508225164],[731278.9144599414,4369356.801377337],[731322.7129317814,4369339.24153184],[731331.724816116,4369282.225554182],[731259.1063391601,4369272.377669062],[731260.4269826119,4369263.747205198],[731432.7782621693,4369288.882051711],[731443.4027687258,4369283.7432127185],[731448.7149876546,4369289.653061138],[731457.0027107672,4369301.970633798],[731464.985755617,4369322.013919793],[731465.9469968618,4369330.6222135555],[731522.3722142723,4369477.921040819],[731550.9565237736,4369545.932281467],[731577.6308839753,4369617.430135282],[731581.1652678498,4369622.865265888],[731584.7342097628,4369622.67019306],[731666.69126,4369828.44238],[731677.09097,4369825.84612],[731688.39176,4369847.743],[731985.78188,4369852.1496],[731993.78113,4369847.14873],[731998.5814,4369838.34888],[731999.3803,4369829.74899],[732000.7477,4369707.7511],[731959.98124,4369707.95108],[731960.4805,4369674.84728],[732000.1575,4369674.1762],[732004.08094,4369588.65442],[732106.0277,4369589.4072],[732113.9726,4369270.05582],[732103.7729,4369253.35712],[732102.8715,4369237.95838],[732109.87102,4369227.45874],[732115.2693,4369224.65684],[732126.463,4368893.1697],[732126.1594,4368889.96484],[732117.36141,4368880.66694],[732113.3592,4368869.97058],[732115.05891,4368858.96885],[732121.05891,4368848.76815],[732126.0602,4368844.96735],[732131.8017544504,4368561.545188076],[732138.36248371,4368561.604034608],[732140.967114896,4368558.609431901],[732141.9093245006,4368472.486096906],[732137.5050301854,4368460.740507354],[732135.7135421479,4368461.554389105],[732131.8042107538,4368454.227839276],[732133.5145876156,4368453.006448791],[732133.0864299433,4368448.372651384],[732125.6273928547,4368438.431631761],[732101.5925109388,4368436.774558716],[732094.1334980159,4368426.419272051],[732089.161185089,4368411.0933274655],[732091.2327932823,4368390.3823235715],[732102.2144085392,4368376.505838204],[732115.0602985509,4368370.4996654475],[732132.6718890074,4368365.114743713],[732143.0316403277,4368366.357226637],[732157.1206227379,4368372.570512935],[732170.3811078799,4368382.719067587],[732185.9488512239,4368404.360958495],[732190.092701227,4368445.782895529],[732189.264120055,4368501.364052129],[732191.7509392872,4368532.904027269],[732189.0586406005,4368584.330602038],[732185.3287885932,4368607.733986455],[732187.6141958274,4368627.473261493],[732185.9565873394,4368654.604511451],[732188.8626183781,4368703.994830857],[732181.4035746288,4368745.830880605],[732184.7188159735,4368751.629913861],[732187.2050057697,4368804.949384067],[732183.0611652994,4368828.973998165],[732181.6155743996,4368857.417171176],[732175.6068985494,4368879.371004923],[732179.1288178846,4368884.34184498],[732181.4082541397,4368904.6385797495],[732177.6908538097,4368934.337208873],[732178.512862523,4368988.052957095],[732173.9545120274,4369011.4567671865],[732177.6843955524,4369151.188239038],[732171.8758677291,4369225.273783496],[732176.434192686,4369279.74336519],[732170.8436052768,4369334.088336256],[732168.9721715066,4369424.535683083],[732171.0437576395,4369440.6905245315],[732167.5218062092,4369456.016512767],[732166.2739956303,4369511.940067118],[732171.8445238642,4369538.822876029],[732169.4370057188,4369541.850808333],[732164.7382911404,4369542.012559166],[732169.0373065248,4369560.746018647],[732164.0957344901,4369574.754709851],[732169.3759532606,4369574.870678759],[732167.1754,4369612.5543],[732168.5161960863,4369635.799519689],[732165.4057590172,4369658.4132833835],[732169.5244375747,4369661.295259278],[732168.9124095102,4369670.140283785],[732164.3995797655,4369672.464134712],[732163.9956587016,4369751.373861288],[732165.5922751798,4369760.152252542],[732163.1973163681,4369768.731141642],[732160.6022605458,4369793.470755948],[732159.4035163958,4369886.7315474665],[732154.0143405325,4369897.903928606],[732157.4071273957,4369906.482895797],[732152.995705141,4370012.568245229],[732154.8988461801,4370030.734114164],[732154.0791,4370038.0472],[732158.1327497979,4370063.794359618],[732150.350207168,4370074.296241063],[732160.1301796483,4370095.244806205],[732156.5377380382,4370108.811587939],[732135.7797703062,4370118.787085482],[732117.4172841429,4370112.602634899],[732105.2423400872,4370102.42753671],[731679.4429863545,4370266.448019827],[731632.1212748984,4370275.552271107],[731605.2876383002,4370276.878572721],[731496.9918217406,4370273.21891482],[731498.0466173255,4370282.591403063],[731321.20115,4370279.239],[731316.70378,4370284.03936],[731220.90559,4370447.33655],[730865.41789,4371072.12735],[730716.1608436011,4371329.29070526],[730564.6469163056,4371335.600246072],[730564.8541629245,4371338.601046147],[730538.1460724074,4371339.739500651],[730537.9388562376,4371336.945796423],[730467.4257272804,4371337.566992861],[730414.9623651119,4371329.472107649],[730386.2525774757,4371322.00931499],[730357.6362761683,4371311.2286996255],[730356.1871203284,4371314.540114245],[730334.0338070667,4371304.813276474],[730328.3408078736,4371301.295158675],[730329.1686935131,4371298.087265942],[730294.4827746914,4371277.803447955],[730261.2637687864,4371252.754246409],[730230.9170065607,4371223.973526241],[730097.3221448149,4371048.245042011]]]]}},{"type":"Feature","properties":{"DPTOCRC":"05","NOMBRE":"NAZARET (VALENCIA)","ZONA_COD":"0516","DEPARTAMENTO":"VALENCIA - CLINICO"},"geometry":{"type":"Polygon","coordinates":[[[728139.5107,4370217.60027],[728196.38212,4370197.10052],[728219.13084,4370136.10352],[728344.12881,4370051.60504],[728363.62899,4369954.1047],[728527.81337,4369967.10913],[728527.24791,4369968.60618],[728685.24347,4370170.10583],[728749.65982,4370216.60772],[728753.7311,4370188.19407],[728770.9335,4370155.95097],[728792.7066,4369913.70909],[728800.1319,4369788.51789],[728815.3026,4369668.61229],[728826.6764,4369550.11359],[728846.2503,4369398.01619],[728853.6739,4369290.6188],[728853.5691,4369233.4223],[728848.9186,4369191.13862],[728837.8541,4369143.62247],[728988.31148,4369113.5093],[729062.79458,4369103.7746],[729088.67608,4369096.2811],[729243.7498,4369066.56552],[729234.4663,4368900.97591],[729223.7016,4368662.52051],[729222.6196,4368542.93529],[729224.7689,4368510.66189],[729233.37134,4368435.35932],[729422.93816,4368443.27712],[729431.09939,4368601.71555],[729579.81425,4368529.04815],[729577.4138,4368525.44983],[729573.31321,4368507.34835],[729566.81322,4368501.94996],[729562.811,4368495.35103],[729561.2132,4368486.15179],[729563.1134,4368477.05107],[729568.41355,4368471.55031],[729581.40958,4368466.3526],[729592.61193,4368467.6531],[729600.00946,4368472.84912],[729604.7117,4368480.95038],[729609.51289,4368503.44927],[729761.32189,4368914.53717],[729783.02389,4368971.84116],[729792.42478,4368990.83565],[729805.92508,4369008.43574],[729820.72416,4369023.43692],[730138.02516,4369266.53302],[730148.12579,4369277.23185],[730151.3251,4369287.93259],[730148.92509,4369301.33225],[730144.42848,4369308.33196],[730138.42775,4369313.93079],[730099.02994,4369331.43429],[730060.13225,4369352.23059],[730036.73296,4369367.82938],[729990.33117,4369406.72777],[729971.43277,4369425.62837],[729947.73398,4369453.92946],[729914.63564,4369505.72456],[729982.234,4369541.32767],[729977.20861,4369541.1267],[729979.4862,4369576.83142],[729974.6404,4369590.57732],[729973.592,4369612.24509],[729978.458,4369635.62497],[729984.2664,4369651.74698],[729991.1477,4369759.62691],[729980.6339,4369864.16203],[729951.2751,4369971.62153],[729839.02778,4370136.62466],[729765.40458,4370250.62256],[729750.90508,4370265.29827],[729732.59268,4370289.49736],[729635.57378,4370430.55536],[729591.03913,4370478.51851],[729617.22458,4370518.61667],[729607.16087,4370526.61397],[729582.72505,4370552.11699],[729568.78646,4370560.61578],[729540.91426,4370586.11538],[729490.41174,4370620.11559],[729467.72482,4370629.6158],[729405.04152,4370642.6135],[729335.40681,4370648.8386],[729293.54289,4370642.1127],[729127.98659,4370628.1104],[729064.73758,4370603.1083],[729046.04808,4370601.1091],[728989.04948,4370588.6096],[728791.43098,4370539.1056],[728765.86857,4370526.1044],[728735.9314,4370521.10912],[728736.66038,4370539.105],[728495.224,4370497.3375],[728237.41239,4370563.4392],[728185.92181,4370333.20174],[728164.0293,4370295.75621],[728194.30987,4370273.15458],[728167.41603,4370231.79358],[728140.82165,4370222.10189],[728139.5107,4370217.60027]]]}},{"type":"Feature","properties":{"DPTOCRC":"05","NOMBRE":"CHILE","ZONA_COD":"0517","DEPARTAMENTO":"VALENCIA - CLINICO"},"geometry":{"type":"Polygon","coordinates":[[[726318.7876,4372954.19877],[726398.81902,4372852.38254],[726440.96612,4372791.27264],[726572.67192,4372587.91684],[726777.07711,4372282.88465],[726865.58231,4372128.52915],[726892.97611,4372084.27435],[726927.74671,4372013.68006],[726946.71501,4371964.15726],[726967.78471,4371915.68746],[727000.44991,4371848.25766],[727103.70481,4371611.71456],[727133.20591,4371528.30195],[727251.54626,4371567.06362],[727268.56876,4371578.72852],[727284.86289,4371598.47735],[727301.9846,4371628.67117],[727493.22096,4372198.00047],[727539.023,4372322.08817],[727579.6845,4372442.59989],[727461.90832,4372483.09316],[727464.1693,4372492.54657],[727571.46099,4372794.80887],[727614.20747,4372923.55958],[727482.40671,4372967.3769],[727440.77064,4372940.72878],[727437.97104,4372932.57333],[727224.75433,4373008.56276],[727236.99145,4373043.67549],[726512.86571,4373283.2607],[726440.22212,4373074.09566],[726374.71504,4373028.58968],[726318.7876,4372954.19877]]]}},{"type":"Feature","properties":{"DPTOCRC":"05","NOMBRE":"ALFAHUIR","ZONA_COD":"0518","DEPARTAMENTO":"VALENCIA - CLINICO"},"geometry":{"type":"Polygon","coordinates":[[[726516.4714,4374294.58168],[726690.40713,4374128.58093],[726701.11354,4374123.99342],[726782.59507,4374051.5805],[726899.73006,4374047.103],[726869.89633,4373963.01462],[726999.84589,4373919.1609],[727014.2477,4373976.28108],[727022.02599,4374035.44109],[727144.28302,4374015.0797],[727150.61572,4374065.9679],[727356.52509,4374042.0957],[727575.21779,4374020.07901],[727561.1108,4373889.75341],[727571.15829,4373889.4502],[727568.7947,4373866.74849],[727571.1701,4373845.9431],[727566.66451,4373806.77139],[727554.7945,4373806.69343],[727560.3978,4373755.2476],[727552.0865,4373687.60047],[727567.78641,4373681.99943],[727569.3429,4373666.58009],[727581.10635,4373647.60101],[727802.77709,4373572.5806],[727986.96257,4373732.58122],[728327.05447,4374037.63003],[728512.4835185368,4374197.54406447],[728470.987010757,4374210.384093783],[728431.9524910422,4374218.482512465],[728424.7866993935,4374223.567588181],[728412.7943764421,4374250.089042295],[728388.7142241392,4374269.580778786],[728355.7157441187,4374282.362048448],[728261.8893333799,4374312.733892793],[728162.0930650708,4374338.380975724],[728121.4128999689,4374344.5127212955],[727933.2913316054,4374360.224194371],[727886.40601,4374366.0747],[727851.40693,4374375.07929],[727740.40666,4374427.07578],[727527.40817,4374636.07337],[727483.8887504056,4374688.379507333],[727478.2193781307,4374692.973140589],[727471.5516867721,4374703.207393902],[727418.41058,4374767.07756],[727382.5481144836,4374814.893547106],[727367.4854168027,4374826.686067926],[727333.2583939182,4374848.604417014],[727231.9633361322,4374932.841285526],[727214.1080445078,4374944.086477112],[726662.58064,4374512.07948],[726564.92624,4374434.04608],[726624.83954,4374381.677],[726571.16152,4374333.08337],[726541.53495,4374299.08119],[726516.4714,4374294.58168]]]}},{"type":"Feature","properties":{"DPTOCRC":"07","NOMBRE":"CAMPANAR (VALENCIA)","ZONA_COD":"0708","DEPARTAMENTO":"VALENCIA - LA FE"},"geometry":{"type":"Polygon","coordinates":[[[721229.3350049609,4374997.593055407],[721244.5840369088,4374966.38897016],[721253.9880357161,4374943.0519674895],[721278.7640295938,4374907.936035772],[721301.211012732,4374872.252005583],[721294.6919952171,4374868.713978244],[721360.5160016577,4374696.9249488115],[721482.894994131,4374454.393049872],[721451.1530106269,4374428.537948669],[721439.6920079575,4374421.169967205],[721441.6139592486,4374418.848992796],[721440.383973408,4374416.701049381],[721488.8940209503,4374388.873959492],[721482.9819708057,4374379.948047526],[721469.4919632729,4374312.713004148],[721464.0419651706,4374275.285005147],[721464.215026218,4374242.212046987],[721454.1520290003,4374188.464006365],[721450.1070277155,4374181.496999554],[721428.8712595016,4374192.736826461],[721377.7173674683,4374120.964943457],[721373.0386426942,4374085.384381882],[721434.40425,4374064.22931],[721483.493693415,4374030.323151458],[721593.565978583,4373975.929004215],[721720.8599634153,4373873.345000025],[721916.43326,4373730.16591],[722348.38247,4373526.1021],[722383.1375251632,4373515.158699714],[722444.5578177862,4373511.038451546],[722531.1218822619,4373487.862561094],[722640.8728359498,4373452.841164709],[722727.7888682274,4373418.077840771],[722722.5800755791,4373408.269621586],[722735.37454,4373404.24075],[722654.0811673712,4373285.210175479],[722628.9288868693,4373245.7547653355],[722492.2931660615,4373116.169061097],[722505.9303328734,4373097.595257034],[722568.7484458374,4373030.191117408],[722570.7201,4373016.046],[722569.5172854422,4373004.780729931],[722570.79781,4372984.95976],[722600.24732,4372941.97435],[722613.29711,4372919.52445],[722657.00862,4372817.63884],[722668.13754,4372807.69582],[722703.23586,4372791.10871],[722730.97777,4372780.0351],[722753.53866,4372773.73551],[722758.22853,4372770.60603],[722761.6485,4372763.6001],[722757.3677,4372739.38681],[722758.5679,4372701.86748],[722762.00431,4372688.39806],[722770.43362,4372672.71864],[722778.78503,4372663.15612],[722828.80514,4372620.74852],[722843.48504,4372612.74652],[722862.57635,4372597.75751],[722866.20536,4372598.63791],[722868.38435,4372594.78591],[722890.40475,4372583.55841],[722910.86417,4372574.8543],[722931.40508,4372568.6182],[722963.51398,4372560.4565],[723020.32537,4372549.3072],[723033.88274,4372542.62872],[723041.57121,4372533.7402],[723172.63503,4372577.9268],[723942.21683,4372788.0572],[724380.58885,4373060.82071],[724389.26846,4373065.00262],[724433.76305,4373095.25971],[724612.88575,4373158.47411],[724712.97995,4373215.37281],[724823.1829,4373289.76548],[724771.97548,4373365.12986],[724771.01694,4373364.53594],[724582.75929,4373695.42605],[724474.66809,4373899.00225],[724429.22729,4373972.59095],[724405.22494,4373974.09009],[724410.20985,4373988.58599],[724356.74516,4373996.66309],[724348.46315,4374010.61009],[724039.08294,4373818.70648],[724016.70693,4373802.08125],[723941.35174,4373925.82707],[723961.80519,4373937.95304],[723921.66489,4374004.09075],[723882.91759,4374077.09545],[723844.66169,4374138.42475],[723701.10768,4374386.09267],[723653.85588,4374352.09011],[723609.85666,4374359.09229],[723589.4181,4374396.59502],[723596.29599,4374448.09175],[723515.48289,4374580.59465],[723432.69639,4374720.39655],[723365.16252,4374838.1236],[723362.67198,4374836.59371],[723329.36365,4374843.59169],[723002.53203,4374649.72303],[722861.02386,4374892.32598],[722836.61306,4374906.59178],[722778.15565,4374947.48019],[722756.37323,4374960.0322],[722508.35383,4375039.33769],[722391.18035,4375102.59219],[722371.80642,4375110.5917],[722346.80462,4375116.0923],[722258.81019,4375103.7312],[721554.939,4375045.1165],[721545.30552,4375046.0975],[721532.05915,4375050.59899],[721489.74365,4375083.59439],[721468.18279,4375095.0979],[721462.6817,4375090.09678],[721478.80649,4374989.59818],[721362.4922,4374964.6009],[721234.9657169041,4375001.000282525],[721229.3350049609,4374997.593055407]]]}},{"type":"Feature","properties":{"DPTOCRC":"07","NOMBRE":"JUST RAMIREZ (VALENCIA)","ZONA_COD":"0709","DEPARTAMENTO":"VALENCIA - LA FE"},"geometry":{"type":"Polygon","coordinates":[[[724170.853,4374062.09287],[724176.33331,4374041.09495],[724237.20738,4373941.5992],[724348.46317,4374010.60986],[724356.74505,4373996.66291],[724410.20967,4373988.58582],[724405.22475,4373974.08991],[724429.22714,4373972.5908],[724474.66791,4373899.00215],[724582.75911,4373695.42595],[724771.01682,4373364.53573],[724771.97537,4373365.12966],[724823.18282,4373289.7654],[725046.98895,4373440.84862],[725158.67915,4373508.28471],[725241.91383,4373550.4276],[725310.40321,4373564.1243],[725356.76559,4373564.6546],[725419.19248,4373554.79544],[725425.8453,4373676.08719],[725442.6605,4373864.59649],[725453.1509,4373945.79897],[725490.23239,4374024.89636],[725695.28829,4374420.58315],[725702.85,4374442.58265],[725755.62279,4374538.41775],[725808.10129,4374649.58035],[725821.4258,4374668.01022],[725793.41327,4374664.582],[725771.91337,4374658.5856],[725268.60547,4374506.8749],[724643.96597,4374304.8126],[724504.37463,4374255.12492],[724501.41707,4374258.7004],[724499.51652,4374253.06647],[724411.21095,4374203.80659],[724170.853,4374062.09287]]]}},{"type":"Feature","properties":{"DPTOCRC":"07","NOMBRE":"TRINITAT (VALENCIA)","ZONA_COD":"0710","DEPARTAMENTO":"VALENCIA - LA FE"},"geometry":{"type":"Polygon","coordinates":[[[725419.1923,4373554.79548],[725456.85928,4373548.8457],[725540.09796,4373527.77551],[725742.39824,4373406.60342],[725845.65764,4373328.63402],[725978.41634,4373235.91102],[726055.33023,4373169.00902],[726180.71654,4373072.07112],[726315.58073,4372958.27823],[726318.78777,4372954.19872],[726374.71517,4373028.58953],[726440.22229,4373074.09555],[726655.44969,4373693.69107],[726691.6176,4373791.08288],[726698.2167,4373819.98017],[726722.4894,4373875.71978],[726750.6583,4373957.08418],[726638.65814,4374057.58361],[726701.11367,4374123.99358],[726690.40726,4374128.58109],[726516.47171,4374294.58164],[726541.53508,4374299.08103],[726571.16167,4374333.08323],[726624.83977,4374381.67708],[726564.92627,4374434.0461],[726322.2602,4374234.60694],[725933.23747,4374586.11887],[725930.03852,4374589.08433],[725931.45148,4374593.24186],[725847.90227,4374667.82817],[725834.03725,4374686.02219],[725808.10112,4374649.58046],[725755.62261,4374538.41784],[725702.84971,4374442.58255],[725695.28811,4374420.58324],[725490.23221,4374024.89645],[725453.1507,4373945.79903],[725442.6603,4373864.59651],[725425.8451,4373676.08721],[725419.1923,4373554.79548]]]}},{"type":"Feature","properties":{"DPTOCRC":"07","NOMBRE":"BENICALAP (VALENCIA)","ZONA_COD":"0711","DEPARTAMENTO":"VALENCIA - LA FE"},"geometry":{"type":"Polygon","coordinates":[[[723365.1624,4374838.12349],[723432.69621,4374720.39645],[723515.48271,4374580.59455],[723596.2958,4374448.09168],[723589.4179,4374396.59497],[723609.85651,4374359.09215],[723653.85592,4374352.0899],[723701.10757,4374386.09245],[723844.66151,4374138.42465],[723882.91741,4374077.09535],[723921.66471,4374004.09065],[723961.80496,4373937.95303],[723941.35151,4373925.82705],[724016.70687,4373802.081],[724039.08306,4373818.70632],[724237.20748,4373941.59924],[724176.33349,4374041.09504],[724170.87369,4374062.22374],[724411.21105,4374203.80641],[724499.51665,4374253.06631],[724501.41714,4374258.7001],[724504.37461,4374255.1247],[724643.96603,4374304.81241],[725118.40577,4374458.29062],[725110.1812,4374512.47243],[725090.21763,4374575.5447],[724937.46577,4374526.99763],[724884.1127,4374695.54523],[724856.24819,4374762.08843],[724838.26722,4374819.54853],[724961.86393,4374858.2143],[724977.72345,4374863.47971],[724996.87643,4374873.457],[725006.8135,4374875.36208],[724919.9232,4375149.40783],[724889.10948,4375240.08037],[724761.17114,4375201.08512],[724712.60988,4375270.58586],[724505.99274,4375523.60408],[724854.79896,4375776.58222],[724989.5446,4375870.76548],[724987.93459,4375871.69556],[724942.4369,4376096.56222],[724931.9595,4376140.37332],[724901.4853,4376328.47892],[724874.23489,4376402.44014],[724829.53519,4376503.86414],[724781.89489,4376581.88295],[724768.25549,4376608.41265],[724723.86319,4376710.19453],[724706.3733,4376775.02422],[724697.9154,4376817.99331],[724692.5945,4376867.56352],[724687.7165,4376892.30352],[724679.73745,4376915.57069],[724530.926,4376903.7834],[724341.92515,4376923.4552],[724337.15726,4376929.27578],[724322.59625,4376940.14029],[724301.14538,4376952.57797],[724300.08434,4376954.69749],[724277.73695,4376959.83609],[724272.06792,4376965.9026],[724234.33552,4376971.7908],[724163.25833,4376993.7577],[724120.50845,4376997.87239],[724121.9377,4376995.15696],[724115.04856,4376997.01039],[724077.42668,4377041.97866],[724038.63787,4377076.60238],[724014.32793,4377090.4671],[723940.85861,4377095.7209],[723926.51821,4377093.3695],[723924.61779,4377094.09897],[723922.4268,4377116.76593],[723917.67922,4377120.1126],[723907.74628,4377116.6721],[723834.49799,4377108.5214],[723715.14885,4377099.75239],[723709.67683,4377096.43037],[723707.3378,4377089.84982],[723707.9688,4377056.45123],[723704.98685,4377052.4988],[723662.68759,4377052.0505],[723621.77719,4377046.5412],[723602.66925,4377040.23969],[723595.22681,4377035.93082],[723589.35733,4377038.5913],[723547.34905,4377067.63009],[723498.02501,4377097.37125],[723510.42751,4377086.09065],[723588.39858,4376737.96246],[723438.39564,4376671.09148],[723453.39901,4376612.02715],[723521.1567464288,4376500.507439603],[723572.583941696,4376485.8474319335],[723653.0120069322,4376486.041011373],[723658.2385307129,4376484.878938533],[723746.4577977865,4376451.767812766],[723758.3829500393,4376444.11377621],[723771.6511041133,4376440.609136292],[723795.0109716603,4376430.719990599],[723792.4360282779,4376426.569320147],[723833.39556,4376416.08853],[723677.4575,4376090.14942],[723747.8817961867,4376020.365544265],[723802.1770297418,4376005.542971412],[723787.116927763,4375960.059698128],[723759.3017297384,4375728.042146716],[723833.1290037364,4375693.829988138],[723832.5981872517,4375681.255613564],[723831.5439963578,4375667.115986304],[723826.113032963,4375655.516075641],[723815.2333137596,4375612.096364476],[723805.0569296647,4375556.254319117],[723793.2809711205,4375517.03037862],[723786.4874754325,4375487.06035617],[723785.4593889674,4375483.9199568145],[723781.1980877699,4375482.463603877],[723779.7862606853,4375471.757617304],[723770.8769920378,4375469.096038689],[723767.020933281,4375469.722118971],[723629.0486428859,4375508.617264867],[723622.7757123793,4375484.439429791],[723620.6450500442,4375483.71129841],[723582.6815833057,4375488.929640117],[723581.25462,4375481.1853],[723468.4240213503,4375476.056321758],[723466.6633160098,4375474.634021947],[723465.3325262706,4375469.025015077],[723469.84998,4375463.67759],[723463.9456,4375454.08462],[723454.2657553308,4375382.697659833],[723452.32961,4375379.40649],[723438.5070795534,4375374.885364638],[723506.59693,4375302.96643],[723724.16486,4375055.68781],[723602.08773,4374963.31395],[723581.11258,4374998.0868],[723522.23645,4374962.08979],[723423.61285,4374909.09199],[723417.17351,4374870.08816],[723365.1624,4374838.12349]]]}},{"type":"Feature","properties":{"DPTOCRC":"07","NOMBRE":"SALVADOR ALLENDE (VALENCIA)","ZONA_COD":"0712","DEPARTAMENTO":"VALENCIA - LA FE"},"geometry":{"type":"Polygon","coordinates":[[[725365.891,4375112.58527],[725391.69747,4375025.8731],[725563.83562,4375080.85867],[725568.8364,4375050.29088],[725575.89767,4375028.41807],[725495.9358,4375003.19147],[725617.8096,4374627.62077],[725620.97155,4374613.10421],[725793.41332,4374664.5818],[725821.42572,4374668.0101],[725834.0373,4374686.02193],[725847.90213,4374667.82803],[725931.45128,4374593.24177],[725930.0383,4374589.08428],[725933.23733,4374586.11873],[726322.26022,4374234.6067],[726507.66156,4374387.57862],[726662.58076,4374512.07932],[727214.1082244887,4374944.086363761],[727197.0284521765,4374966.294018799],[727190.207096427,4374985.975748361],[727191.7229237243,4374993.545630435],[727211.5214706184,4375011.290096422],[727183.41262,4375059.0768],[727311.413,4375252.07217],[727318.053764863,4375306.145479254],[727292.3199384782,4375318.247911092],[727264.7408677653,4375344.636162885],[727264.3608233946,4375351.84877569],[727278.6776461973,4375372.479609731],[727271.4122,4375384.07563],[727268.4138,4375408.07198],[727281.41089,4375433.07375],[727411.4138,4375613.07383],[727357.40997,4375643.07168],[727333.41369,4375674.07025],[727330.4834900369,4375683.837242193],[727278.8094861,4375720.6826439],[727286.7533739991,4375740.51737734],[727294.9621122498,4375737.608347744],[727314.1767416388,4375774.733311411],[727317.528822852,4375793.257235907],[727322.4124,4375804.07349],[727315.6038037331,4375835.063744996],[727276.9380503062,4375855.591714507],[727194.8219006127,4375893.271486919],[727119.7891654008,4375922.974066424],[727079.4581986478,4375941.929567314],[727046.8961178,4375950.745102866],[727031.2381847049,4375958.8011352075],[727015.4375272293,4375969.55260271],[727013.0000391093,4375973.000046904],[726983.4365477423,4375968.673253158],[726973.3293376414,4375965.5000310615],[726911.42935,4375812.00875],[726873.8666772452,4375837.157016138],[726848.9816260536,4375809.225546055],[726801.8668506625,4375842.8366397],[726760.9682320589,4375875.758671808],[726743.8796073328,4375897.3022748595],[726722.6351423799,4375918.127223914],[726692.8758190772,4375938.138080238],[726614.9876059724,4375980.032595239],[726518.8410478013,4376013.062547394],[726513.4620224615,4375990.4799155025],[726461.5662752603,4375992.397585285],[726423.5080470428,4376011.313542922],[726407.6058177778,4376023.805229704],[726395.2772390351,4376028.98023868],[726383.3060002895,4376031.478696726],[726356.8619049627,4376049.680733638],[726334.4837072408,4376055.435782111],[726326.800589293,4376062.217037521],[726322.7077117636,4376070.92571147],[726313.62451,4376050.04454],[726296.536,4375998.14393],[726238.22941,4375772.07784],[726207.30901,4375720.15034],[726155.8346,4375621.27733],[726127.4655,4375509.98872],[726110.54472,4375381.04302],[725865.75263,4375464.1022],[725825.47283,4375475.9564],[725761.12512,4375490.4707],[725700.28331,4375499.5435],[725626.2566,4375504.3793],[725572.74679,4375504.2445],[725489.1352,4375495.8378],[725456.72777,4375498.4409],[725532.167,4375281.14418],[725549.02919,4375173.86037],[725365.891,4375112.58527]]]}},{"type":"Feature","properties":{"DPTOCRC":"07","NOMBRE":"JUAN XXIII (VALENCIA)","ZONA_COD":"0713","DEPARTAMENTO":"VALENCIA - LA FE"},"geometry":{"type":"Polygon","coordinates":[[[723377.4595,4377207.03008],[723498.02505,4377097.37111],[723547.34895,4377067.62992],[723589.35724,4377038.59112],[723595.22678,4377035.9306],[723602.66934,4377040.23951],[723621.77722,4377046.541],[723662.68761,4377052.0503],[723704.98694,4377052.49861],[723707.969,4377056.45118],[723707.338,4377089.84978],[723709.67698,4377096.43023],[723715.14893,4377099.7522],[723834.49801,4377108.5212],[723907.74633,4377116.6719],[723917.67919,4377120.11238],[723922.4266,4377116.76584],[723924.6176,4377094.09887],[723926.51818,4377093.3693],[723940.85861,4377095.7207],[724014.32787,4377090.4669],[724038.63774,4377076.60222],[724077.42653,4377041.97853],[724115.04847,4376997.0102],[724121.93787,4376995.1567],[724120.50867,4376997.87218],[724163.25828,4376993.7575],[724234.33547,4376971.7906],[724272.06781,4376965.90241],[724277.73685,4376959.83591],[724300.08423,4376954.69731],[724301.14523,4376952.57782],[724322.59614,4376940.14012],[724337.15713,4376929.27563],[724341.92507,4376923.455],[724530.92599,4376903.7832],[724679.73733,4376915.57049],[724687.7163,4376892.30347],[724692.5943,4376867.56348],[724697.9152,4376817.99328],[724706.3731,4376775.02418],[724723.86301,4376710.19446],[724768.25531,4376608.41255],[724781.89471,4376581.88285],[724829.53501,4376503.86405],[724874.23471,4376402.44006],[724901.4851,4376328.47887],[724931.9593,4376140.37328],[724942.4367,4376096.56218],[724987.9344,4375871.69548],[724989.54431,4375870.76549],[724854.79884,4375776.58238],[724505.9925,4375523.60407],[724712.60972,4375270.58574],[724761.17105,4375201.08491],[724889.10934,4375240.08018],[724919.923,4375149.40777],[725006.81327,4374875.36218],[724996.87635,4374873.45719],[724977.72336,4374863.47989],[724961.86387,4374858.2145],[724838.267,4374819.54863],[724856.248,4374762.08837],[724884.11251,4374695.54517],[724937.46565,4374526.99741],[725090.21753,4374575.54447],[725110.181,4374512.47238],[725118.40571,4374458.2906],[725268.60553,4374506.8747],[725620.97168,4374613.10423],[725617.8098,4374627.62083],[725495.93603,4375003.19143],[725575.89789,4375028.41795],[725568.8366,4375050.29092],[725563.83579,4375080.85885],[725391.69757,4375025.87333],[725365.89122,4375112.58524],[725549.0294,4375173.86028],[725532.1672,4375281.14422],[725456.72794,4375498.44069],[725489.13521,4375495.8376],[725572.7468,4375504.2443],[725626.2566,4375504.3791],[725700.28329,4375499.5433],[725761.12508,4375490.4705],[725825.47277,4375475.9562],[725865.75257,4375464.102],[726110.54485,4375381.04281],[726127.4657,4375509.98868],[726155.83479,4375621.27726],[726207.30919,4375720.15025],[726238.2296,4375772.07777],[726296.5362,4375998.14387],[726313.62469,4376050.04446],[726322.7078233149,4376070.925474115],[726309.3829156812,4376123.732445295],[726300.4158964036,4376131.679144849],[726278.5689898303,4376142.332082404],[726269.7485199198,4376154.357736112],[726231.5895057676,4376189.059316008],[726219.4096989528,4376204.5143949995],[726201.4833472024,4376236.244916342],[726180.6930268604,4376258.908363037],[726144.8534140484,4376293.601560195],[726140.519152628,4376317.572731097],[726133.2395237477,4376333.093029797],[726112.8386235667,4376346.860167219],[726122.1629512529,4376358.277005132],[726151.0963962319,4376378.504870974],[726154.8937989975,4376383.020010049],[726155.0746616127,4376387.535212993],[726150.1921389971,4376394.217600046],[726122.7166832474,4376417.681442928],[726086.6526268953,4376463.204459312],[726055.6579283908,4376486.839648372],[726038.9039286068,4376494.787747163],[726033.0401778056,4376505.245861074],[726021.1029917228,4376520.096244733],[726013.1859000259,4376541.2345663775],[726005.4681314157,4376546.234400207],[725985.4437623053,4376547.48430138],[725974.8057944779,4376553.942468601],[725969.1739337813,4376571.858401747],[725958.1187062473,4376586.441216294],[725942.4747447611,4376590.399396875],[725912.6939272886,4376611.655607131],[725917.7824309781,4376625.918286383],[725931.3091876347,4376645.086041991],[725941.844388276,4376652.812365486],[726046.5121427081,4376685.281186757],[726058.983556276,4376687.903412736],[726097.3166910547,4376691.705768312],[726112.0727245671,4376695.297184534],[726141.2163353821,4376721.126382641],[726171.3192083456,4376737.832477606],[726185.9409585946,4376754.991431765],[726198.7728011297,4376780.10182633],[726254.1534375487,4376815.193991746],[726269.1940609134,4376818.293110112],[726266.5394371977,4376824.223891499],[726307.349157203,4376840.383584942],[726324.8003046252,4376864.995760508],[726332.2531288092,4376887.2291581435],[726341.382005309,4376905.982783474],[726382.0608062712,4376965.625185537],[726274.4176725677,4377045.09828651],[726220.4179863317,4377095.098533113],[726176.4182261144,4377150.098710497],[726101.4187127647,4377275.099187847],[725980.4195300039,4377495.100117769],[725949.4197705559,4377563.100347514],[725879.4204963463,4377869.101424528],[725855.4207927997,4378044.102097356],[725740.421719831,4378379.103263316],[725719.421937143,4378466.10352757],[725913.4210036142,4378479.103656002],[725935.4209757001,4378493.103676586],[725954.4208960487,4378517.103716825],[725976.4209073049,4378605.104049176],[725707.45487,4378667.02369],[725640.42403,4378689.0831],[725592.42319,4378692.0853],[725535.42332,4378687.0846],[725501.42248,4378705.08677],[725490.4251,4378730.08682],[725489.4216,4378769.08692],[725478.42368,4378793.08556],[725415.42337,4378825.08798],[725401.4235,4378845.08454],[725396.42199,4378879.08565],[725380.42305,4378899.08879],[725346.42262,4378918.09],[725297.42229,4378928.0868],[724761.42541,4378899.0918],[724766.427220277,4378998.105245121],[724798.4248816393,4379089.0990727125],[724801.4265084967,4379140.093450257],[724789.4235090876,4379224.105661483],[724670.42474,4379217.96448],[724649.41221,4379127.96686],[724623.4280106078,4379086.105458108],[724578.4281901383,4379061.105347786],[724536.44117,4379057.96686],[724514.4285078774,4379079.105411105],[724508.4286027619,4379114.105471134],[724511.4286309984,4379169.105608162],[724506.4406420116,4379202.027360012],[724364.4415099149,4379159.109277142],[724389.4291893282,4379098.105441342],[724407.45779,4378991.09363],[724346.7714558339,4378924.24864526],[724342.429145117,4378917.1048159],[724310.4293136736,4378884.104717776],[724268.4294930797,4378859.104621073],[724220.4296697094,4378844.104551034],[724145.4299987302,4378836.104533821],[724006.4883358637,4378844.1012817165],[724103.4299036233,4378581.103802887],[723971.44381,4378532.96731],[723928.4306769536,4378529.1036066525],[723897.430850181,4378549.10367201],[723875.4130918218,4378569.223541761],[723828.56761,4378498.83185],[723801.87827,4378454.63194],[723738.58706,4378508.18578],[723678.52777,4378563.53527],[723673.44026,4378570.38178],[723666.39936,4378573.90428],[723647.02936,4378589.35498],[723642.83939,4378593.49396],[723640.50898,4378599.30597],[723594.84248,4378641.3479],[723537.15451,4378557.00485],[723481.49421,4378450.92035],[723490.4327131639,4378438.10332118],[723685.4316115987,4378316.103010873],[723704.4314842164,4378297.102963821],[723771.3749868687,4378123.148856281],[723834.4305870548,4378084.10241543],[723835.4305031929,4378050.102297439],[723822.4305592412,4378024.10229636],[723791.4307008768,4378014.102189116],[723638.39901,4378022.96855],[723565.0454992629,4377882.347548221],[723538.201666988,4377812.557307022],[723531.0079904922,4377805.011965399],[723442.430877803,4377598.886781642],[723377.4595,4377207.03008]]]}},{"type":"Feature","properties":{"DPTOCRC":"07","NOMBRE":"ALBAL","ZONA_COD":"0714","DEPARTAMENTO":"VALENCIA - LA FE"},"geometry":{"type":"Polygon","coordinates":[[[727737.6548587559,4360567.530382266],[727807.09079,4360598.33545],[727792.6314653611,4360613.987063997],[727770.9741123613,4360607.089295299],[727737.6548587559,4360567.530382266]]]}},{"type":"Feature","properties":{"DPTOCRC":"07","NOMBRE":"CATARROJA","ZONA_COD":"0716","DEPARTAMENTO":"VALENCIA - LA FE"},"geometry":{"type":"MultiPolygon","coordinates":[[[[727792.6312581528,4360613.986998003],[727807.12322,4360598.2123],[727937.4501717162,4360660.111165116],[727792.6312581528,4360613.986998003]]],[[[728133.1050156779,4360933.31773601],[728236.029952475,4360997.399921247],[728176.1049885586,4360960.317675542],[728133.1050156779,4360933.31773601]]]]}},{"type":"Feature","properties":{"DPTOCRC":"07","NOMBRE":"MASSANASSA","ZONA_COD":"0717","DEPARTAMENTO":"VALENCIA - LA FE"},"geometry":{"type":"MultiPolygon","coordinates":[[[[728668.101668292,4360947.091032338],[728804.06908,4360738.2154],[729060.0855,4360848.21798],[728804.1018047095,4360738.294638813],[728668.101668292,4360947.091032338]]],[[[728873.1107887251,4361299.281867944],[728939.920188894,4361138.147196948],[728873.1313698657,4361299.292101643],[728873.1107887251,4361299.281867944]]]]}},{"type":"Feature","properties":{"DPTOCRC":"07","NOMBRE":"SILLA","ZONA_COD":"0718","DEPARTAMENTO":"VALENCIA - LA FE"},"geometry":{"type":"MultiPolygon","coordinates":[[[[724198.148179404,4356833.225750346],[724198.1666592602,4356833.105615292],[724413.1112,4356863.11043],[724198.148179404,4356833.225750346]]],[[[724230.3309642157,4356624.009803597],[724242.1407420827,4356547.236029302],[724242.1604988577,4356547.23693981],[724230.3309642157,4356624.009803597]]],[[[724282.1464055979,4357049.230955157],[724367.7577962874,4357008.417941396],[724367.17214,4357010.29419],[724282.17473,4357049.35505],[724362.1753643384,4357241.230541823],[724291.1461301639,4357097.232129183],[724282.1464055979,4357049.230955157]]],[[[724295.3349294399,4356549.6875303425],[724394.1371284905,4356554.240916828],[724444.1087327236,4356387.494680577],[724394.12017,4356554.36388],[724295.3349294399,4356549.6875303425]]],[[[724374.3801000875,4357238.746670678],[724701.15172,4357172.1807],[724735.1359,4357258.12122],[724701.1361723416,4357172.246256743],[724374.3801000875,4357238.746670678]]],[[[724543.1399451273,4357324.243803279],[724631.9209222416,4357293.7268246],[724543.1816378243,4357324.338775242],[724543.1399451273,4357324.243803279]]],[[[724543.4292649847,4357324.90284615],[724667.17007,4357533.12232],[724692.4254605685,4357541.061301885],[724667.137003272,4357533.250621079],[724561.139434993,4357365.244913941],[724543.4292649847,4357324.90284615]]],[[[724843.1331981893,4357719.258245495],[724843.226156206,4357719.145919818],[724843.1574663422,4357719.276159041],[724843.1331981893,4357719.258245495]]],[[[724843.5388388395,4357719.557669282],[724951.6367119685,4357763.217467414],[724885.1322824311,4357750.259884125],[724843.5388388395,4357719.557669282]]],[[[724881.9919494401,4357645.644147018],[724882.1307289663,4357645.262491439],[724882.164,4357645.31793],[724881.9919494401,4357645.644147018]]],[[[725087.1285358416,4358103.269516621],[725095.6860573598,4357954.038276468],[725087.162,4358103.13984],[725203.0990263156,4358167.258115254],[725087.1285358416,4358103.269516621]]],[[[725203.1287380027,4358168.031074387],[725220.1283323944,4358610.281010574],[725204.1269622785,4358480.276679596],[725203.1287380027,4358168.031074387]]],[[[725218.1282258639,4359062.283227449],[725218.1309501859,4359062.271320736],[725218.1499318752,4359062.3099639],[725218.1282258639,4359062.283227449]]],[[[725301.1265606559,4359231.234834972],[725522.15977,4359371.28773],[725515.1341951765,4359489.303224457],[725513.1245520201,4359402.291378749],[725522.1242754937,4359371.291288067],[725416.1257472745,4359316.289075045],[725301.1265606559,4359231.234834972]]],[[[725515.3275563191,4359489.533423755],[725666.2422314967,4359582.295076686],[725586.124109169,4359558.293742533],[725557.1244249619,4359539.293213699],[725515.3275563191,4359489.533423755]]],[[[725885.8094951872,4359732.007363939],[726145.7800561466,4359787.564991366],[726012.1189484292,4359772.301019098],[725910.1202322303,4359746.299523098],[725885.8094951872,4359732.007363939]]],[[[726480.8659045275,4360065.256225603],[726567.14565,4360283.18446],[727143.06543,4360003.1991],[727393.0544784085,4360293.258488233],[727143.1051878718,4360003.315480462],[726567.1152219938,4360283.308774744],[726480.8659045275,4360065.256225603]]],[[[727353.1075062698,4360463.315775961],[727353.129450258,4360463.219054372],[727354.4792982781,4360463.565196482],[727353.1075062698,4360463.315775961]]],[[[727354.8723801211,4360455.536816132],[727380.1057996391,4360344.31654018],[727392.267822014,4360296.601868772],[727354.8723801211,4360455.536816132]]]]}},{"type":"Feature","properties":{"DPTOCRC":"09","NOMBRE":"PAIPORTA","ZONA_COD":"0904","DEPARTAMENTO":"VALENCIA HOSPITAL GENERAL"},"geometry":{"type":"MultiPolygon","coordinates":[[[[721993.4043202408,4368250.22448972],[721999.1019905668,4368243.755032134],[722020.1711856939,4368261.865051843],[721993.4043202408,4368250.22448972]]],[[[722135.0783184029,4368311.836671384],[722159.3196064263,4368319.194697357],[722267.8828779217,4368336.183956553],[722162.23579,4368323.6471],[722135.0783184029,4368311.836671384]]],[[[723070.7093482877,4368431.456001751],[723239.3377434565,4368433.167440514],[723349.3391023112,4368460.165735207],[723422.4184152262,4368473.194231141],[723070.7093482877,4368431.456001751]]],[[[723495.0267727303,4368481.810853702],[723515.3402749375,4368480.1636848],[723519.5562441967,4368465.933648667],[723518.26005,4368484.56799],[723495.0267727303,4368481.810853702]]],[[[723549.3211387026,4367951.180515556],[723566.3137657767,4367747.186915522],[723584.6159127526,4367685.847636676],[723569.2529,4367751.46031],[723549.8457187092,4368030.47130957],[723549.3211387026,4367951.180515556]]]]}},{"type":"Feature","properties":{"DPTOCRC":"09","NOMBRE":"PICANYA","ZONA_COD":"0905","DEPARTAMENTO":"VALENCIA HOSPITAL GENERAL"},"geometry":{"type":"MultiPolygon","coordinates":[[[[721248.7540404567,4369370.268948359],[721251.506961942,4369361.670006501],[721269.2759632773,4369340.243034139],[721326.7619993577,4369281.790038559],[721370.8230079211,4369240.855967448],[721406.1732704891,4369221.047029597],[721252.5899509578,4369383.776007856],[721248.7540404567,4369370.268948359]]],[[[721680.775262166,4368656.052694826],[721681.9499606774,4368651.279018663],[721688.6389771703,4368640.441975581],[721711.8687011336,4368607.982630531],[721680.775262166,4368656.052694826]]],[[[721789.9117988895,4368487.328986176],[721857.1210230576,4368370.083034251],[721900.562767255,4368316.263985317],[721789.9117988895,4368487.328986176]]]]}},{"type":"Feature","properties":{"DPTOCRC":"09","NOMBRE":"XIRIVELLA","ZONA_COD":"0909","DEPARTAMENTO":"VALENCIA HOSPITAL GENERAL"},"geometry":{"type":"MultiPolygon","coordinates":[[[[721001.3453780164,4370020.183947796],[721005.1594200686,4369986.942841145],[721003.3463870693,4370060.183543966],[721001.3453780164,4370020.183947796]]],[[[721003.3715476498,4370060.20870286],[721441.6959679017,4370153.912086171],[721233.3501863915,4370121.177428677],[721164.3488583643,4370097.179301078],[721042.3470280106,4370084.182076214],[721019.3465754725,4370076.1826602705],[721003.3715476498,4370060.20870286]]],[[[721443.5003838283,4370154.152063463],[721507.6170637053,4370106.454776903],[721494.3537586939,4370139.171601456],[721479.3537506461,4370149.171744073],[721443.5003838283,4370154.152063463]]],[[[721531.4772269658,4370088.704870846],[721532.41117,4370088.0101],[721532.897985594,4370088.051712861],[721531.4772269658,4370088.704870846]]],[[[722030.4751572193,4370205.241453398],[722072.7170020693,4370225.041071322],[722048.3619466167,4370218.158851115],[722030.4751572193,4370205.241453398]]],[[[722106.103674334,4372002.340271571],[722113.76896,4372004.04552],[722115.44857,4372010.41507],[722106.103674334,4372002.340271571]]],[[[722317.3683594929,4370432.15070185],[722327.3677487918,4370382.151112406],[722320.2219021444,4370341.051687642],[722346.6140727971,4370477.420804622],[722323.3686155863,4370448.15041637],[722317.3683594929,4370432.15070185]]],[[[722436.6436728376,4370945.208076874],[722479.2214,4371075.60509],[722474.8686341166,4371082.8151097335],[722436.6436728376,4370945.208076874]]],[[[722550.878210628,4371346.714991522],[722569.54909,4371348.68485],[722579.44137,4371378.58768],[722559.6197450309,4371377.055388918],[722550.878210628,4371346.714991522]]],[[[722560.8736021654,4371381.407316393],[722578.94569,4371406.01586],[722605.6649,4371475.38919],[722607.537,4371491.32461],[722604.4585133289,4371523.5274013635],[722597.385503543,4371508.133992336],[722560.8736021654,4371381.407316393]]]]}},{"type":"Feature","properties":{"DPTOCRC":"09","NOMBRE":"NAPOLES Y SICILIA","ZONA_COD":"0910","DEPARTAMENTO":"VALENCIA HOSPITAL GENERAL"},"geometry":{"type":"Polygon","coordinates":[[[725023.3403,4372494.937],[725024.0199,4372444.98629],[725025.9162,4372418.90549],[725032.658,4372381.62768],[725078.53602,4372245.35824],[725275.71225,4372069.37791],[725326.37155,4372040.68541],[725373.18436,4372021.89931],[725420.41528,4372006.2072],[725795.12058,4371911.5681],[725821.60142,4371906.12051],[725821.90852,4371904.918],[725993.83697,4372063.43583],[726141.28371,4372203.04437],[726142.56978,4372202.86444],[726345.44999,4372441.39865],[726331.78167,4372454.35018],[726395.04465,4372489.79461],[726394.56122,4372491.18315],[726491.81285,4372539.48241],[726570.7001,4372590.91342],[726440.96628,4372791.27276],[726398.81918,4372852.38266],[726315.58086,4372958.27838],[726180.71666,4373072.07128],[726055.33036,4373169.00918],[725978.41647,4373235.91118],[725845.65776,4373328.63418],[725742.39835,4373406.60359],[725638.86388,4373468.6172],[725565.89328,4373348.00976],[725525.4654,4373289.48213],[725504.93153,4373219.67873],[725487.57307,4373225.2308],[725477.94756,4373207.47294],[725442.62778,4373229.4909],[725424.32256,4373202.55572],[725404.46113,4373210.93417],[725395.48655,4373190.49343],[725368.84226,4373201.59338],[725365.29131,4373205.63233],[725366.02825,4373208.40089],[725311.4329,4373228.56792],[725297.7561,4373186.01273],[725290.8749,4373145.25552],[725292.03389,4373145.00392],[725285.9674,4373070.35689],[725330.93278,4373064.42772],[725326.6645,4373030.1075],[725329.92088,4373007.99523],[725326.2424,4373008.83708],[725330.39191,4373004.79005],[725334.8972,4372974.0398],[725330.338,4372945.72002],[725317.84532,4372909.60188],[725259.6328,4372900.14263],[725268.0537,4372812.08707],[725290.41355,4372806.11294],[725274.61541,4372776.10385],[725266.34931,4372751.98894],[725256.1581,4372731.70363],[725251.2754,4372698.28881],[725258.2427,4372663.77999],[725258.7624,4372627.46318],[725264.77532,4372610.09424],[725276.52272,4372592.78434],[725295.05715,4372575.12631],[725315.02905,4372563.02681],[725328.90834,4372561.33122],[725305.67327,4372520.58084],[725290.52243,4372530.51729],[725270.98439,4372537.5853],[725166.29089,4372523.6653],[725031.94597,4372510.43],[725023.64742,4372508.60696],[725023.3403,4372494.937]]]}},{"type":"Feature","properties":{"DPTOCRC":"09","NOMBRE":"GUILLEM DE CASTRO","ZONA_COD":"0911","DEPARTAMENTO":"VALENCIA HOSPITAL GENERAL"},"geometry":{"type":"Polygon","coordinates":[[[723962.5083,4372800.68507],[724042.28501,4372651.48065],[724448.47544,4371978.98762],[724667.98936,4372107.06976],[724724.37811,4372010.0032],[724991.41407,4372172.48946],[725021.89385,4372121.90171],[725082.3992,4372241.54927],[725078.53622,4372245.35833],[725032.6582,4372381.62773],[725026.6534,4372409.99251],[725024.0201,4372444.9863],[725023.6476,4372508.60682],[725050.57051,4372512.6187],[725166.29091,4372523.6651],[725270.98439,4372537.5851],[725290.52235,4372530.51711],[725305.67332,4372520.5806],[725328.90859,4372561.33125],[725315.02913,4372563.027],[725295.05726,4372575.12648],[725276.52288,4372592.78447],[725264.77549,4372610.09435],[725258.7626,4372627.46322],[725258.2429,4372663.78002],[725251.2756,4372698.2888],[725256.1583,4372731.70357],[725266.34949,4372751.98885],[725274.61559,4372776.10376],[725290.4138,4372806.11297],[725268.05389,4372812.08718],[725259.63301,4372900.14251],[725317.84545,4372909.60171],[725330.3382,4372945.71998],[725334.8974,4372974.03978],[725330.3921,4373004.79011],[725326.24282,4373008.83692],[725329.9211,4373007.99508],[725326.6647,4373030.10751],[725330.93298,4373064.42786],[725285.96761,4373070.357],[725292.0341,4373145.00399],[725290.87511,4373145.25558],[725297.7563,4373186.01268],[725311.43307,4373228.56777],[725366.02808,4373208.40074],[725365.29111,4373205.63225],[725368.84212,4373201.59323],[725395.48658,4373190.4932],[725404.46125,4373210.93397],[725424.32262,4373202.5555],[725442.62783,4373229.49067],[725477.94758,4373207.4727],[725487.57315,4373225.23058],[725504.93165,4373219.67851],[725525.46559,4373289.48206],[725565.89339,4373348.00955],[725638.864,4373468.61712],[725540.09805,4373527.77569],[725456.85932,4373548.8459],[725356.76562,4373564.6548],[725310.40318,4373564.1245],[725241.91375,4373550.42779],[725158.67905,4373508.28489],[725046.98885,4373440.84879],[724712.97985,4373215.37299],[724612.88566,4373158.47429],[724433.76294,4373095.25988],[724389.26835,4373065.00279],[724380.58876,4373060.82089],[723962.5083,4372800.68507]],[[724999.85441,4372837.00997],[725022.27529,4373046.53159],[725138.7693,4373030.68171],[725142.0861,4372920.75799],[725139.0306,4372920.59402],[725140.6727,4372869.57687],[725064.43378,4372850.0088],[725037.92025,4372845.60539],[725036.6545,4372816.59356],[725026.53753,4372810.29817],[725014.52794,4372797.09879],[725006.17408,4372795.08192],[724999.85441,4372837.00997]]]}},{"type":"Feature","properties":{"DPTOCRC":"09","NOMBRE":"GIL Y MORTE (VALENCIA)","ZONA_COD":"0912","DEPARTAMENTO":"VALENCIA HOSPITAL GENERAL"},"geometry":{"type":"Polygon","coordinates":[[[724448.4754,4371978.98769],[724524.39393,4371853.57451],[724566.55781,4371766.65995],[724804.03247,4371378.22516],[725014.82241,4371021.52855],[725129.78162,4371089.7955],[725156.10648,4371086.78691],[725116.89981,4370848.63705],[725217.79371,4370680.76915],[725244.22902,4370646.94874],[725271.96285,4370617.49621],[725309.19925,4370597.51571],[725338.51885,4370587.54411],[725515.8434,4371239.56947],[725687.54789,4371938.81104],[725420.41532,4372006.2074],[725373.18443,4372021.89949],[725326.37164,4372040.68559],[725275.71236,4372069.37808],[725082.39911,4372241.5494],[725021.89379,4372121.90201],[724991.41405,4372172.48969],[724724.37814,4372010.00344],[724667.98939,4372107.07],[724448.4754,4371978.98769]]]}},{"type":"Feature","properties":{"DPTOCRC":"09","NOMBRE":"NOU MOLES","ZONA_COD":"0913","DEPARTAMENTO":"VALENCIA HOSPITAL GENERAL"},"geometry":{"type":"Polygon","coordinates":[[[722157.007994076,4372037.398077123],[723138.79009,4372142.6458],[724035.03788,4371941.2736],[724068.13718,4371938.08901],[724523.8166,4371853.61958],[724042.28524,4372651.48067],[723962.50842,4372800.6852],[723942.21676,4372788.05739],[723172.63497,4372577.927],[723041.57115,4372533.74039],[723049.32379,4372443.54489],[722890.40339,4372435.1496],[722793.95887,4372424.9408],[722785.14428,4372422.6204],[722699.90227,4372415.06],[722605.32002,4372282.34307],[722588.86634,4372267.08328],[722564.56476,4372253.95809],[722478.60994,4372219.89038],[722417.56254,4372179.67868],[722374.59924,4372147.56268],[722306.2969570776,4372107.218179924],[722306.1266575914,4372103.935060206],[722285.3172512413,4372095.178108873],[722261.43067,4372081.186],[722249.8636290884,4372079.90521749],[722157.007994076,4372037.398077123]]]}},{"type":"Feature","properties":{"DPTOCRC":"09","NOMBRE":"VIRGEN DE LA FUENSANTA (VALENCIA)","ZONA_COD":"0914","DEPARTAMENTO":"VALENCIA HOSPITAL GENERAL"},"geometry":{"type":"Polygon","coordinates":[[[722097.6611652428,4371994.9162246855],[722146.388146658,4371954.135999721],[722424.3883242204,4371832.133355457],[722638.3893026535,4371784.130545448],[722690.3893420702,4371760.129976154],[722700.3892614176,4371744.130029804],[722706.3889639238,4371716.130220409],[722673.3876169148,4371633.131569376],[722614.386063677,4371545.133315644],[722604.4583467776,4371523.527038887],[722607.5368,4371491.3246],[722605.6647,4371475.38922],[722578.94551,4371406.01595],[722560.8737614298,4371381.407869173],[722559.6196850779,4371377.055180832],[722579.44116,4371378.58749],[722569.54893,4371348.68499],[722550.8782703398,4371346.715198771],[722474.8685586841,4371082.814843754],[722479.22119,4371075.60509],[722437.4204,4370949.24492],[722428.1489054591,4370899.6142274225],[722876.03738,4370169.50361],[722869.84041,4370161.94025],[722870.73548,4370160.4921],[722947.63237,4370235.69343],[723235.47407,4370533.95373],[723253.16877,4370552.56603],[723312.00847,4370624.07733],[723350.23678,4370652.97844],[723453.00648,4370783.03514],[723453.7767,4370796.22456],[723906.85279,4371374.13335],[723896.62631,4371491.85811],[723911.62171,4371491.6635],[724004.12585,4371499.35111],[724145.9348,4371675.18037],[724091.1356,4371838.55463],[724090.39856,4371840.59268],[724088.33408,4371841.10468],[724063.7997,4371912.25381],[724068.13733,4371938.0892],[724035.03792,4371941.2738],[723138.79012,4372142.646],[722157.0083840697,4372037.398321105],[722118.7604904007,4372013.470232448],[722115.3163338163,4372010.441561743],[722113.76882,4372004.04568],[722106.1039837628,4372002.3405436715],[722097.6611652428,4371994.9162246855]]]}},{"type":"Feature","properties":{"DPTOCRC":"09","NOMBRE":"SAN ISIDRO (VALENCIA)","ZONA_COD":"0915","DEPARTAMENTO":"VALENCIA HOSPITAL GENERAL"},"geometry":{"type":"Polygon","coordinates":[[[722870.7354,4370160.49218],[723208.23315,4369615.38881],[723263.53219,4369719.86295],[723293.17968,4369768.24845],[723341.40248,4369843.11224],[723408.73338,4369933.58184],[723474.61038,4370030.08044],[723865.6273,4370471.01632],[723756.03147,4370572.98027],[723503.46918,4370737.82187],[723486.15947,4370770.57728],[723453.00637,4370783.0353],[723350.23663,4370652.97857],[723312.00832,4370624.07746],[723253.16859,4370552.56613],[723235.47393,4370533.95387],[722947.63223,4370235.69357],[722870.7354,4370160.49218]]]}},{"type":"Feature","properties":{"DPTOCRC":"10","NOMBRE":"ALFAFAR","ZONA_COD":"1003","DEPARTAMENTO":"VALENCIA - DR. PESET"},"geometry":{"type":"MultiPolygon","coordinates":[[[[723644.3592299783,4367493.979082923],[723647.6929208086,4367471.020986308],[723650.585216241,4367466.327316377],[723653.9937306602,4367464.6480569355],[723666.4888951394,4367464.563831051],[723682.5993365451,4367467.583370037],[723712.4584430077,4367465.888988255],[723724.2201258874,4367467.339022463],[723786.6163051077,4367466.694173915],[723803.526384188,4367474.847347264],[723814.943026178,4367478.420016847],[723826.8095696392,4367486.07282972],[723840.704128616,4367488.251129912],[723896.2783886194,4367526.959849518],[723909.8121303301,4367556.568091619],[723978.429073109,4367549.327600673],[723989.3893553286,4367557.642750535],[723998.0042052825,4367557.669246121],[724017.3535314777,4367561.893941982],[724040.4340732915,4367517.456084951],[724046.2786184985,4367494.072873874],[724056.5804426643,4367492.3706310345],[724156.2290895386,4367493.58214965],[724154.2644057709,4367478.08329389],[724154.5842927714,4367452.096479097],[724156.3025277695,4367434.371033153],[724161.0409471474,4367431.397272679],[724183.6435548991,4367430.383818838],[724263.0372318814,4367431.900260885],[724310.143381,4367426.707220457],[724415.6638728108,4367406.65049945],[724557.787561218,4367382.962062347],[724561.3318,4367411.17179],[724449.31562,4367428.1714],[724299.31602,4367430.1724],[724249.31735,4367449.17339],[724190.32007,4367495.16817],[724099.32235,4367590.16809],[724068.32453,4367608.1676],[724022.32227,4367601.1659],[723882.31967,4367556.1681],[723772.32026,4367506.16999],[723728.32099,4367492.1699],[723644.3592299783,4367493.979082923]]],[[[727653.1154074876,4366793.030258182],[727755.288329986,4366881.179845142],[727826.2904650636,4366931.177697618],[728119.28289,4366973.19105],[727826.28486,4366931.18959],[727755.28253,4366881.19318],[727653.1154074876,4366793.030258182]]],[[[728146.1944366089,4364631.256985629],[728290.1885697441,4364405.240863504],[728506.1801449872,4364190.234222214],[728593.1709726906,4363955.236826169],[728653.1571348694,4363882.248915754],[728593.15259,4363955.29665],[728506.16407,4364190.28607],[728290.17258,4364405.28156],[728146.1944366089,4364631.256985629]]],[[[728666.1601249872,4363815.26487203],[728774.1561348985,4363570.239359979],[728944.1470859464,4363328.2378804125],[729233.1396562569,4363020.229604067],[729603.1274352873,4362252.227036256],[729233.11308,4363020.32036],[728944.12328,4363328.31606],[728774.13359,4363570.30815],[728666.1601249872,4363815.26487203]]],[[[729604.5945533254,4362246.498655963],[729736.1192261949,4361731.231932721],[729991.2005935104,4360745.096024183],[729736.095,4361731.33322],[729604.5945533254,4362246.498655963]]]]}},{"type":"Feature","properties":{"DPTOCRC":"10","NOMBRE":"SEDAVI","ZONA_COD":"1007","DEPARTAMENTO":"VALENCIA - DR. PESET"},"geometry":{"type":"MultiPolygon","coordinates":[[[[724557.7873630073,4367382.9620965505],[724564.458008941,4367381.811009312],[724577.8403155414,4367461.061010399],[724561.3316,4367411.17181],[724557.7873630073,4367382.9620965505]]],[[[725695.689363607,4367518.024508438],[725734.366066931,4367497.858714825],[725782.1181863681,4367469.580048413],[725817.9836220283,4367455.858254035],[725844.2636545787,4367447.735946373],[725878.9770321641,4367438.083887061],[725906.4091082742,4367435.882627484],[726045.8596168392,4367412.002324278],[726110.7744128627,4367390.946730424],[726136.142815055,4367378.1315432275],[726183.0689526157,4367348.269434274],[726256.4529225689,4367310.052190622],[726256.32303,4367340.23729],[725947.34632,4367455.2331],[725695.689363607,4367518.024508438]]],[[[726215.9172434597,4367148.961360892],[726216.5997980535,4367144.354095782],[726233.3225399709,4367133.603732171],[726323.1220739747,4367084.2459058175],[726461.5236842975,4367016.868522962],[726575.8378944087,4366949.795623354],[726731.6248824366,4366867.668805299],[726753.807551465,4366854.799377844],[726773.78894046,4366840.914035587],[726855.349667848,4366809.600162997],[726849.3772935793,4366787.374203763],[726834.1903049008,4366698.982402401],[726851.8517652325,4366690.207096244],[726874.7173890875,4366682.430277691],[726880.8078432619,4366678.184423665],[726884.5326143223,4366690.233406022],[726850.00244,4366695.6535],[726841.57267,4366701.26678],[726838.0629,4366705.48114],[726837.3587,4366713.20579],[726856.2695,4366809.87057],[726859.27615,4366816.38499],[726783.64104,4366840.64459],[726766.78596,4366850.47468],[726744.31225,4366867.32909],[726588.39765,4366948.79769],[726495.69565,4367003.57779],[726379.10985,4367059.76089],[726348.21005,4367076.61529],[726257.2221,4367131.21096],[726256.5960024012,4367276.784738574],[726215.9172434597,4367148.961360892]]],[[[726888.9715798184,4366690.483087087],[726938.7075348378,4366673.599649366],[726994.9336356643,4366649.198087988],[727009.3953891508,4366641.00734769],[727033.229484216,4366631.753807032],[726920.93612,4366685.119],[726895.65152,4366691.4387],[726888.9715798184,4366690.483087087]]],[[[727036.5612050623,4366630.858733426],[727038.214037352,4366630.414696658],[727047.5457781891,4366629.78730928],[727036.5612050623,4366630.858733426]]],[[[727083.6925730688,4366626.261587488],[727097.9999512054,4366623.046411207],[727092.30132,4366625.4219],[727083.6925730688,4366626.261587488]]],[[[727101.3604279527,4366622.207318912],[727192.6205550756,4366650.520598416],[727257.8821854423,4366678.045022763],[727276.032666095,4366677.568818474],[727354.5655198459,4366669.948762354],[727360.1217633265,4366670.848311931],[727391.9247295811,4366684.871338105],[727406.1344226254,4366689.127947314],[727414.7987686372,4366690.05119762],[727407.45638,4366690.8253],[727390.78988,4366687.9253],[727352.15988,4366671.0688],[727257.34667,4366680.9028],[727236.27636,4366671.06859],[727123.20146,4366632.44419],[727101.3604279527,4366622.207318912]]],[[[727458.2914051083,4366685.465783716],[727472.6842676855,4366681.321214086],[727511.9000268166,4366665.2000370305],[727526.3599201591,4366678.289343273],[727458.2914051083,4366685.465783716]]]]}},{"type":"Feature","properties":{"DPTOCRC":"10","NOMBRE":"RUZAFA (VALENCIA)","ZONA_COD":"1009","DEPARTAMENTO":"VALENCIA - DR. PESET"},"geometry":{"type":"Polygon","coordinates":[[[725318.3596,4370501.78878],[725354.85745,4370522.53041],[725386.54415,4370544.27211],[725427.21726,4370560.66592],[725426.0095,4370581.07423],[725458.56453,4370590.2655],[725497.85765,4370607.30871],[725734.22628,4370742.02827],[725753.57158,4370721.8429],[725779.74913,4370715.2238],[725806.72973,4370722.3836],[725825.2314,4370741.69798],[725831.0521,4370767.62533],[725824.07682,4370793.98715],[726589.8169,4371237.07407],[726532.09439,4371338.27585],[726232.06524,4371847.09566],[726233.67519,4371848.03365],[726165.03894,4371965.14826],[726253.9061,4372016.47461],[726151.37219,4372193.12205],[726141.28373,4372203.0446],[725993.83692,4372063.43606],[725821.90856,4371904.91829],[725821.60152,4371906.1207],[725687.4862,4371938.51602],[725515.8432,4371239.56953],[725339.6612,4370592.04773],[725318.3596,4370501.78878]]]}},{"type":"Feature","properties":{"DPTOCRC":"10","NOMBRE":"LUIS OLIAG (VALENCIA)","ZONA_COD":"1010","DEPARTAMENTO":"VALENCIA - DR. PESET"},"geometry":{"type":"Polygon","coordinates":[[[726142.0906,4372202.41799],[726151.37202,4372193.12194],[726253.90586,4372016.47464],[726165.03871,4371965.14825],[726233.67496,4371848.03364],[726232.06501,4371847.09565],[726532.09421,4371338.27575],[726589.81666,4371237.07414],[726327.63923,4371085.09428],[726340.79722,4371074.53664],[726369.85381,4371009.56435],[726376.32184,4370998.13442],[726804.98186,4371209.09772],[726812.09246,4371233.13496],[726831.56893,4371223.2325],[727098.96464,4371355.29601],[727181.79438,4371385.53204],[727103.70499,4371611.71464],[727000.45009,4371848.25774],[726967.78489,4371915.68754],[726946.71519,4371964.15734],[726927.74689,4372013.68014],[726892.97629,4372084.27445],[726865.58249,4372128.52925],[726777.07729,4372282.88475],[726570.70006,4372590.91348],[726491.81275,4372539.48259],[726394.56104,4372491.18328],[726395.04448,4372489.79475],[726331.78145,4372454.35029],[726345.44976,4372441.39869],[726142.0906,4372202.41799]]]}},{"type":"Feature","properties":{"DPTOCRC":"10","NOMBRE":"PADRE JOFRE (VALENCIA)","ZONA_COD":"1011","DEPARTAMENTO":"VALENCIA - DR. PESET"},"geometry":{"type":"Polygon","coordinates":[[[723896.6261,4371491.85819],[723906.96311,4371372.91885],[724370.39732,4370859.09332],[724521.80055,4370685.09131],[724530.84644,4370685.61379],[724529.15505,4370682.06231],[724600.83274,4370636.56222],[724663.52555,4370593.31621],[724803.02267,4370519.66],[724830.7696,4370571.69699],[724855.78286,4370527.08756],[724853.27075,4370526.33392],[724842.59706,4370544.34588],[724830.58908,4370544.3459],[724811.90961,4370510.99055],[724955.33768,4370392.9121],[725042.72919,4370373.56575],[725045.95349,4370407.41838],[725052.1598,4370406.21857],[725070.68478,4370549.14758],[725318.43928,4370502.12674],[725338.51888,4370587.54427],[725309.19934,4370597.51589],[725271.96296,4370617.49638],[725244.22918,4370646.94887],[725217.79388,4370680.76926],[725116.9,4370848.63712],[725156.10668,4371086.78706],[725129.78155,4371089.79569],[725014.82253,4371021.52874],[724804.03259,4371378.22535],[724566.55799,4371766.66005],[724523.71405,4371854.42269],[724068.10874,4371937.90468],[724063.7995,4371912.25378],[724088.33391,4371841.10455],[724090.39842,4371840.59252],[724091.13541,4371838.55457],[724145.93459,4371675.18042],[724004.12574,4371499.35129],[723911.6217,4371491.6637],[723896.6261,4371491.85819]]]}},{"type":"Feature","properties":{"DPTOCRC":"10","NOMBRE":"PLAZA SEGOVIA (VALENCIA)","ZONA_COD":"1012","DEPARTAMENTO":"VALENCIA - DR. PESET"},"geometry":{"type":"Polygon","coordinates":[[[723453.0063,4370783.03518],[723486.15933,4370770.57712],[723503.46903,4370737.82173],[723756.03134,4370572.98012],[723865.62706,4370471.01629],[723854.32002,4370458.32284],[723947.40686,4370373.30649],[723915.43352,4370331.57906],[723862.43024,4370252.69062],[723880.47317,4370237.6706],[723962.46267,4370214.7639],[724108.87398,4370181.19042],[724104.0612,4370147.21023],[724097.3146,4370131.12542],[724094.2019,4370111.41752],[724080.71312,4370071.46724],[724147.11768,4370060.576],[724190.21562,4370056.84031],[724193.1605,4370043.24598],[724206.47229,4370015.1271],[724072.0558,4369737.23003],[724075.82745,4369683.62171],[724127.56861,4369680.617],[724199.1463,4369691.086],[724223.33341,4369689.3699],[724387.09981,4369701.1531],[724568.25032,4369714.7281],[724611.88875,4369721.54788],[724604.2376,4369699.24961],[724598.37152,4369618.19014],[724645.6027,4369622.1158],[724710.86833,4369613.6165],[724859.87352,4369655.6406],[724917.7496,4369663.0702],[724927.03572,4369662.6237],[724944.65729,4369732.70974],[724976.91329,4369741.45849],[725120.14208,4369657.56034],[725318.43926,4370502.12688],[725070.68468,4370549.1478],[725052.15961,4370406.21872],[725045.9533,4370407.41853],[725042.72901,4370373.56592],[724955.33775,4370392.91229],[724811.90983,4370510.99062],[724830.58916,4370544.3457],[724842.59694,4370544.3457],[724853.27061,4370526.33375],[724855.78309,4370527.08745],[724830.76968,4370571.69727],[724803.02266,4370519.66023],[724663.52565,4370593.31639],[724600.83286,4370636.56238],[724529.15523,4370682.06244],[724530.84665,4370685.61399],[724521.80066,4370685.0915],[724370.39738,4370859.09357],[724014.75487,4371252.30677],[723906.85273,4371374.1335],[723453.77652,4370796.22466],[723453.0063,4370783.03518]]]}},{"type":"Feature","properties":{"DPTOCRC":"10","NOMBRE":"I.J. BENLLOCH (VALENCIA)","ZONA_COD":"1013","DEPARTAMENTO":"VALENCIA - DR. PESET"},"geometry":{"type":"Polygon","coordinates":[[[724894.258,4368569.32718],[725205.15848,4368519.3893],[725811.48339,4368462.4655],[726314.68719,4368420.35475],[726391.0341,4369087.89889],[726383.40321,4369088.52549],[726413.1569,4369464.28119],[726417.6299,4369546.86619],[726414.1938,4369620.71682],[726406.3911,4369670.03063],[726392.9278,4369718.66383],[726376.70799,4369765.51575],[726366.11564,4369783.56056],[726454.1351,4369834.43841],[726383.27909,4369950.78905],[726305.68074,4370087.48456],[726411.9668,4370149.88418],[726348.55484,4370255.56036],[726422.8401,4370298.39577],[726378.57952,4370375.42308],[726390.85507,4370388.45043],[726390.84708,4370392.75296],[726295.25829,4370390.032],[726175.60159,4370375.6206],[726170.54317,4370373.82873],[726170.2152,4370375.05363],[726159.2014,4370417.14391],[726158.8092,4370560.16501],[726151.6214,4370667.12292],[726132.3624,4370769.94442],[726129.2701,4370798.6758],[726131.5892,4370895.13618],[726152.0775,4370957.64867],[726152.21066,4370983.55768],[725824.07663,4370793.98728],[725831.0519,4370767.6253],[725825.23121,4370741.69805],[725806.72965,4370722.38379],[725779.7491,4370715.224],[725753.57165,4370721.84309],[725734.22625,4370742.02849],[725497.85755,4370607.30889],[725458.56447,4370590.26569],[725426.00935,4370581.07439],[725427.2171,4370560.66607],[725386.54404,4370544.27228],[725354.85735,4370522.53058],[725318.35962,4370501.78886],[725013.764,4369199.65392],[724984.6458,4369064.28382],[724894.258,4368569.32718]]]}},{"type":"Feature","properties":{"DPTOCRC":"10","NOMBRE":"FTE SAN LUIS (VALENCIA)","ZONA_COD":"1014","DEPARTAMENTO":"VALENCIA - DR. PESET"},"geometry":{"type":"MultiPolygon","coordinates":[[[[726129.2699,4370798.67579],[726132.3622,4370769.94438],[726151.6212,4370667.12289],[726158.809,4370560.165],[726159.2012,4370417.14387],[726170.54301,4370373.82855],[726175.60162,4370375.6204],[726295.25831,4370390.0318],[726390.8469,4370392.75278],[726390.8549,4370388.45054],[726378.5793,4370375.42307],[726422.83986,4370298.39584],[726348.5546,4370255.56043],[726411.96656,4370149.88423],[726305.6805,4370087.48462],[726383.27891,4369950.78895],[726454.13486,4369834.43844],[726366.1154,4369783.56063],[726376.70781,4369765.51566],[726392.9276,4369718.66377],[726406.3909,4369670.03058],[726414.1936,4369620.71679],[726417.6297,4369546.8662],[726413.1567,4369464.28121],[726383.403,4369088.52541],[726391.03389,4369087.89881],[726314.68705,4368420.35471],[726734.90659,4368389.0204],[726900.67898,4368363.2384],[727038.81919,4368335.60562],[727143.90107,4368309.5313],[727253.47988,4368271.48844],[727252.91836,4368269.42851],[727373.76076,4368223.33341],[728187.06266,4367877.14881],[729151.69505,4367470.43811],[729202.24528,4367424.348],[729233.35456,4367446.92852],[729255.78019,4367466.78937],[729255.6819,4367458.08188],[729257.58211,4367450.48015],[729265.4278042171,4367440.516399885],[729288.1026886702,4367499.059828175],[729338.5944378555,4367475.917252965],[729347.4730570924,4367477.201887347],[729385.5571506876,4367469.844782771],[729512.566638453,4367417.2316781245],[729523.3384349698,4367418.008040193],[729522.0058,4367436.08918],[729532.280054026,4367470.6109371465],[729413.5101698145,4367518.033932192],[729404.7760044216,4367527.693475046],[729325.6093619389,4367561.687465038],[729333.5658870321,4367579.168940042],[729539.3241364193,4367491.893642259],[729553.87927,4367522.27863],[729559.47821,4367525.0806],[729568.17787,4367523.9807],[729576.2680141794,4367520.742186377],[729577.3713314738,4367523.196530711],[729770.27168,4367440.0845],[729787.47031,4367438.5856],[729813.16793,4367442.4872],[729834.36896,4367453.48262],[729852.96918,4367470.98474],[729864.7374353036,4367490.176650952],[729866.5588566947,4367518.745195442],[729861.181479577,4367524.359669289],[729857.722906235,4367525.583755865],[729852.4313558494,4367527.192839136],[729842.47279871,4367525.67684028],[729833.96891,4367498.86075],[729819.69414,4367483.52618],[729803.15076,4367474.34689],[729785.8248650245,4367470.693760985],[729783.9531028959,4367468.476377105],[729775.5335302183,4367468.019640767],[729582.7623479847,4367550.1587630585],[729582.463587342,4367554.617607478],[729576.7396,4367557.19237],[729565.6838240941,4367805.046690219],[729545.424989719,4367803.89115876],[729545.2597811569,4367808.843548461],[729565.2437903146,4367810.219148497],[729564.6538892194,4367821.353904824],[729574.0672686981,4367823.66532796],[729657.3895948322,4367879.845305833],[729663.7820510429,4367882.64625968],[729732.8347532182,4367886.590120987],[729735.840726201,4367877.860621269],[729739.490172677,4367876.260892886],[729753.9398279916,4367876.348346212],[729762.0124677893,4367881.7148876935],[729763.2383450033,4367897.821713239],[729758.8303908779,4367910.087623848],[729574.1756920816,4367898.061052237],[729563.9071469703,4368054.706566768],[729557.188936842,4368054.45156915],[729555.1384244758,4368070.609634444],[729520.7926832038,4368067.797310932],[729519.8575477838,4368076.382556767],[729555.7871221502,4368079.105057651],[729555.4471693682,4368081.230007057],[729559.7840652298,4368081.0601359885],[729561.3252997836,4368089.007168668],[729578.5156191658,4368089.005739559],[729573.99888,4368097.66476],[729563.6001,4368108.16033],[729556.1063,4368275.4564],[729554.606,4368347.15461],[729549.0086,4368400.45392],[729546.109,4368410.65253],[729540.60859,4368421.35115],[729528.71087,4368435.45518],[729510.01336,4368450.65448],[729501.21123,4368455.8502],[729494.61292,4368457.4516],[729487.31408,4368456.8496],[729480.51454,4368453.24908],[729478.11441,4368450.05015],[729476.6106,4368441.44877],[729480.01433,4368433.75252],[729509.81144,4368414.95292],[729521.68062,4368402.66944],[729535.5406,4368384.05776],[729537.5139,4368365.28039],[729539.2314,4368285.225],[729463.482,4368287.8087],[729467.0112,4368362.75462],[729485.70933,4368367.8542],[729490.4116,4368375.45213],[729488.2084,4368382.75283],[729484.91168,4368387.55116],[729478.91083,4368391.4505],[729419.41411,4368397.65118],[729422.93816,4368443.27728],[729233.37149,4368435.35952],[729224.7691,4368510.66191],[729222.6198,4368542.9353],[729223.7018,4368662.5205],[729234.4665,4368900.97589],[729243.74998,4369066.56566],[729088.67612,4369096.2813],[729062.79463,4369103.7748],[728988.31152,4369113.5095],[728837.85433,4369143.62258],[728848.9188,4369191.13858],[728853.5693,4369233.42229],[728853.6741,4369290.61881],[728846.2505,4369398.01621],[728826.6766,4369550.11361],[728815.3028,4369668.61231],[728800.1321,4369788.51791],[728792.7068,4369913.70911],[728770.9337,4370155.95103],[728753.7313,4370188.19413],[728749.65996,4370216.60798],[728685.24332,4370170.10596],[728527.24772,4369968.60626],[728527.81316,4369967.10928],[728363.62908,4369954.10491],[728344.12898,4370051.60516],[728219.13098,4370136.10366],[728196.38227,4370197.10067],[728139.51092,4370217.60036],[728140.82178,4370222.10172],[728167.41617,4370231.79343],[728194.3101,4370273.15458],[728164.02953,4370295.75623],[728185.922,4370333.20168],[728237.41249,4370563.43915],[727989.97607,4370789.84817],[727895.97917,4370873.40927],[727797.80686,4370937.46638],[727688.94756,4371016.88788],[727580.76814,4371060.70919],[727404.81234,4371136.02059],[727304.95197,4371181.30028],[727196.42519,4371342.50374],[727181.79432,4371385.5322],[727098.96456,4371355.29619],[726831.56888,4371223.2327],[726812.09237,4371233.1352],[726804.98172,4371209.09787],[726376.32194,4370998.13463],[726369.85399,4371009.56444],[726340.79738,4371074.53676],[726327.63925,4371085.09429],[726152.21052,4370983.55766],[726152.0773,4370957.64871],[726131.589,4370895.13622],[726129.2699,4370798.67579]]],[[[729740.093,4368016.4678],[729740.2122065099,4368013.005588718],[729800.3121570508,4367980.99893211],[729811.36412,4367967.72344],[729819.3504,4367950.59057],[729828.0507702484,4367816.256179068],[729829.3755246014,4367812.4965324],[729835.0168084376,4367696.363678114],[729837.979228809,4367648.4740426615],[729839.870712824,4367648.645223841],[729841.3022553048,4367608.492475399],[729848.433269924,4367603.740412625],[729860.4507017762,4367605.324382922],[729864.8834551201,4367613.135161732],[729864.6600968168,4367651.843184678],[729867.656800759,4367652.340585365],[729872.0150036907,4367647.324533033],[729874.0347141565,4367648.799880759],[729861.9791,4367781.17521],[729858.881,4367848.17371],[729852.7849,4367924.77071],[729847.9856,4367956.16923],[729838.08669,4367979.97044],[729828.49048,4367996.56687],[729812.18937,4368012.76818],[729799.79095,4368021.36739],[729774.49104,4368034.86919],[729759.29138,4368037.867],[729748.99006,4368034.96499],[729745.19291,4368031.56545],[729742.59181,4368027.16655],[729740.093,4368016.4678]]]]}},{"type":"Feature","properties":{"DPTOCRC":"10","NOMBRE":"SAN MARCELINO (VALENCIA)","ZONA_COD":"1015","DEPARTAMENTO":"VALENCIA - DR. PESET"},"geometry":{"type":"Polygon","coordinates":[[[721003.3461938326,4370060.183350742],[721005.1591664467,4369986.945051575],[721008.3443330167,4369959.184880028],[721008.9790303723,4369936.199019463],[721066.7429802663,4369846.719969208],[721102.8370028356,4369816.597030377],[721136.0329559565,4369741.296043385],[721159.4399837856,4369713.922970757],[721186.4389985416,4369672.73396278],[721192.7750172047,4369662.043043101],[721208.9889775419,4369624.335015831],[721226.684042531,4369597.113999864],[721266.9560213779,4369543.709984135],[721283.2840349998,4369512.888020879],[721292.4410350922,4369499.583024126],[721288.4889618683,4369489.985009623],[721286.5050356583,4369479.172048634],[721276.2200040759,4369466.652029344],[721273.980980176,4369449.1299637575],[721252.5898752188,4369383.775798018],[721406.1727594264,4369221.047282069],[721424.8500068446,4369210.34700114],[721440.9750271775,4369189.160048663],[721472.5759895479,4369117.288021189],[721542.2730275504,4368999.302026607],[721567.1570345303,4368951.299051141],[721591.6869852655,4368919.581988374],[721607.1389806748,4368888.804961305],[721617.2140241729,4368862.939004256],[721636.0979609254,4368782.474995564],[721673.3780095136,4368685.505995271],[721680.7754063874,4368656.052108747],[721721.5569604058,4368594.2159478245],[721735.3790167759,4368580.395044897],[721789.913262545,4368487.326358413],[721900.5620407752,4368316.264741594],[721917.4239561055,4368301.833045176],[721937.9209997493,4368289.51495109],[721941.1369778558,4368283.424011392],[721961.298980926,4368277.851015222],[721982.1289847107,4368263.649988459],[721993.4044420883,4368250.224328479],[722020.1706789035,4368261.864616231],[722047.3170095759,4368285.19823579],[722135.0799890226,4368311.837178472],[722162.23583,4368323.6469],[722267.8774822011,4368336.183112167],[722632.3287670496,4368396.181596869],[722817.3316938054,4368408.176948141],[722944.3342469217,4368430.173398979],[723070.7112037773,4368431.456020583],[723422.4150482988,4368473.193630889],[723478.3402835939,4368483.163917576],[723495.0277766887,4368481.810772293],[723518.25991,4368484.56779],[723519.5559848952,4368465.93452388],[723523.3393852434,4368453.164524777],[723550.3267232702,4368103.175631287],[723549.8457013182,4368030.468680913],[723569.2527,4367751.46028],[723584.6149510155,4367685.85085992],[723641.4620284282,4367495.32901909],[723657.32119,4367493.1692],[723728.32103,4367492.1697],[723772.32033,4367506.1698],[723882.31974,4367556.16791],[724022.32232,4367601.1657],[724068.32448,4367608.1674],[724099.32224,4367590.16792],[724190.31994,4367495.16802],[724249.31725,4367449.17321],[724299.31598,4367430.1722],[724449.31559,4367428.1712],[724561.33178,4367411.17173],[724577.8401072802,4367461.059777076],[724694.2735165827,4368150.578265129],[724696.8017806143,4368149.894481175],[724697.36098,4368152.97906],[724752.43868,4368132.36864],[724821.4291,4368404.89218],[724822.9121,4368417.17528],[724831.67477,4368451.60969],[724870.5826,4368446.05138],[724984.646,4369064.28378],[725050.6919,4369361.79448],[725120.14207,4369657.56048],[724976.91331,4369741.4587],[724944.65712,4369732.70986],[724927.03565,4369662.6239],[724917.74959,4369663.0704],[724859.87348,4369655.6408],[724710.86829,4369613.6167],[724645.60271,4369622.116],[724598.3717,4369618.19031],[724604.2378,4369699.24958],[724611.88893,4369721.5481],[724568.25029,4369714.7283],[724387.09979,4369701.1533],[724223.3334,4369689.3701],[724199.14629,4369691.0862],[724127.5686,4369680.6172],[724075.82759,4369683.62189],[724072.056,4369737.22998],[724206.4725,4370015.12713],[724193.1607,4370043.24603],[724190.21573,4370056.8405],[724147.11771,4370060.5762],[724080.71334,4370071.46738],[724094.2021,4370111.41747],[724097.3148,4370131.12537],[724104.0614,4370147.21019],[724108.87416,4370181.19058],[723962.46272,4370214.7641],[723880.47325,4370237.67079],[723862.43043,4370252.69072],[723915.43368,4370331.57894],[723947.4071,4370373.30653],[723854.32008,4370458.323],[723474.61022,4370030.08056],[723408.73322,4369933.58196],[723341.40232,4369843.11236],[723293.17951,4369768.24855],[723263.53201,4369719.86305],[723207.65362,4369615.46306],[722869.84062,4370161.94019],[722876.03759,4370169.50365],[722428.1489616822,4370899.614529188],[722350.3694292704,4370482.149502406],[722346.6137990418,4370477.420459913],[722320.38311,4370341.12747],[722275.3661367176,4370310.152961771],[722149.3636923424,4370248.156356677],[722140.3635031927,4370244.156532497],[722072.7158337932,4370225.040741191],[722030.4760128881,4370205.242071342],[722010.3606077371,4370160.160362014],[721994.3602013891,4370142.160902597],[721956.3593770845,4370124.161961397],[721777.3565175659,4370084.166303491],[721650.3545997825,4370071.16920915],[721582.3538430962,4370077.170584476],[721532.41123,4370088.0103],[721509.3533413084,4370102.171870819],[721507.6169199483,4370106.45513151],[721443.353345327,4370154.172488287],[721003.3461938326,4370060.183350742]]]}},{"type":"Feature","properties":{"DPTOCRC":"10","NOMBRE":"CASTELLAR-OLIVERAL","ZONA_COD":"1016","DEPARTAMENTO":"VALENCIA - DR. PESET"},"geometry":{"type":"Polygon","coordinates":[[[724198.1666281254,4356833.105817695],[724242.1602918397,4356547.23693027],[724394.12003,4356554.3637],[724495.1275320221,4356217.254143144],[724601.1182128488,4355892.26689349],[724835.11081,4355869.39821],[724866.107394747,4355651.281448568],[724944.0926047309,4354992.301874404],[725404.0866865751,4355153.309118796],[725460.08096,4355284.42767],[725739.0806710069,4355186.3168951785],[726162.08994,4354711.33543],[726027.0660296819,4354640.336381257],[725882.1452677931,4354572.299462246],[726107.08633,4354470.40162],[726290.04647,4354164.4728],[726676.0483886485,4354211.359376084],[726950.0441110383,4354232.364490794],[726996.04839,4354179.48707],[726982.0737834531,4354112.346782768],[727229.0361714642,4353952.374803541],[727354.01092,4354096.37147],[727479.0331141658,4354027.378372754],[727534.00646,4354125.43781],[727697.99118,4354145.44004],[727961.0328998233,4354763.378311532],[728112.0296127654,4354702.382520784],[728211.0273865828,4354653.385253788],[728455.0240454774,4354642.387873499],[728673.0272400238,4355132.37910433],[729565.01212,4355259.50989],[729597.04131,4355065.44515],[729687.0214745576,4355073.365950483],[729829.0235508325,4355372.360307399],[729928.99271,4355199.51005],[730253.0172709776,4354937.359930792],[730731.3098339059,4355023.587613969],[730757.0155992846,4355030.351866515],[730830.00406,4355041.38619],[730861.0150391095,4355024.350576165],[730894.0145143172,4354988.350505742],[730941.8525396904,4354899.400073589],[730992.96883,4354834.51062],[731192.029,4354806.38501],[731203.754,4354584.2848],[731199.8298,4354555.82991],[731187.7779,4354392.26131],[731187.7775,4354349.21848],[731192.9423,4354328.55258],[731196.3871,4354306.17219],[731198.2442540949,4354259.690917041],[731205.0051200215,4354209.356619416],[731209.915364362,4354152.064368163],[731217.04542,4354127.10803],[731228.0209,4354124.66652],[731242.02052,4353859.51334],[731512.01991,4353946.3889],[731707.02096,4353914.51371],[731752.9989564227,4353897.353678701],[732044.9951147882,4353683.352796889],[732342.95042,4353450.45013],[732388.9899252196,4353378.352639762],[732534.97461,4353079.51335],[733482.943358777,4351791.389969532],[733602.9269,4351749.51583],[733620.9649129811,4351737.358949249],[733601.98855,4351696.39101],[734350.7440561479,4351428.967770928],[734431.9561912608,4351406.350559426],[734454.9559564707,4351396.350312066],[734680.0470744952,4351311.337749522],[734851.9522601764,4351292.345684936],[734946.9516372425,4351291.344128158],[735001.299451718,4351286.955813466],[735023.23861,4351289.0224],[735158.71568,4351292.07764],[735130.7930564499,4351298.641386839],[735053.21971129,4351297.20554376],[734978.7736644017,4351440.352760672],[734958.4953293416,4351476.215133415],[734956.7012797015,4351482.551504753],[734590.1529848456,4352183.331139489],[734515.4965885081,4352322.016235151],[734405.97359,4352535.45164],[734377.0426781074,4352596.485264703],[734323.0944468818,4352703.431458044],[734156.2448562423,4353050.2875947915],[733986.0859886806,4353411.972685996],[733880.8129492002,4353629.981801801],[733785.5294995796,4353833.6085574],[733735.3941878639,4353950.128498975],[733512.01157,4354421.38398],[732972.01668,4354589.50908],[732947.95755,4354661.38315],[733485.499465163,4354515.553737202],[733441.0690909764,4354593.534673136],[733387.8897783722,4354739.102401203],[733246.4229450538,4355058.780604122],[733053.5025939213,4355507.57239858],[732680.8365152127,4356390.532952775],[732470.00899,4356876.37464],[732390.3153,4357087.75623],[732377.6215749262,4357137.582956786],[732371.590179672,4357153.582619502],[732283.3506355025,4357365.924554831],[732224.4445271201,4357545.907571578],[732081.3284045896,4357942.677549247],[732030.6719027483,4358107.650550558],[731956.1992055654,4358318.773339566],[731680.1389060102,4359023.784333268],[731651.2729911084,4359078.331851943],[731619.9843900775,4359131.580896669],[731655.1234083564,4359124.875539934],[731658.2930403718,4359126.855833352],[731656.2932154521,4359131.646419621],[731625.0958574684,4359141.160364696],[731619.4028558197,4359152.625759192],[731255.9456836837,4360189.89834439],[731166.1000589244,4360458.059010656],[731025.188690123,4360943.521586974],[730950.7598138191,4361156.67515765],[730865.326827015,4361393.3289704],[730765.9067212346,4361644.516414491],[730744.7116121899,4361748.912391316],[730686.7329012685,4361975.356235442],[730607.6431960457,4362255.356200349],[730537.7199866103,4362509.9725142475],[730374.0121926953,4363019.867150211],[730297.6485021246,4363291.41766011],[730230.2220827525,4363564.755663846],[730153.9631971577,4363883.521360405],[730091.4652992282,4364153.6649241],[730051.509153171,4364343.378816013],[730034.0284777284,4364445.724676599],[729978.9836206739,4364643.438428587],[729900.3197653588,4364875.588618066],[729800.3073914744,4365243.132754968],[729735.7798598773,4365542.286517035],[729703.7695987285,4365657.00951635],[729667.6848507101,4365891.850750017],[729663.2910964942,4365969.440970796],[729666.437007301,4366011.149629473],[729673.1522649756,4366020.303698222],[729694.2374982227,4366029.336526356],[729692.6773199675,4366037.815475231],[729654.3674827449,4366032.43069007],[729627.1873733199,4366077.454530722],[729621.7508022466,4366111.610291682],[729602.3364975506,4366155.857332157],[729592.240827575,4366190.789437577],[729592.4013224182,4366325.344388119],[729594.830069487,4366355.391350604],[729614.8493608305,4366365.851139118],[729611.7815238468,4366378.755098274],[729575.9298818696,4366365.410386169],[729559.8379643951,4366379.3715562625],[729535.2440838567,4366445.838665028],[729531.3016780862,4366493.359045614],[729532.2124749585,4366569.235244057],[729551.1475610585,4366683.862222248],[729533.2492,4366777.30581],[729530.3503,4366804.10491],[729529.7531,4366828.00419],[729530.65039,4366834.20145],[729533.45237,4366837.40032],[729542.65185,4366842.60171],[729549.55359,4366848.90155],[729552.0522,4366853.00347],[729553.351,4366862.60223],[729552.15119,4366867.20205],[729547.25245,4366874.00089],[729540.85513,4366876.8028],[729530.65194,4366878.50209],[729526.55219,4366883.10194],[729524.8527,4366894.2015],[729526.054,4366916.29879],[729531.65749,4366934.50076],[729548.15728,4366963.50194],[729562.25606,4366979.39592],[729576.15764,4366988.19781],[729587.4994,4366991.28219],[729590.1562,4366961.49928],[729595.15722,4366949.79913],[729599.35552,4366944.99883],[729604.55288,4366942.6974],[729610.55386,4366944.09792],[729616.65697,4366948.19783],[729625.05369,4366959.70155],[729626.3566,4366970.5982],[729624.85778,4366974.99766],[729618.7552,4366982.69784],[729621.4583,4367083.29622],[729615.85917,4367090.59498],[729609.85882,4367092.6984],[729599.45898,4367092.1923],[729594.26131,4367088.19484],[729591.2585,4367078.69862],[729587.75872,4367028.09629],[729569.6586,4367024.5983],[729555.75742,4367025.6956],[729532.95964,4367034.09819],[729517.85826,4367043.49628],[729495.06167,4367067.79287],[729473.98899,4367093.51885],[729471.679,4367103.32002],[729465.26539,4367112.89214],[729461.6654,4367123.49233],[729457.5662,4367143.99212],[729455.6664,4367160.49],[729456.5921,4367167.40382],[729454.1721,4367177.6805],[729456.86769,4367196.59087],[729461.31183,4367204.51653],[729474.86528,4367197.7909],[729492.26442,4367196.0916],[729503.66785,4367200.38801],[729507.66549,4367204.29345],[729510.3749435673,4367212.403828225],[729308.4372656423,4367302.330768073],[729229.436976007,4367347.5930390265],[729231.3522019669,4367352.537888641],[729157.77864,4367381.78319],[729137.43462,4367393.05507],[729169.48135,4367406.16181],[729202.2454,4367424.34808],[729151.69514,4367470.43829],[728187.06282,4367877.14896],[727373.76084,4368223.33359],[727252.91852,4368269.42866],[727253.48005,4368271.48859],[727143.90112,4368309.5315],[727038.81932,4368335.6058],[726900.67902,4368363.2386],[726734.90662,4368389.0206],[726314.68711,4368420.3549],[725811.48341,4368462.4657],[725205.15851,4368519.3895],[724893.58178,4368569.4359],[724870.58242,4368446.05151],[724831.6746,4368451.60982],[724822.9119,4368417.17532],[724821.4289,4368404.89222],[724752.43853,4368132.36883],[724697.36092,4368152.9793],[724696.8015816303,4368149.894534991],[724742.1268102769,4368133.798670359],[724808.3256501142,4368106.440649199],[724831.6804682224,4368092.130597135],[724843.5549285081,4368081.970573699],[724870.4155400334,4368068.508567905],[724924.3270992918,4368052.125487419],[724988.3987166535,4368027.296977081],[725069.7424202899,4367984.243890514],[725134.5259030348,4367946.36424002],[725204.9764889154,4367897.4391617235],[725231.9429422924,4367874.875452231],[725256.0729888515,4367850.914774664],[725347.9380118693,4367782.459434038],[725369.3163825533,4367764.89102027],[725454.6047672569,4367705.078667569],[725470.6784462861,4367692.262797873],[725501.8993340987,4367657.33773223],[725619.2191777723,4367562.205544208],[725640.5552304022,4367547.812126699],[725677.6393244154,4367526.645415916],[725695.6902841415,4367518.02406878],[725947.34627,4367455.2329],[726256.3229,4367340.23713],[726256.4527214974,4367310.052371175],[726260.6250103052,4367302.8790967325],[726261.222283246,4367296.224062436],[726256.5958048481,4367276.784102695],[726257.22195,4367131.21081],[726348.20995,4367076.61511],[726379.10975,4367059.76071],[726495.69555,4367003.57761],[726588.39755,4366948.79751],[726744.31215,4366867.32892],[726766.78585,4366850.47451],[726783.64095,4366840.64441],[726859.27596,4366816.38484],[726856.2693,4366809.87062],[726837.3585,4366713.20582],[726838.0627,4366705.48107],[726841.57252,4366701.26664],[726850.00238,4366695.6533],[726884.5325543644,4366690.233212069],[726884.9557894426,4366691.602303459],[726888.9720563237,4366690.482954283],[726895.65149,4366691.4385],[726920.93607,4366685.11881],[727033.2284413117,4366631.75408721],[727071.6574944198,4366629.059958758],[727092.30128,4366625.4217],[727101.3607323995,4366622.207242893],[727123.20154,4366632.44401],[727236.27644,4366671.06841],[727257.34672,4366680.9026],[727352.15992,4366671.0686],[727390.78993,4366687.9251],[727407.4564,4366690.8251],[727429.1781690354,4366690.903762993],[727458.2927816613,4366685.46543712],[727526.3597202667,4366678.289162328],[727653.28097,4366793.19553],[727755.28266,4366881.19302],[727826.28494,4366931.1894],[728119.28271,4366973.19089],[728197.2675735252,4366376.180461718],[728131.2266235166,4365350.21984517],[728123.2017966934,4364732.240938059],[728146.1945630278,4364631.256430396],[728290.17243,4364405.28143],[728506.16391,4364190.28594],[728593.15241,4363955.29655],[728653.14701,4363882.30006],[728666.1603302233,4363815.263814083],[728774.13342,4363570.30804],[728944.12312,4363328.31594],[729233.11292,4363020.32024],[729603.10151,4362252.32747],[729736.0948,4361731.33317],[730012.1010170719,4360664.246242518],[729935.1008091429,4360653.249634321],[729801.1072511809,4361032.245886485],[729645.1071297855,4361029.2527972255],[729388.1156255153,4361555.252675719],[728873.131193131,4361299.292013763],[729060.08527,4360848.21805],[728804.06914,4360738.21563],[728520.108433318,4361174.300023025],[728133.123038661,4360933.255081784],[728154.1037662213,4360860.318696348],[727938.1032921732,4360660.3191810185],[727807.12322,4360598.21252],[727737.6551486601,4360567.53072646],[727671.1559078088,4360488.578247009],[727364.1073804001,4360465.315783485],[727353.1294061119,4360463.219248953],[727393.06699,4360293.20443],[727143.06537,4360003.19932],[726567.14556,4360283.18469],[726425.1142485214,4359924.306812111],[726279.1156565796,4359840.304763567],[726145.11857,4359787.2411],[725886.13754,4359732.23128],[725789.1214718228,4359641.297296931],[725742.1220024354,4359609.296388181],[725682.1227179872,4359582.295282675],[725666.2418868329,4359582.295076682],[725515.3279595017,4359489.533903751],[725522.1596,4359371.28785],[725301.14752,4359231.27796],[725300.1271280647,4359163.285643367],[725218.1308804413,4359062.271625557],[725245.127459445,4358944.28244588],[725225.127423173,4358795.28044294],[725240.1267311368,4358652.279210951],[725220.1281148314,4358610.280553674],[725203.1263150501,4358167.273172256],[725087.1618,4358103.13993],[725103.1276838344,4357824.266689545],[724962.1305990376,4357765.262074317],[724951.6356868468,4357763.217267681],[724843.5394751931,4357719.558139007],[724867.1326293593,4357690.258569656],[724882.16379,4357645.3179],[724849.1329562117,4357590.256631017],[724667.16992,4357533.12247],[724543.1815607733,4357324.338599727],[724735.1353728948,4357258.248580361],[724701.15164,4357172.18091],[724362.1751684217,4357241.230581695],[724282.1745,4357049.35498],[724367.17202,4357010.29403],[724390.1438345995,4356983.233320242],[724411.1434098522,4356911.232683206],[724413.11097,4356863.11048],[724198.1666281254,4356833.105817695]]]}},{"type":"Feature","properties":{"DPTOCRC":"11","NOMBRE":"BENIFAIO","ZONA_COD":"1107","DEPARTAMENTO":"LA RIBERA"},"geometry":{"type":"MultiPolygon","coordinates":[[[[724681.5750089653,4355884.361149727],[724835.2223007262,4355868.502323494],[724835.11093,4355869.3984],[724681.5750089653,4355884.361149727]]],[[[724928.4393309565,4355118.092114461],[724934.0943733162,4355070.29944932],[724943.2058049911,4354999.219920834],[724928.4393309565,4355118.092114461]]],[[[724944.3734024635,4354992.344151519],[725037.0910793584,4355006.3037937],[725401.7007581722,4355152.353401142],[724944.3734024635,4354992.344151519]]],[[[725412.4085324174,4355172.726040671],[725460.0879659894,4355284.30733547],[725733.2449431159,4355188.359253889],[725460.08088,4355284.4279],[725412.4085324174,4355172.726040671]]],[[[725882.0675340663,4354572.334699895],[725882.1455036916,4354572.29935531],[725884.744079978,4354573.589951692],[725882.0675340663,4354572.334699895]]],[[[725950.0816042478,4354949.378883803],[726162.0647322927,4354711.3379423125],[726161.5439894929,4354711.06406152],[726162.09016,4354711.33532],[725950.0816042478,4354949.378883803]]],[[[725976.811022094,4354529.3863181155],[726107.0619052101,4354470.341999908],[726242.0551286794,4354191.35086786],[726290.0539484578,4354164.352392406],[726296.4380467065,4354165.129857496],[726290.04655,4354164.47301],[726107.08649,4354470.40175],[725976.811022094,4354529.3863181155]]],[[[726967.0507044875,4354212.770045045],[726996.0272002169,4354179.38426586],[726996.04858,4354179.48717],[726967.0507044875,4354212.770045045]]],[[[726982.0420636003,4354112.367329572],[726982.0739630038,4354112.346666463],[726991.1823734936,4354156.107548919],[726982.0420636003,4354112.367329572]]],[[[727303.2145276958,4354037.828544718],[727354.0258981332,4354096.363431697],[727354.01082,4354096.37167],[727303.2145276958,4354037.828544718]]],[[[727488.0242667138,4354043.398817213],[727534.0334389386,4354125.378005569],[727698.0310411094,4354145.3810033295],[727764.5438618686,4354301.752224532],[727697.99103,4354145.44019],[727534.00637,4354125.438],[727488.0242667138,4354043.398817213]]],[[[728565.2636757661,4354890.166133096],[728673.0032187715,4355132.3251133645],[728672.98481,4355132.32244],[728565.2636757661,4354890.166133096]]],[[[728674.005656539,4355132.46804358],[729565.0238257797,4355259.365357408],[729597.0218837941,4355065.367328143],[729634.3407790156,4355068.684007103],[729597.04148,4355065.44531],[729565.01222,4355259.5101],[728674.005656539,4355132.46804358]]],[[[729812.6187600815,4355337.818982444],[729828.9998955711,4355372.310499749],[729828.99483,4355372.3192],[729812.6187600815,4355337.818982444]]],[[[729876.6206691263,4355290.015871284],[729928.9922143896,4355199.411533926],[729928.99289,4355199.51015],[729876.6206691263,4355290.015871284]]]]}},{"type":"Feature","properties":{"DPTOCRC":"11","NOMBRE":"SUECA","ZONA_COD":"1111","DEPARTAMENTO":"LA RIBERA"},"geometry":{"type":"MultiPolygon","coordinates":[[[[729928.9920167679,4355199.411875817],[730009.0202787952,4355119.360935802],[730251.9095315037,4354938.18621023],[729928.9920167679,4355199.411875817]]],[[[730253.0677048529,4354937.341349277],[730291.0169385809,4354923.359590789],[730341.0167354527,4354924.358921363],[730434.0164140826,4354945.357390427],[730731.3123302766,4355023.588270868],[730253.0677048529,4354937.341349277]]],[[[730828.7442195007,4355041.159196004],[730830.0451602305,4355041.334331044],[730830.00408,4355041.3864],[730828.7442195007,4355041.159196004]]],[[[730941.8520013551,4354899.401074573],[730958.0129864349,4354869.351201159],[730993.0124712461,4354834.351214674],[731050.0118770166,4354809.3507985845],[731192.0111342414,4354806.348868277],[731187.0065503952,4354343.355040658],[731198.2445393457,4354259.688793363],[731196.3873,4354306.17222],[731192.9425,4354328.55262],[731187.7777,4354349.21851],[731187.7781,4354392.2613],[731199.83,4354555.82989],[731203.7542,4354584.28479],[731192.0292,4354806.38512],[730992.96895,4354834.51079],[730941.8520013551,4354899.401074573]]],[[[731209.9152729126,4354152.065435185],[731223.0029970218,4353999.359148899],[731242.0014213626,4353859.360789271],[731268.0011961196,4353851.360541208],[731326.00092358,4353855.359758503],[731382.0008734106,4353876.358734734],[731512.0007864785,4353946.356112304],[731546.0004920628,4353934.355887464],[731589.9999855424,4353909.355586872],[731638.9996963094,4353906.355014856],[731707.4870739435,4353914.173810687],[731512.01987,4353946.3891],[731242.02069,4353859.51353],[731228.0211,4354124.66662],[731217.04558,4354127.10818],[731209.9152729126,4354152.065435185]]],[[[732341.6762511589,4353451.380194949],[732343.045696126,4353450.266531687],[732342.95058,4353450.45027],[732341.6762511589,4353451.380194949]]],[[[732533.8084684917,4353081.7664554445],[732617.984069973,4352948.355742736],[733168.9725466324,4352186.359858277],[733192.9720258561,4352154.360054252],[733312.9698537099,4352020.360065555],[733349.9689956871,4351966.360256423],[733404.9678772961,4351891.360398646],[733482.7420995226,4351791.647999026],[732533.8084684917,4353081.7664554445]]],[[[733482.9431429206,4351791.390246276],[733528.9657419338,4351761.360122643],[733602.9244467241,4351749.365692663],[733482.9431429206,4351791.390246276]]],[[[733601.9645741032,4351696.359882668],[733890.9614548907,4351580.356743431],[734194.9583813936,4351472.353375185],[734350.7466678133,4351428.967043591],[733601.9645741032,4351696.359882668]]],[[[734633.6836252024,4351327.9141374305],[734642.9539461876,4351324.348505009],[734680.0476201803,4351311.337689235],[734633.6836252024,4351327.9141374305]]],[[[735001.2982993544,4351286.955906513],[735065.6290798404,4351281.761517154],[735190.6277440286,4351281.7621381525],[735190.14842,4351292.7862],[735023.23859,4351289.0226],[735001.2982993544,4351286.955906513]]]]}},{"type":"Feature","properties":{"DPTOCRC":"23","NOMBRE":"QUART DE POBLET","ZONA_COD":"2306","DEPARTAMENTO":"MANISES"},"geometry":{"type":"Polygon","coordinates":[[[721369.0320192457,4374054.914987078],[721426.5280232939,4374045.627045693],[721483.4950012201,4374030.322493572],[721434.40436,4374064.22948],[721373.0386681238,4374085.384575267],[721369.0320192457,4374054.914987078]]]}},{"type":"Feature","properties":{"DPTOCRC":"23","NOMBRE":"MISLATA","ZONA_COD":"2309","DEPARTAMENTO":"MANISES"},"geometry":{"type":"MultiPolygon","coordinates":[[[[721899.3282933068,4373742.072151826],[721962.4864839207,4373685.465924758],[722050.0812218352,4373648.384560136],[722132.1075462198,4373610.148121901],[722209.4736556276,4373584.32290527],[722367.7836996666,4373516.188678059],[722383.1383930715,4373515.158641492],[722348.38254,4373526.10229],[721916.43335,4373730.16609],[721899.3282933068,4373742.072151826]]],[[[722199.4093218688,4372656.66005637],[722368.1571868998,4372571.54152434],[722328.0918034342,4372495.444434482],[722278.5238459929,4372366.6984670935],[722322.4647917522,4372316.119984487],[722315.8819355172,4372292.002247163],[722306.2969444072,4372107.217935656],[722374.59935,4372147.56251],[722417.56266,4372179.67852],[722478.61005,4372219.89021],[722564.56485,4372253.95791],[722588.86645,4372267.08311],[722605.32018,4372282.34294],[722699.90235,4372415.0598],[722785.14433,4372422.6202],[722793.95892,4372424.9406],[722890.40341,4372435.1494],[723049.324,4372443.54477],[723042.0338,4372533.08682],[723033.88286,4372542.62888],[723020.32542,4372549.3074],[722963.51403,4372560.4567],[722931.40513,4372568.61839],[722910.86423,4372574.85449],[722890.40484,4372583.55859],[722868.3845,4372594.78606],[722866.20543,4372598.6381],[722862.57638,4372597.75773],[722843.48515,4372612.74669],[722828.80526,4372620.74868],[722773.43628,4372668.74726],[722763.57689,4372684.67664],[722758.5681,4372701.86751],[722757.3679,4372739.38679],[722761.6487,4372763.60009],[722760.68618,4372767.68566],[722753.53875,4372773.73569],[722726.85734,4372781.56729],[722672.59814,4372805.45749],[722658.60627,4372815.72997],[722652.61789,4372825.41494],[722613.29729,4372919.52455],[722600.24749,4372941.97445],[722579.50978,4372970.80836],[722570.0558946973,4372986.97952694],[722566.8891056716,4372893.281750613],[722645.1605105217,4372812.908146507],[722623.5285881062,4372795.82623394],[722650.6718777122,4372766.445375241],[722641.8692556533,4372744.117931815],[722669.0450963881,4372704.5518674115],[722595.8106491469,4372672.3537925705],[722621.5051361169,4372645.730637288],[722690.8112263742,4372619.79471956],[722597.8437732289,4372622.256733225],[722586.2618748714,4372588.17057683],[722533.956197167,4372623.832848182],[722422.3150285691,4372729.899320515],[722278.3172424885,4372775.348517909],[722264.5393065545,4372704.7438292205],[722217.0044204649,4372698.077646722],[722199.4093218688,4372656.66005637]]],[[[722249.8629748292,4372079.904925697],[722261.43075,4372081.18581],[722285.3186973523,4372095.178717421],[722249.8629748292,4372079.904925697]]],[[[722490.3435059128,4373114.3199978955],[722505.9314326984,4373097.594076916],[722492.2933122987,4373116.169199789],[722490.3435059128,4373114.3199978955]]],[[[722564.8004282917,4373184.935153763],[722570.72197,4373190.34623],[722576.6519401061,4373196.175161103],[722564.8004282917,4373184.935153763]]],[[[722568.8209606586,4373027.794480069],[722569.5173164844,4373004.7797039775],[722570.7203,4373016.046],[722568.8209606586,4373027.794480069]]],[[[722654.080418346,4373285.209000512],[722735.37477,4373404.24088],[722722.5801713279,4373408.269801882],[722672.928976645,4373314.776005311],[722654.080418346,4373285.209000512]]]]}},{"type":"Feature","properties":{"DPTOCRC":"06","NOMBRE":"ADEMUZ","ZONA_COD":"0601","DEPARTAMENTO":"VALENCIA ARNAU LLIRIA"},"geometry":{"type":"Polygon","coordinates":[[[653037.69002,4429500.2049],[653037.69001,4429500.2049],[652229.69332,4429453.2074],[651989.69293,4429387.2067],[651713.69363,4429286.20941],[651713.69363,4429286.20941],[651706.53363,4429283.66601],[651637.69243,4429259.20951],[651637.69242,4429259.2095],[651015.70162,4429135.2172],[650525.69512,4429031.2172],[650364.69863,4428983.22361],[649920.69634,4428809.22801],[649664.69604,4428694.22721],[649664.69604,4428694.22721],[649664.69601,4428694.2272],[649559.69931,4428679.2285],[649559.6993,4428679.2285],[649440.6988,4428681.2303],[649440.69879,4428681.2303],[649310.69639,4428693.2299],[649310.69638,4428693.2299],[648961.70298,4428754.2334],[648961.70298,4428754.2334],[648961.70297,4428754.2334],[648778.70327,4428806.2345],[648778.70327,4428806.23451],[648650.70437,4428851.23381],[648650.70436,4428851.23381],[648533.70296,4428902.23691],[648173.70867,4429029.23421],[648173.70866,4429029.23421],[648109.70936,4429061.23031],[648109.70936,4429061.23031],[648109.70934,4429061.23032],[647900.71305,4429209.23132],[647256.71595,4429589.23431],[647171.71656,4429630.23351],[646754.71786,4429812.23421],[646754.71785,4429812.23421],[646259.71987,4430071.2397],[645497.72409,4430159.2423],[645497.72409,4430159.2423],[644410.72279,4430290.2473],[644410.72278,4430290.2473],[643350.72288,4430478.2551],[642667.71908,4430584.2593],[642667.71907,4430584.25931],[642667.71905,4430584.25931],[642667.71903,4430584.25932],[642667.71902,4430584.25934],[642607.72574,4430659.25912],[642343.72336,4430787.25571],[642026.72718,4430934.2574],[641483.72823,4430914.2667],[641270.72225,4430798.26631],[641270.72224,4430798.26631],[641181.72374,4430755.27181],[641181.72374,4430755.27181],[641181.72372,4430755.2718],[641181.7237,4430755.2718],[640885.72191,4430747.2683],[640808.72122,4430740.2709],[640056.72514,4430416.27311],[640056.72512,4430416.2731],[640056.72511,4430416.2731],[639597.72631,4430390.2775],[639597.72628,4430390.2775],[639597.72626,4430390.27751],[638520.74246,4430850.28051],[638520.74246,4430850.28051],[638520.74244,4430850.28052],[638520.74243,4430850.28053],[638520.74242,4430850.28055],[638520.74241,4430850.28056],[638302.74991,4431423.27156],[638302.7499,4431423.27157],[638121.757,4432027.26707],[638121.757,4432027.26707],[638121.757,4432027.26709],[638102.7618,4432192.26659],[638058.7664,4432448.26438],[638058.7664,4432448.26439],[637939.7772,4433334.25596],[637707.78182,4433664.24834],[637707.78182,4433664.24834],[637707.78181,4433664.24835],[637629.78821,4433808.25035],[637629.78821,4433808.25036],[637284.79791,4434499.24485],[637006.80572,4434888.24354],[637006.80572,4434888.24354],[637006.80571,4434888.24356],[637006.8057,4434888.24358],[636960.81021,4435105.24596],[636865.80892,4435234.24524],[636865.80892,4435234.24524],[636865.80891,4435234.24525],[636786.81061,4435373.24235],[636786.81061,4435373.24236],[636669.80991,4435621.24206],[636669.8099,4435621.24208],[636589.8128,4436005.24037],[636423.81681,4436356.24035],[636382.81632,4436427.23614],[636291.82083,4436529.23863],[636291.82082,4436529.23864],[636228.81662,4436611.23664],[636228.81662,4436611.23664],[636228.81661,4436611.23666],[636085.82302,4436899.23794],[635978.82053,4436994.23663],[635978.82053,4436994.23663],[635978.82053,4436994.23663],[635857.82183,4437127.23763],[635857.82183,4437127.23763],[635857.82182,4437127.23765],[635857.82181,4437127.23766],[635759.82261,4437353.23365],[635553.83002,4437684.23343],[635423.82884,4437786.23592],[635423.82883,4437786.23593],[635423.82882,4437786.23595],[635297.83382,4437978.23295],[635297.83382,4437978.23295],[635297.83381,4437978.23296],[635297.8338,4437978.23298],[635297.8338,4437978.23299],[635275.8308,4438227.23569],[635275.8308,4438227.23569],[635251.8335,4438516.22929],[635236.8345,4438622.22928],[635189.83391,4438749.22906],[635147.83412,4438820.23114],[635084.83862,4438906.22824],[634954.83802,4439063.22883],[634833.83983,4439196.22313],[634741.84064,4439280.22362],[634662.84225,4439332.22832],[634662.84225,4439332.22832],[634662.84223,4439332.22833],[634662.84222,4439332.22834],[634662.84221,4439332.22836],[634662.8422,4439332.22838],[634662.8422,4439332.2284],[634662.8422,4439332.22842],[634662.84221,4439332.22843],[634662.84221,4439332.22845],[634662.84223,4439332.22847],[634662.84224,4439332.22848],[634903.84054,4439511.22668],[635275.84013,4439797.22257],[635380.83573,4439905.22167],[635380.83573,4439905.22168],[635562.83173,4440063.22407],[635728.82927,4440227.22331],[635500.83693,4440567.22392],[635004.84236,4440805.22271],[634701.84466,4440945.21861],[634701.84464,4440945.21862],[634400.85024,4441144.21322],[634400.85024,4441144.21322],[634106.85374,4441356.21512],[634106.85374,4441356.21512],[633852.85395,4441547.21351],[633256.85857,4441768.21581],[633256.85856,4441768.21581],[633046.86216,4441865.21481],[632694.86296,4442021.21641],[632694.86296,4442021.21641],[632694.86295,4442021.21642],[632694.86293,4442021.21643],[632628.86423,4442082.21573],[632628.86423,4442082.21573],[632375.86373,4442341.21263],[632375.86372,4442341.21263],[632232.86452,4442505.21193],[632232.86452,4442505.21194],[632061.86482,4442722.20704],[632061.86482,4442722.20704],[631527.86582,4443434.20934],[631527.86582,4443434.20934],[631527.86581,4443434.20936],[631527.8658,4443434.20938],[631432.8649,4443888.20638],[631432.8649,4443888.2064],[631432.8649,4443888.20641],[631432.8649,4443888.20643],[631432.86491,4443888.20645],[631787.85271,4444560.20365],[631787.85271,4444560.20365],[631787.85272,4444560.20366],[632126.85172,4445042.20666],[632126.85173,4445042.20667],[632126.85175,4445042.20669],[632126.85177,4445042.20669],[632126.85179,4445042.2067],[632126.85181,4445042.2067],[632126.85183,4445042.2067],[632126.85185,4445042.20669],[632126.85186,4445042.20668],[632236.84546,4444953.20928],[632317.84755,4444900.20769],[632411.84604,4444853.21069],[632509.84622,4444823.2076],[632708.84462,4444783.2109],[632708.84463,4444783.21089],[632811.84193,4444747.20579],[632811.84193,4444747.20579],[632811.84194,4444747.20579],[632887.84294,4444710.20659],[632887.84294,4444710.20659],[632887.84296,4444710.20658],[633060.84065,4444582.21399],[633160.84404,4444535.21239],[633254.84233,4444503.21079],[633254.84234,4444503.21079],[633355.84064,4444454.20869],[633461.84033,4444414.2096],[633586.84131,4444393.212],[633688.83879,4444390.2099],[633766.83797,4444404.2081],[633830.83704,4444438.21118],[633883.83873,4444491.21577],[633942.83622,4444563.20936],[633942.83624,4444563.20938],[633942.83626,4444563.20939],[634304.82846,4444721.21149],[634304.82847,4444721.21149],[634386.82947,4444749.21169],[634386.82947,4444749.21169],[634386.82949,4444749.2117],[634386.82951,4444749.2117],[634443.82851,4444745.2144],[634443.82852,4444745.2144],[634682.82402,4444697.2183],[634682.82402,4444697.2183],[634935.82792,4444639.2157],[635056.82291,4444618.2141],[635135.82171,4444614.2124],[635135.82171,4444614.2124],[635297.82121,4444594.2184],[635297.82123,4444594.2184],[635542.82533,4444519.2152],[635910.82172,4444424.2145],[635910.82172,4444424.2145],[635910.82174,4444424.21449],[635910.82176,4444424.21448],[635966.82266,4444387.21468],[635966.82266,4444387.21468],[635966.82267,4444387.21467],[636130.82386,4444224.21388],[636256.82145,4444144.21119],[636549.82174,4443999.20669],[636738.82433,4443935.2062],[636858.82061,4443907.2005],[636966.82439,4443912.2],[637053.82747,4443927.2002],[637130.82455,4443964.19849],[637226.82223,4444021.19448],[637263.82571,4444068.19775],[637296.82721,4444137.19604],[637296.82722,4444137.19606],[637296.82723,4444137.19607],[637347.82233,4444183.19517],[637347.82234,4444183.19518],[637438.82354,4444253.19218],[637438.82355,4444253.19218],[637587.82845,4444346.18958],[637587.82846,4444346.18959],[637928.82956,4444490.18289],[637928.82957,4444490.1829],[638110.82767,4444546.18039],[638198.83056,4444584.18139],[638198.83056,4444584.18139],[638198.83058,4444584.1814],[638198.83059,4444584.1814],[638271.82989,4444590.1788],[638271.82992,4444590.1788],[638331.82812,4444580.1799],[638331.82812,4444580.1799],[638331.82814,4444580.17989],[638570.82634,4444477.17889],[638750.83372,4444417.174],[638898.83121,4444400.1714],[639235.83469,4444402.1674],[639397.83179,4444425.1659],[639397.8318,4444425.1659],[639397.83182,4444425.1659],[639397.83184,4444425.16589],[639397.83186,4444425.16588],[639397.83187,4444425.16587],[639397.83188,4444425.16586],[639397.83189,4444425.16584],[639397.8319,4444425.16582],[639397.8319,4444425.1658],[639397.8319,4444425.16578],[639347.8307,4444121.16359],[639336.8323,4443849.16871],[639352.827,4443764.16663],[639392.83219,4443673.16625],[639530.82568,4443486.17326],[639579.82606,4443432.16698],[639636.82993,4443407.16849],[639728.83042,4443382.1675],[639853.83191,4443365.1655],[639976.82689,4443356.159],[640097.83107,4443382.1627],[640188.83234,4443425.16318],[640238.83622,4443478.15806],[640293.82972,4443558.16216],[640293.82972,4443558.16216],[640342.83462,4443619.15646],[640342.83462,4443619.15646],[640342.83463,4443619.15648],[640384.83133,4443656.15458],[640384.83134,4443656.15458],[640478.83084,4443725.15378],[640528.83052,4443773.15016],[640578.83032,4443849.15285],[640578.83032,4443849.15286],[640672.82902,4443969.15206],[640672.82902,4443969.15207],[640791.82942,4444108.15047],[640791.82942,4444108.15047],[640791.82944,4444108.15048],[640791.82945,4444108.15049],[641152.82775,4444324.14789],[641421.82634,4444492.14248],[641485.82603,4444559.14417],[641741.82532,4444862.13996],[641741.82532,4444862.13996],[641741.82534,4444862.13998],[641741.82535,4444862.13999],[641741.82537,4444862.13999],[643124.81214,4445359.12688],[643384.81429,4445726.12371],[643264.81311,4445992.12386],[643264.81311,4445992.12386],[643220.81891,4446103.12236],[643220.81891,4446103.12236],[643220.8189,4446103.12237],[643124.8206,4446446.12027],[643124.8206,4446446.12027],[643124.8206,4446446.12029],[643124.8206,4446446.12031],[643124.82061,4446446.12034],[643320.8248,4446964.11071],[643294.8264,4447330.11156],[643075.01802,4447623.10704],[643075.01802,4447623.10704],[643066.83462,4447634.10694],[643066.83462,4447634.10694],[643066.83461,4447634.10696],[642992.83331,4447788.10576],[642992.83331,4447788.10576],[642829.83551,4448156.10706],[642829.83551,4448156.10706],[642829.8355,4448156.10708],[642829.8355,4448156.1071],[642825.8352,4448509.1063],[642774.8433,4449445.09719],[642774.8433,4449445.0972],[642773.8401,4449546.09399],[642765.8409,4449623.09599],[642765.8409,4449623.09599],[642765.8409,4449623.09601],[642765.84091,4449623.09603],[642981.83971,4450230.09133],[642981.83971,4450230.09134],[643166.8398,4450691.09022],[643177.842,4450800.08191],[643177.842,4450800.08192],[643200.8413,4450921.08492],[643200.84131,4450921.08493],[643200.84131,4450921.08495],[643242.84171,4450999.08623],[643251.8403,4451041.08039],[643231.84011,4451086.08456],[643231.84011,4451086.08456],[643231.8401,4451086.08458],[643231.8401,4451086.08461],[643235.8423,4451149.08071],[643235.8423,4451149.08072],[643246.8399,4451217.08222],[643246.83991,4451217.08224],[643246.83992,4451217.08226],[643269.84292,4451251.08286],[643269.84292,4451251.08286],[643269.84293,4451251.08287],[643327.84212,4451314.08266],[643379.84501,4451396.08175],[643411.84301,4451469.07954],[643411.84302,4451469.07956],[643411.84303,4451469.07957],[643521.84463,4451584.07967],[643521.84464,4451584.07968],[643590.84124,4451642.07648],[643590.84124,4451642.07648],[643590.84125,4451642.07649],[643692.84364,4451703.07898],[643749.83893,4451757.07577],[643749.83893,4451757.07577],[643749.83895,4451757.07579],[643749.83897,4451757.0758],[643749.83899,4451757.0758],[643966.83929,4451774.075],[644049.83626,4451791.07489],[644105.84044,4451827.07428],[644166.83763,4451883.07207],[644166.83763,4451883.07207],[644166.83764,4451883.07208],[644228.83834,4451928.06988],[644228.83834,4451928.06988],[644228.83836,4451928.06989],[644303.83986,4451963.07179],[644303.83988,4451963.0718],[644372.84088,4451979.0743],[644372.84089,4451979.0743],[644372.84091,4451979.0743],[644433.8339,4451974.0645],[644499.83638,4451978.0721],[644555.83205,4452003.06959],[644611.83673,4452049.07087],[644741.83473,4452182.06627],[644886.83282,4452348.06516],[644916.83631,4452403.06763],[644925.8349,4452446.06271],[644926.8345,4452494.06537],[644899.83442,4452538.06264],[644820.83533,4452620.06453],[644820.83532,4452620.06455],[644820.83531,4452620.06456],[644820.8353,4452620.06458],[644816.838,4452641.06038],[644816.838,4452641.0604],[644816.838,4452641.06042],[644816.83801,4452641.06044],[644816.83802,4452641.06046],[644816.83803,4452641.06047],[644816.83805,4452641.06048],[644816.83806,4452641.06049],[644816.83808,4452641.0605],[644816.8381,4452641.0605],[644816.83812,4452641.0605],[644816.83814,4452641.06049],[644854.83624,4452625.06339],[644854.83624,4452625.06339],[644854.83626,4452625.06338],[644963.83406,4452540.06538],[644963.83406,4452540.06538],[644963.83407,4452540.06537],[644963.83409,4452540.06535],[645006.83298,4452469.06116],[645107.83118,4452341.06166],[645107.83118,4452341.06166],[645264.82848,4452121.06876],[645264.82849,4452121.06874],[645264.8285,4452121.06872],[645264.8285,4452121.0687],[645264.8285,4452121.06868],[645264.82849,4452121.06866],[645264.82848,4452121.06864],[645150.8288,4451958.06566],[645133.8299,4451799.06839],[645133.8299,4451799.06838],[645085.8283,4451562.06578],[645085.8283,4451562.06577],[645058.8317,4451469.07057],[645058.83169,4451469.07056],[644969.82961,4451261.0696],[645198.82449,4450687.07574],[645382.82229,4450333.07655],[645382.82229,4450333.07654],[645474.82139,4450144.08004],[645474.82139,4450144.08004],[645745.81659,4449524.08624],[645835.81689,4449353.08315],[645835.81689,4449353.08315],[645835.8169,4449353.08313],[645835.8169,4449353.08311],[645835.8169,4449353.08309],[645825.8178,4449157.08702],[645873.81408,4449070.08396],[645950.81378,4448971.08226],[645950.81378,4448971.08226],[645950.81379,4448971.08225],[645981.81579,4448910.08655],[645981.81579,4448910.08654],[646004.81499,4448850.08684],[646004.815,4448850.08681],[646026.8133,4448558.08671],[646084.81068,4448203.087],[646165.8086,4448205.0891],[646165.80861,4448205.0891],[646229.80821,4448197.0854],[646229.80823,4448197.0854],[646229.80825,4448197.08539],[646274.81085,4448173.08889],[646274.81085,4448173.08889],[646274.81086,4448173.08888],[646274.81087,4448173.08887],[646322.81147,4448123.09147],[646322.81147,4448123.09147],[646322.81148,4448123.09146],[646389.80868,4448031.09126],[646547.81066,4447863.08418],[646745.80555,4447747.08749],[646745.80555,4447747.08749],[646745.80556,4447747.08748],[646745.80558,4447747.08746],[646745.80559,4447747.08745],[646745.80559,4447747.08743],[646761.80839,4447702.08873],[646761.8084,4447702.08872],[646761.8084,4447702.0887],[646768.8012,4447186.08735],[647069.79616,4446936.09328],[647069.79617,4446936.09328],[647482.79547,4446573.09658],[647482.79547,4446573.09657],[647695.79307,4446356.09987],[647695.79307,4446356.09987],[648046.78357,4445980.10077],[648864.7795,4445126.10325],[649034.78042,4445322.10047],[649034.78043,4445322.10047],[649105.77643,4445386.09547],[649105.77643,4445386.09547],[649105.77645,4445386.09549],[649237.77785,4445465.09949],[649237.77785,4445465.09949],[649237.77786,4445465.09949],[649373.78115,4445528.09859],[649425.77615,4445557.09149],[649425.77617,4445557.09149],[649425.77619,4445557.0915],[649425.7762,4445557.0915],[649447.7796,4445556.0984],[649447.77962,4445556.0984],[649447.77964,4445556.09839],[649447.77966,4445556.09838],[649447.77967,4445556.09837],[649498.77877,4445507.09797],[649498.77878,4445507.09796],[649550.77678,4445436.09416],[649550.77678,4445436.09416],[649550.77679,4445436.09414],[649550.7768,4445436.09413],[649550.7768,4445436.09411],[649550.7768,4445436.09409],[649550.7768,4445436.09407],[649550.77679,4445436.09405],[649550.77678,4445436.09404],[649550.77676,4445436.09402],[649502.77968,4445396.09723],[649466.7801,4445335.09596],[649454.7783,4445269.09559],[649452.7833,4445155.097],[649452.7833,4445155.09699],[649438.7784,4445048.10199],[649438.77839,4445048.10197],[649419.7772,4444995.09659],[649436.7748,4444920.10112],[649436.7748,4444920.1011],[649436.7748,4444920.10108],[649436.77479,4444920.10106],[649436.77478,4444920.10105],[649411.77718,4444882.09245],[649411.77718,4444882.09245],[649411.77716,4444882.09242],[649372.77456,4444849.10002],[649372.77456,4444849.10002],[649372.77454,4444849.10001],[649325.77718,4444828.10253],[649310.77751,4444785.099],[649331.78169,4444730.10036],[649410.77657,4444655.09847],[649410.77657,4444655.09847],[649410.77658,4444655.09846],[649410.77659,4444655.09844],[649410.7766,4444655.09842],[649410.7766,4444655.0984],[649408.7774,4444610.1003],[649408.7774,4444610.10028],[649408.77739,4444610.10026],[649408.77738,4444610.10024],[649408.77737,4444610.10023],[649366.77277,4444570.10333],[649366.77277,4444570.10333],[649366.77275,4444570.10331],[649306.77876,4444536.10502],[649268.77168,4444496.10214],[649227.77489,4444405.10216],[649185.7739,4444278.10508],[649184.7741,4444211.10762],[649212.77409,4444138.10915],[649294.77097,4444047.10827],[649294.77099,4444047.10825],[649294.77099,4444047.10824],[649306.77229,4444016.10794],[649306.77229,4444016.10794],[649306.7723,4444016.10791],[649306.7723,4444016.10789],[649306.7723,4444016.10787],[649272.77081,4443901.1121],[649289.77309,4443855.10985],[649359.76888,4443749.10976],[649443.76928,4443649.11246],[649443.76928,4443649.11246],[649443.76929,4443649.11244],[649460.76709,4443615.10954],[649460.7671,4443615.10953],[649460.7671,4443615.10951],[649466.7679,4443574.10881],[649466.7679,4443574.10879],[649456.7689,4443446.10989],[649456.7689,4443446.10989],[649456.7689,4443446.10988],[649431.7704,4443345.11188],[649431.7704,4443345.11188],[649431.77039,4443345.11186],[649431.77039,4443345.11185],[649369.76899,4443244.11165],[649369.76899,4443244.11165],[649369.76898,4443244.11164],[649210.76568,4443044.11764],[649210.76568,4443044.11764],[649210.76566,4443044.11762],[649154.76906,4443003.11742],[649154.76906,4443003.11742],[649154.76904,4443003.11741],[649154.76903,4443003.1174],[649060.77001,4442978.12033],[649066.7662,4442912.11792],[649096.76869,4442829.11894],[649132.76839,4442761.11975],[649200.76528,4442658.12206],[649327.76498,4442504.11876],[649327.76499,4442504.11875],[649511.76388,4442183.12026],[649558.76108,4442124.12186],[649591.76646,4442087.11838],[649729.76463,4442021.12069],[649884.76542,4441982.1197],[649884.76543,4441982.1197],[650005.76463,4441945.116],[650005.76464,4441945.11599],[650231.75963,4441851.1188],[650302.75899,4441833.11861],[650359.76254,4441857.11868],[650448.76023,4441949.11557],[650448.76023,4441949.11557],[650448.76024,4441949.11558],[650448.76026,4441949.11559],[650508.76246,4441973.11359],[650508.76248,4441973.1136],[650508.7625,4441973.1136],[650586.7579,4441976.1178],[650586.75791,4441976.1178],[650693.7566,4441970.1168],[650884.75629,4441981.1179],[651044.75718,4442002.1151],[651166.75538,4442026.1149],[651295.75796,4442065.11399],[651385.74696,4442109.10829],[651385.74696,4442109.10829],[651385.74697,4442109.1083],[651385.74699,4442109.1083],[651459.75299,4442120.1099],[651459.75301,4442120.1099],[651544.75231,4442109.1076],[651544.75233,4442109.1076],[651623.75523,4442086.1144],[651623.75523,4442086.1144],[651623.75525,4442086.11438],[651703.75345,4442034.11198],[651703.75346,4442034.11198],[651782.75226,4441971.11158],[651782.75228,4441971.11157],[651830.74867,4441915.11117],[651905.74996,4441849.11038],[651986.74774,4441798.11289],[652070.74752,4441771.1102],[652198.74652,4441751.1107],[652198.74653,4441751.1107],[652294.74373,4441725.107],[652294.74374,4441725.10699],[652453.74494,4441660.10969],[652453.74494,4441660.10969],[652453.74495,4441660.10969],[652564.74604,4441593.10919],[652682.74253,4441547.1069],[652786.74321,4441521.1071],[652857.74269,4441525.1063],[653132.74236,4441575.10469],[653235.73975,4441639.10978],[653235.73975,4441639.10978],[653235.73977,4441639.10979],[653235.73979,4441639.1098],[653235.73981,4441639.1098],[653268.74111,4441637.1007],[653268.74112,4441637.1007],[653268.74114,4441637.10069],[653291.73994,4441628.10159],[653291.73996,4441628.10158],[653332.74054,4441599.10609],[653383.7392,4441590.1134],[653428.73336,4441602.10409],[653477.73755,4441633.10818],[653477.73755,4441633.10818],[653477.73757,4441633.1082],[653511.73437,4441643.1045],[653511.73437,4441643.1045],[653511.7344,4441643.1045],[653554.7341,4441643.1043],[653554.73412,4441643.1043],[653638.73792,4441630.103],[653638.73792,4441630.103],[653760.73652,4441602.1026],[653863.7378,4441588.1017],[654017.73419,4441597.1],[654131.73337,4441614.1039],[654351.73195,4441713.10079],[654463.77725,4441778.01939],[654463.77725,4441778.01939],[654464.93275,4441778.68689],[654464.93276,4441778.68689],[654506.73196,4441799.09899],[654506.73196,4441799.09899],[654506.73197,4441799.09899],[654580.73007,4441826.10159],[654580.73007,4441826.10159],[654580.73009,4441826.1016],[654647.72759,4441836.0972],[654647.7276,4441836.0972],[654709.7326,4441834.1004],[654709.73263,4441834.1004],[654772.73251,4441815.0989],[655267.72529,4441873.097],[655267.7253,4441873.097],[655434.72569,4441878.0957],[655558.71858,4441891.0963],[655633.71986,4441908.09409],[655710.71964,4441952.09718],[655809.71923,4442039.09148],[655809.71925,4442039.09149],[655809.71926,4442039.09149],[655809.71928,4442039.0915],[655879.71908,4442054.0967],[655879.71909,4442054.0967],[656214.71538,4442096.0943],[656327.71488,4442118.0955],[656327.71489,4442118.0955],[656419.71449,4442127.0962],[656419.71451,4442127.0962],[656419.71453,4442127.0962],[656490.71383,4442107.0937],[656490.71384,4442107.09369],[656578.71144,4442067.09019],[656690.71132,4442027.0927],[656770.71349,4442018.0956],[656813.70855,4442034.08839],[656924.71353,4442116.09178],[656988.70893,4442181.09477],[656988.70893,4442181.09477],[656988.70894,4442181.09478],[656988.70896,4442181.09479],[656988.70898,4442181.0948],[656988.709,4442181.0948],[657157.7084,4442186.0934],[657157.70841,4442186.0934],[657157.70843,4442186.0934],[657204.70943,4442173.0884],[657204.70944,4442173.08839],[657323.70523,4442128.0879],[657426.70221,4442101.0888],[657496.69798,4442105.0906],[657567.70537,4442125.0909],[657567.70538,4442125.0909],[657639.70018,4442139.0912],[657639.7002,4442139.0912],[657639.70022,4442139.0912],[657672.70532,4442132.0931],[657823.70292,4442109.0939],[657823.70294,4442109.09389],[657823.70295,4442109.09388],[657861.70155,4442084.09198],[657861.70155,4442084.09198],[657861.70157,4442084.09197],[657861.70158,4442084.09195],[657884.70038,4442048.09215],[657884.70038,4442048.09215],[657884.70039,4442048.09214],[657884.7004,4442048.09212],[657921.69889,4441887.09144],[657954.70007,4441843.09267],[658057.70106,4441761.08888],[658057.70106,4441761.08888],[658057.70107,4441761.08887],[658057.70108,4441761.08886],[658092.70118,4441708.09056],[658092.70118,4441708.09056],[658092.70119,4441708.09054],[658148.69709,4441584.08914],[658148.69709,4441584.08914],[658148.6971,4441584.08913],[658183.69628,4441460.09807],[658405.69274,4441364.09629],[658405.69275,4441364.09629],[658447.69675,4441341.09089],[658447.69675,4441341.09089],[658447.69676,4441341.09088],[658447.69677,4441341.09087],[658447.69679,4441341.09085],[658486.69418,4441278.09476],[658533.69556,4441231.09548],[658610.69506,4441178.09568],[658610.69506,4441178.09568],[658610.69507,4441178.09567],[658610.69508,4441178.09566],[658610.69509,4441178.09564],[658635.68865,4441119.09713],[658686.68716,4441141.09879],[658686.68716,4441141.09879],[658686.68718,4441141.0988],[658686.6872,4441141.0988],[658686.68722,4441141.0988],[658686.68724,4441141.09879],[658686.68725,4441141.09878],[658686.68727,4441141.09877],[658686.68728,4441141.09876],[658686.68729,4441141.09874],[658726.69256,4441049.09292],[658786.68997,4441068.0936],[658786.68997,4441068.0936],[658786.68999,4441068.0936],[658786.69001,4441068.0936],[658786.69003,4441068.0936],[658786.69004,4441068.09359],[658786.69006,4441068.09358],[658786.69007,4441068.09357],[658839.68726,4441008.09599],[658878.68883,4440997.096],[658878.68883,4440997.096],[658878.68884,4440997.09599],[658878.68886,4440997.09598],[658903.69056,4440979.09848],[658903.69057,4440979.09847],[658903.69059,4440979.09845],[658903.6906,4440979.09843],[658903.6906,4440979.09841],[658903.6906,4440979.09839],[658895.69101,4440914.09544],[658964.68757,4440851.09927],[658964.68757,4440851.09927],[658964.68758,4440851.09926],[658964.68759,4440851.09924],[658964.6876,4440851.09923],[658964.6876,4440851.09921],[658969.6883,4440792.09461],[658969.6883,4440792.09459],[658953.6931,4440685.09742],[658981.68459,4440627.09885],[659043.68518,4440527.09945],[659043.68518,4440527.09945],[659043.68519,4440527.09944],[659079.68409,4440446.09944],[659079.68409,4440446.09944],[659079.6841,4440446.09943],[659079.6841,4440446.09941],[659095.6863,4440268.10112],[659106.68407,4440238.09989],[659137.6862,4440233.1009],[659238.68478,4440253.1035],[659238.68478,4440253.1035],[659238.68479,4440253.1035],[659303.67919,4440259.0978],[659303.67921,4440259.0978],[659303.67923,4440259.09779],[659348.68173,4440244.09779],[659348.68173,4440244.09779],[659348.68175,4440244.09779],[659348.68177,4440244.09777],[659407.67956,4440186.09708],[659514.67825,4440109.10029],[659560.67983,4440085.09979],[659623.67571,4440071.0996],[659965.6769,4440074.0964],[659965.67691,4440074.0964],[660021.67691,4440067.0961],[660021.67693,4440067.09609],[660021.67695,4440067.09609],[660055.67705,4440047.09509],[660055.67705,4440047.09509],[660055.67707,4440047.09508],[660055.67708,4440047.09506],[660154.67237,4439924.09647],[660189.67194,4439900.1005],[660231.67611,4439896.0964],[660231.67613,4439896.0964],[660231.67614,4439896.09639],[660231.67616,4439896.09638],[660386.67145,4439793.09839],[660446.6733,4439762.09781],[660499.67096,4439785.09839],[660499.67098,4439785.0984],[660499.671,4439785.0984],[660836.6666,4439770.0953],[660925.6679,4439774.0944],[660925.66792,4439774.0944],[660957.66512,4439766.0948],[660957.66515,4439766.09479],[660957.66517,4439766.09478],[661247.66297,4439517.09518],[661247.66297,4439517.09517],[661385.66387,4439389.09547],[661385.66387,4439389.09547],[661472.66186,4439300.09628],[661570.66175,4439237.09328],[661570.66175,4439237.09328],[661570.66177,4439237.09327],[661756.65917,4439054.09877],[662088.65237,4438753.10108],[662108.65316,4438736.10258],[662108.65317,4438736.10257],[662188.65517,4438648.10037],[662188.65518,4438648.10036],[662388.65217,4438409.10177],[662554.64886,4438274.09808],[662700.64936,4438173.09668],[662700.64936,4438173.09668],[662700.64936,4438173.09668],[662767.64656,4438116.09488],[662856.64766,4438055.09748],[662856.64766,4438055.09748],[662938.64475,4437987.10008],[663019.64644,4437947.10059],[663019.64644,4437947.10059],[663019.64646,4437947.10058],[663019.64647,4437947.10057],[663172.64267,4437780.09667],[663172.64268,4437780.09666],[663253.64408,4437669.10166],[663322.64027,4437598.09997],[663322.64027,4437598.09997],[663322.64029,4437598.09995],[663373.63907,4437513.10237],[663438.63735,4437476.10339],[663438.63735,4437476.10339],[663438.63736,4437476.10338],[663496.64026,4437427.10308],[663496.64028,4437427.10306],[663496.64029,4437427.10304],[663513.63848,4437393.10226],[663627.63716,4437267.09978],[663713.63574,4437217.10579],[663804.63992,4437194.1006],[663804.63993,4437194.10059],[663893.63713,4437162.09839],[663893.63713,4437162.09839],[663893.63715,4437162.09839],[663893.63717,4437162.09837],[663893.63718,4437162.09836],[663893.63719,4437162.09834],[663893.6372,4437162.09832],[663893.6372,4437162.09831],[663893.6372,4437162.09829],[663893.63719,4437162.09827],[663893.63719,4437162.09825],[663879.63269,4437138.10405],[663879.63269,4437138.10405],[663879.63268,4437138.10404],[663879.63266,4437138.10402],[663765.63779,4437042.10535],[663758.63771,4437006.10572],[663781.64038,4436965.10495],[663890.63348,4436817.10516],[663996.63668,4436688.10426],[663996.63668,4436688.10426],[663996.63668,4436688.10425],[664159.63047,4436430.10867],[664225.62876,4436386.10178],[664225.62876,4436386.10178],[664337.62846,4436301.10718],[664422.62775,4436251.10709],[664422.62775,4436251.10709],[664422.62777,4436251.10708],[664422.62778,4436251.10706],[664422.62779,4436251.10705],[664422.6278,4436251.10703],[664422.6278,4436251.10701],[664422.6278,4436251.10699],[664422.6278,4436251.10697],[664422.62779,4436251.10695],[664422.62778,4436251.10694],[664369.62971,4436184.10567],[664372.6281,4436164.10733],[664394.63129,4436127.10995],[664394.63129,4436127.10994],[664394.6313,4436127.10992],[664421.6275,4436002.11112],[664421.6275,4436002.11112],[664444.6258,4435856.10802],[664444.6258,4435856.10801],[664469.6266,4435572.10961],[664469.6266,4435572.1096],[664480.6233,4435265.115],[664480.6233,4435265.11499],[664475.6223,4435211.12009],[664475.6223,4435211.12009],[664475.6223,4435211.12007],[664475.62229,4435211.12005],[664475.62228,4435211.12004],[664448.62548,4435179.12064],[664448.62548,4435179.12064],[664448.62546,4435179.12062],[664202.63007,4434996.12303],[664072.62378,4434839.12084],[663872.62909,4434485.12146],[663787.6293,4434245.12277],[663734.6314,4434067.13097],[663734.6314,4434067.13097],[663734.63139,4434067.13096],[663644.63019,4433857.13096],[663644.63019,4433857.13095],[663553.62949,4433684.12765],[663553.62948,4433684.12764],[663448.62898,4433534.13374],[663448.62897,4433534.13373],[663448.62895,4433534.13372],[663448.62894,4433534.13371],[663349.62964,4433496.13191],[663349.62963,4433496.13191],[662462.63453,4433173.13901],[662462.63453,4433173.139],[662290.63675,4433117.13961],[662240.63707,4433069.14113],[662049.63758,4432851.14054],[661911.63978,4432685.14524],[661911.63977,4432685.14523],[661821.63927,4432595.15123],[661821.63927,4432595.15123],[661821.63925,4432595.15122],[661505.64285,4432392.14782],[661505.64285,4432392.14781],[661293.63915,4432271.15141],[661293.63914,4432271.15141],[661167.63904,4432213.15081],[661167.63904,4432213.15081],[661167.63903,4432213.1508],[661027.64703,4432173.152],[661027.64703,4432173.152],[661027.64702,4432173.152],[660899.64802,4432150.1516],[660779.64833,4432121.1507],[660708.64885,4432093.15271],[660528.64696,4431963.15372],[660528.64696,4431963.15372],[660301.64836,4431808.15862],[660301.64835,4431808.15862],[659770.65415,4431470.16072],[659770.65415,4431470.16071],[659563.65595,4431350.16381],[659563.65594,4431350.16381],[659404.65425,4431272.16291],[659242.65415,4431173.16811],[659242.65415,4431173.16811],[659242.65414,4431173.16811],[659063.65564,4431096.16831],[659063.65564,4431096.16831],[659063.65562,4431096.1683],[659063.6556,4431096.1683],[659063.65558,4431096.1683],[659063.65556,4431096.16831],[659063.65554,4431096.16832],[658977.65675,4431158.16522],[658889.65506,4431208.16511],[658817.66008,4431230.1647],[658583.65729,4431251.1639],[658199.65994,4431262.1666],[658119.66127,4431183.17003],[658119.66126,4431183.17002],[657911.66316,4431015.16852],[657911.66316,4431015.16852],[657707.66296,4430861.17282],[657707.66295,4430861.17282],[657597.66545,4430791.17322],[657597.66543,4430791.17321],[657531.66683,4430767.17911],[657531.66681,4430767.1791],[657442.66131,4430760.1735],[657442.66129,4430760.1735],[657289.6684,4430768.1755],[657160.66571,4430767.1725],[657066.66334,4430740.17851],[656878.66575,4430647.17991],[656600.67145,4430490.18051],[656600.67145,4430490.18051],[656600.67143,4430490.1805],[656600.67141,4430490.1805],[656600.67139,4430490.1805],[656524.67089,4430501.1827],[656524.67088,4430501.1827],[656342.67028,4430539.1776],[656226.67259,4430554.1814],[656051.6723,4430565.1814],[655936.67352,4430560.1809],[655882.67234,4430543.18271],[655753.67335,4430476.18371],[655619.67736,4430386.18532],[655533.67367,4430317.18472],[655468.67888,4430255.18244],[655360.67519,4430051.18535],[655360.67518,4430051.18534],[655360.67516,4430051.18532],[655360.67515,4430051.18531],[655360.67513,4430051.18531],[655289.67543,4430027.18531],[655289.67542,4430027.1853],[655000.67953,4429976.1932],[654908.67605,4429943.19241],[654838.67926,4429890.18922],[654838.67926,4429890.18922],[654838.67925,4429890.18921],[654707.67776,4429822.19042],[654615.67337,4429733.19353],[654615.67335,4429733.19351],[654354.6814,4429576.19464],[654352.674,4429493.1938],[654352.674,4429493.19378],[654352.67399,4429493.19376],[654352.67398,4429493.19374],[654352.67397,4429493.19373],[654352.67395,4429493.19371],[654352.67393,4429493.19371],[654352.67391,4429493.1937],[654352.67389,4429493.1937],[654352.67387,4429493.1937],[654140.68297,4429552.1974],[654140.68297,4429552.1974],[653682.68402,4429692.19559],[653629.68167,4429646.20022],[653629.68166,4429646.20022],[653587.68176,4429618.20072],[653587.68174,4429618.20071],[653587.68172,4429618.2007],[653037.69002,4429500.2049]]]}},{"type":"Feature","properties":{"DPTOCRC":"06","NOMBRE":"BENAGUACIL","ZONA_COD":"0602","DEPARTAMENTO":"VALENCIA ARNAU LLIRIA"},"geometry":{"type":"Polygon","coordinates":[[[703481.42176,4384452.85861],[703480.62926,4384453.24561],[703376.62807,4384491.2438],[703240.62348,4384512.2474],[703240.62346,4384512.24741],[703180.61887,4384535.2472],[703130.61699,4384542.2458],[703070.6167,4384542.2465],[703070.61668,4384542.2465],[703070.61667,4384542.24651],[703070.61665,4384542.24651],[703070.61663,4384542.24652],[703070.29913,4384542.51902],[703049.61593,4384560.24882],[703049.61592,4384560.24884],[703025.61862,4384589.44564],[702929.61153,4384706.25463],[702818.60573,4384816.25233],[702758.48463,4384870.00923],[702733.60273,4384892.25513],[702733.60273,4384892.25513],[702733.60273,4384892.25513],[702649.60333,4384984.25853],[702649.60333,4384984.25853],[702649.60331,4384984.25855],[702616.60071,4385042.25675],[702616.60071,4385042.25675],[702616.60071,4385042.25677],[702601.16231,4385088.75267],[702531.59781,4385298.25885],[702464.59742,4385383.26224],[702464.59741,4385383.26226],[702464.5974,4385383.26228],[702464.5974,4385383.2623],[702459.5961,4385514.26139],[702459.5801,4385514.36138],[702459.5801,4385514.3614],[702459.5801,4385514.38839],[702450.5975,4385573.26026],[702420.59292,4385622.25944],[702366.59352,4385689.26504],[702366.59352,4385689.26504],[702366.59351,4385689.26505],[702292.58842,4385816.26744],[702241.58752,4385883.26514],[702141.85023,4385988.59403],[702134.58343,4385996.26763],[702134.58343,4385996.26763],[702134.58341,4385996.26765],[702114.21521,4386029.83725],[702080.58402,4386085.26914],[702031.58167,4386153.27037],[702030.72175,4386152.78491],[701836.57095,4386043.27551],[701836.57093,4386043.27551],[701574.55953,4385949.27621],[701574.55953,4385949.2762],[701421.59223,4385903.7762],[701295.54904,4385866.28371],[701059.83284,4385755.88951],[701058.54084,4385755.28551],[701058.54083,4385755.2855],[701058.54081,4385755.2855],[701007.53921,4385750.2848],[701007.53919,4385750.2848],[701007.53918,4385750.2848],[700963.53388,4385759.2887],[700963.53386,4385759.28871],[700932.53416,4385773.28941],[700932.53416,4385773.28941],[700932.53414,4385773.28942],[700932.53413,4385773.28943],[700932.53411,4385773.28945],[700908.53461,4385813.28785],[700908.53461,4385813.28785],[700908.5346,4385813.28787],[700861.6007,4385973.05687],[700861.53121,4385973.29236],[700825.53021,4386048.29385],[700774.52863,4386114.29853],[700730.52784,4386156.29381],[700677.52317,4386178.3011],[700603.52159,4386194.2997],[700392.27429,4386210.2456],[700391.51229,4386210.3031],[700391.51227,4386210.30311],[700361.51197,4386221.30541],[700361.51197,4386221.30541],[700361.51195,4386221.30542],[700361.51193,4386221.30543],[700342.50963,4386240.30553],[700342.50963,4386240.30553],[700342.50962,4386240.30555],[700273.33962,4386345.70235],[700258.50502,4386368.30894],[700174.81043,4386461.30533],[700096.50143,4386548.31772],[699921.49235,4386663.32211],[699694.48197,4386778.3264],[699639.84508,4386789.2538],[699639.4786,4386789.3273],[699639.26361,4386789.3028],[699604.47663,4386785.3305],[699571.47785,4386768.32652],[699518.47367,4386727.33203],[699454.47118,4386654.32733],[699454.47118,4386654.32733],[699454.47116,4386654.32732],[699406.66066,4386614.88722],[699374.46886,4386588.33142],[699374.46886,4386588.33142],[699340.51556,4386564.32982],[699318.18366,4386548.54302],[699316.46706,4386547.33102],[699316.46706,4386547.33102],[699316.46704,4386547.33101],[699316.46703,4386547.331],[699316.34453,4386547.294],[699316.34453,4386547.294],[699265.46593,4386532.3323],[699265.46593,4386532.3323],[699265.46591,4386532.3323],[699265.46588,4386532.3323],[699265.46586,4386532.33231],[699151.94636,4386577.55511],[699142.45747,4386581.33391],[699054.45518,4386610.3383],[698790.48729,4386644.0853],[698788.44519,4386644.3458],[698788.44518,4386644.3458],[698691.44258,4386664.3459],[698691.44256,4386664.34591],[698691.44254,4386664.34592],[698691.44253,4386664.34593],[698691.44252,4386664.34594],[698691.44251,4386664.34596],[698691.4425,4386664.34598],[698691.4425,4386664.346],[698691.4425,4386664.3605],[698691.4425,4386664.36051],[698691.455,4386664.47301],[698700.4407,4386829.3482],[698678.4401,4387050.35439],[698621.4414,4387587.35689],[698621.4414,4387587.3569],[698616.4407,4387689.3558],[698616.4407,4387689.3558],[698619.443,4387753.356],[698619.443,4387753.35602],[698637.4414,4387828.36002],[698637.44141,4387828.36004],[698679.44281,4387925.35474],[698679.44281,4387925.35474],[698679.44281,4387925.35475],[698739.44581,4388033.35575],[698771.44491,4388091.35685],[698834.44861,4388223.35354],[698834.44861,4388223.35354],[698834.44862,4388223.35356],[698834.44863,4388223.35357],[698834.44865,4388223.35359],[698834.44867,4388223.35359],[698958.45487,4388265.35189],[698958.45487,4388265.3519],[699239.46217,4388341.3478],[699239.46218,4388341.3478],[699340.42998,4388362.3405],[699340.42998,4388362.3405],[699340.46448,4388362.3465],[699340.4645,4388362.3465],[699340.46452,4388362.3465],[699340.46454,4388362.34649],[699340.46456,4388362.34648],[699340.47906,4388362.33598],[699340.51356,4388362.31098],[699417.72416,4388306.70878],[700462.51016,4387554.31658],[700462.51016,4387554.31658],[700499.51086,4387527.31448],[700523.08046,4387511.60588],[700523.50445,4387511.32288],[700523.51442,4387511.3169],[700565.51658,4387514.3125],[700582.51567,4387519.3131],[700896.94397,4387614.5597],[701295.53967,4387735.3004],[701295.53969,4387735.3004],[701295.5397,4387735.3004],[701330.1256,4387734.3107],[701330.1256,4387734.3107],[701330.5416,4387734.2982],[701330.54163,4387734.2982],[702113.57673,4387505.279],[702346.76293,4387437.6518],[702413.59013,4387418.272],[702413.59013,4387418.272],[702413.59015,4387418.27198],[702551.20325,4387330.05388],[702973.62275,4387059.25418],[702973.62276,4387059.25418],[703126.63075,4386955.25309],[703183.63303,4386925.2503],[705091.63242,4386526.2202],[705091.63242,4386526.2202],[705370.62852,4386468.2195],[705405.62871,4386461.2166],[705599.626,4386462.2137],[705970.6262,4386466.211],[705970.6262,4386466.211],[706542.2627,4386471.0964],[707022.6169,4386475.1968],[707200.7134,4386477.3571],[707229.1271,4386477.7027],[707269.61176,4386478.1957],[707273.52124,4386481.31068],[707401.23434,4386583.06478],[707761.61183,4386870.19217],[707816.61322,4386930.19246],[707816.64171,4386930.24545],[707816.64172,4386930.24546],[707816.64174,4386930.24548],[707816.64175,4386930.24549],[707816.64177,4386930.24549],[707816.64179,4386930.2455],[707816.64181,4386930.2455],[707816.64182,4386930.2455],[707816.64184,4386930.24549],[707816.64186,4386930.24548],[707816.64187,4386930.24547],[707816.64188,4386930.24545],[707816.64189,4386930.24544],[707816.66239,4386930.19244],[707816.6624,4386930.19242],[707816.6624,4386930.19239],[707816.6624,4386930.19237],[707816.66239,4386930.19235],[707816.64943,4386930.16693],[707891.61355,4386877.19269],[707905.61784,4386870.43849],[707905.66684,4386870.41499],[707905.66684,4386870.41499],[708059.95254,4386796.00549],[708088.60804,4386782.18499],[708088.60804,4386782.18499],[708088.60806,4386782.18498],[708088.60808,4386782.18497],[708088.60809,4386782.18495],[708088.6081,4386782.18493],[708088.6081,4386782.18491],[708088.6081,4386782.18489],[708088.6081,4386782.18487],[708088.60809,4386782.18485],[708088.60808,4386782.18484],[708088.60806,4386782.18482],[708088.60805,4386782.18481],[708088.53205,4386782.14581],[708074.28415,4386774.75891],[708034.61066,4386754.19122],[708034.29317,4386753.91272],[707961.61147,4386690.19153],[707946.60731,4386670.18857],[707950.60889,4386643.18994],[707950.65788,4386643.12846],[707998.90018,4386583.05726],[708207.60168,4386323.18376],[708207.60168,4386323.18376],[708274.47728,4386230.73506],[708275.60128,4386229.18046],[708275.60128,4386229.18045],[708481.24728,4385906.85295],[708481.24729,4385906.85295],[708481.25128,4385906.84645],[708587.58498,4385740.17555],[708696.62678,4385570.18845],[708723.57678,4385528.17575],[708723.57678,4385528.17575],[708723.57679,4385528.17574],[708723.5768,4385528.17572],[708723.5768,4385528.1757],[708723.5768,4385528.17568],[708723.57679,4385528.17566],[708723.57678,4385528.17564],[708723.57677,4385528.17563],[708723.57675,4385528.17561],[708723.49525,4385528.12661],[708723.49525,4385528.12661],[708657.57626,4385489.17472],[708633.57848,4385466.17124],[708611.57888,4385431.17225],[708611.57887,4385431.17223],[708585.57847,4385402.17023],[708585.57846,4385402.17022],[708585.57844,4385402.17021],[708524.5824,4385373.16954],[708526.581,4385347.17232],[708526.5975,4385347.10682],[708541.5793,4385288.16882],[708541.5793,4385288.16882],[708541.5793,4385288.16881],[708541.5793,4385288.16879],[708541.57929,4385288.16877],[708541.57929,4385288.16875],[708541.57928,4385288.16873],[708541.57926,4385288.16872],[708541.57924,4385288.16871],[708541.57924,4385288.16871],[708541.56724,4385288.16271],[708541.56724,4385288.16271],[708497.5816,4385269.17073],[708494.5887,4385225.26339],[708494.5847,4385225.19579],[708494.5847,4385225.19579],[708494.5827,4385225.1693],[708501.5818,4385179.16894],[708558.57869,4385086.16835],[708558.57869,4385086.16835],[708558.57869,4385086.16834],[708575.57609,4385049.17105],[708589.57536,4385030.16949],[708589.69032,4385030.141],[708589.69032,4385030.141],[708644.57422,4385016.1696],[708644.57422,4385016.1696],[708644.57425,4385016.16959],[708672.57355,4385000.16859],[708672.57357,4385000.16858],[708672.57358,4385000.16856],[708672.57359,4385000.16855],[708693.53989,4384960.23025],[708693.57239,4384960.16875],[708693.57239,4384960.16875],[708693.5724,4384960.16872],[708697.5701,4384944.16753],[708703.5702,4384922.16783],[708703.5702,4384922.16781],[708705.4889,4384901.05661],[708719.5666,4384746.16702],[708756.54679,4384648.20814],[708756.54679,4384648.20813],[708756.56329,4384648.16314],[708840.55979,4384479.16464],[708840.55979,4384479.16464],[708840.5598,4384479.16463],[708862.5579,4384411.16243],[708862.5579,4384411.16243],[708862.5579,4384411.1624],[708864.5602,4384351.1632],[708865.551,4384334.31401],[708865.551,4384334.314],[708865.553,4384334.27301],[708865.5595,4384334.16251],[708865.5595,4384334.16248],[708850.5594,4384241.15988],[708850.55939,4384241.15986],[708828.55549,4384186.15816],[708828.55548,4384186.15814],[708777.90318,4384116.84024],[708752.55949,4384082.15925],[708738.5596,4384053.15897],[708734.5757,4384009.35999],[708734.5757,4384009.35999],[708734.5572,4384009.15949],[708734.5572,4384009.15947],[708734.55719,4384009.15946],[708734.55718,4384009.15944],[708734.55717,4384009.15943],[708734.55715,4384009.15942],[708734.55714,4384009.15941],[708734.55712,4384009.1594],[708734.55712,4384009.1594],[708733.59262,4384008.9729],[708672.56177,4383997.15961],[708668.04779,4383987.53206],[708657.55839,4383965.15526],[708657.55838,4383965.15524],[708657.55837,4383965.15523],[708657.55835,4383965.15521],[708657.55833,4383965.15521],[708657.55832,4383965.1552],[708657.5583,4383965.1552],[708605.7412,4383967.1521],[708605.5608,4383967.1581],[708605.56078,4383967.1581],[708605.56076,4383967.15811],[708605.56074,4383967.15812],[708605.56073,4383967.15813],[708605.56071,4383967.15815],[708605.56071,4383967.15817],[708605.5607,4383967.15819],[708605.5607,4383967.15821],[708621.5616,4384161.1613],[708614.5639,4384338.16158],[708612.5651,4384345.16367],[708612.5651,4384345.16368],[708603.56692,4384385.15949],[708603.53451,4384385.1555],[708601.38402,4384384.8255],[708426.57212,4384358.1635],[708322.57172,4384337.1625],[708322.57172,4384337.1625],[707912.64872,4384256.5595],[707911.49772,4384256.3325],[707905.58131,4384255.16712],[707932.5704,4383868.16553],[707932.59689,4383868.12255],[708091.56719,4383611.16085],[708091.56719,4383611.16084],[708247.74069,4383268.72474],[708278.55779,4383201.15405],[708299.55695,4383170.15491],[708306.75379,4383171.0598],[708450.55358,4383189.1475],[708539.55377,4383212.1468],[708539.55379,4383212.1468],[708621.55009,4383224.1505],[708621.5501,4383224.1505],[708621.55012,4383224.1505],[708621.55014,4383224.15049],[708621.55015,4383224.15048],[708621.55017,4383224.15047],[708621.55018,4383224.15046],[708632.47168,4383209.25926],[708632.47168,4383209.25926],[708632.55168,4383209.14876],[708632.55169,4383209.14874],[708632.5517,4383209.14872],[708632.6887,4383208.50372],[708632.6887,4383208.50372],[708647.55,4383138.14802],[708647.55,4383138.14801],[708669.5465,4382935.14591],[708669.5465,4382935.14589],[708669.54649,4382935.14587],[708669.54649,4382935.14585],[708669.54647,4382935.14583],[708669.33147,4382934.92483],[708669.33147,4382934.92483],[708585.54668,4382849.14344],[708528.54679,4382767.14665],[708504.5479,4382698.14497],[708485.5457,4382624.14379],[708492.5448,4382563.14172],[708525.53639,4382472.16024],[708525.54439,4382472.13974],[708538.75779,4382441.62194],[708542.88859,4382432.08234],[708567.52639,4382375.18214],[708567.52639,4382375.18214],[708567.54289,4382375.14314],[708567.54289,4382375.14314],[708567.5429,4382375.14312],[708567.5429,4382375.1431],[708567.5429,4382375.14308],[708567.54289,4382375.14306],[708567.54288,4382375.14305],[708567.54287,4382375.14303],[708567.54286,4382375.14302],[708567.54284,4382375.14301],[708567.54284,4382375.14301],[708479.54134,4382335.13931],[708479.54134,4382335.13931],[708263.07844,4382246.63021],[708254.54654,4382243.14281],[708254.54654,4382243.14281],[708254.54652,4382243.1428],[708254.03252,4382243.0504],[708254.03252,4382243.0504],[708226.54692,4382238.1419],[708226.54692,4382238.1419],[708213.54612,4382236.1457],[708213.5461,4382236.1457],[708162.5481,4382237.1438],[708162.54808,4382237.1438],[708062.55009,4382254.1487],[708062.2881,4382254.1592],[708011.55151,4382256.1488],[707972.55015,4382247.15261],[707907.81756,4382194.36862],[707907.55116,4382194.15162],[707907.55116,4382194.15162],[707907.55115,4382194.15161],[707907.55113,4382194.1516],[707907.55111,4382194.1516],[707907.55109,4382194.1516],[707907.55108,4382194.1516],[707905.54858,4382194.6657],[707904.71908,4382194.8787],[707724.55388,4382241.1575],[707588.55709,4382261.1592],[707588.55708,4382261.1592],[706979.55978,4382394.5159],[706807.84408,4382432.1178],[706807.57208,4382432.1773],[706807.57206,4382432.17731],[706787.11456,4382442.13781],[706731.57626,4382469.18021],[706731.57626,4382469.18021],[706731.57624,4382469.18022],[706731.57623,4382469.18023],[706731.57622,4382469.18024],[706730.43582,4382470.89274],[706707.57452,4382505.17894],[706707.57452,4382505.17894],[706707.57451,4382505.17896],[706685.57591,4382554.18015],[706655.57793,4382601.18253],[706618.83785,4382624.25192],[706612.57895,4382628.18202],[706612.57895,4382628.18202],[706612.57893,4382628.18203],[706612.57892,4382628.18204],[706560.58203,4382704.18303],[706560.09265,4382704.49852],[706529.58035,4382724.18431],[706426.58446,4382763.18511],[706426.58445,4382763.18511],[706356.58496,4382805.18681],[706264.58687,4382842.18831],[706076.58787,4382893.1954],[706076.58785,4382893.19541],[706076.58784,4382893.19542],[706076.58782,4382893.19544],[706017.59093,4382965.19643],[705973.59244,4382996.19842],[705973.59244,4382996.19842],[705973.59243,4382996.19843],[705973.59242,4382996.19844],[705973.54742,4382996.25744],[705957.59382,4383017.19684],[705957.59382,4383017.19684],[705957.59381,4383017.19685],[705957.5938,4383017.19687],[705957.5938,4383017.19689],[705957.5938,4383017.19691],[705960.8587,4383058.34951],[705962.5913,4383080.19759],[705946.63001,4383128.09257],[705946.59301,4383128.20107],[705946.59301,4383128.20107],[705946.593,4383128.20109],[705946.593,4383128.20111],[705946.59301,4383128.20113],[705953.59361,4383149.19903],[705953.59361,4383149.19903],[705953.59361,4383149.19905],[705953.59362,4383149.19906],[705953.59364,4383149.19908],[705953.59365,4383149.19909],[705992.59524,4383171.19838],[706034.32884,4383205.97878],[706034.32884,4383205.97878],[706034.59532,4383206.19977],[706053.5923,4383238.19743],[706055.5959,4383299.19758],[706040.59302,4383342.19753],[706008.59568,4383356.1987],[705963.5974,4383355.2],[705963.59739,4383355.2],[705963.59737,4383355.2],[705919.59518,4383368.1975],[705795.59869,4383389.1999],[705732.6362,4383391.2021],[705732.63619,4383391.2021],[705732.59922,4383391.2042],[705693.60166,4383370.20482],[705644.65298,4383311.26414],[705644.65298,4383311.26414],[705644.60149,4383311.20265],[705644.59149,4383311.17417],[705644.59149,4383311.17417],[705626.5993,4383262.20239],[705636.6013,4383215.20653],[705673.59949,4383132.20454],[705673.59949,4383132.20454],[705673.5995,4383132.20453],[705685.5675,4383092.31723],[705685.5675,4383092.31723],[705685.6,4383092.20673],[705685.6,4383092.20673],[705685.6,4383092.20671],[705685.6,4383092.20669],[705685.6,4383092.20667],[705685.59999,4383092.20665],[705685.59998,4383092.20664],[705685.58998,4383092.19414],[705685.58998,4383092.19413],[705685.51598,4383092.10813],[705668.59758,4383072.20384],[705668.59756,4383072.20382],[705668.59754,4383072.20381],[705618.59864,4383048.20231],[705618.59864,4383048.20231],[705618.59863,4383048.20231],[705413.60033,4382976.20871],[705413.60033,4382976.2087],[705338.60383,4382956.2071],[705338.6038,4382956.2071],[705338.60378,4382956.2071],[705338.58328,4382956.2116],[705338.55428,4382956.2176],[705338.55428,4382956.2176],[705273.60548,4382970.209],[705273.60546,4382970.20901],[705273.60544,4382970.20902],[705211.60524,4383015.21482],[705211.60524,4383015.21482],[705211.60522,4383015.21484],[705180.60352,4383054.21354],[705180.60352,4383054.21354],[705180.60351,4383054.21355],[705146.60791,4383109.21535],[705146.6079,4383109.21537],[705124.6088,4383178.21547],[705124.6088,4383178.21547],[705124.6088,4383178.21549],[705093.6452,4383385.96149],[705093.6452,4383385.96149],[705093.6082,4383386.21549],[705093.6082,4383386.21551],[705093.60821,4383386.21553],[705093.63271,4383386.28903],[705108.6078,4383432.21333],[705108.6078,4383432.21333],[705108.60781,4383432.21335],[705108.60782,4383432.21336],[705147.60962,4383483.21626],[705147.60963,4383483.21627],[705232.31063,4383578.87487],[705232.60961,4383579.21285],[705232.6401,4383579.33132],[705244.6068,4383628.2127],[705233.6099,4383693.21257],[705209.61231,4383761.21515],[705169.61174,4383816.21291],[705141.61183,4383822.21599],[705126.61251,4383809.21376],[705132.61269,4383783.21813],[705155.61109,4383737.21364],[705155.61109,4383737.21364],[705155.61109,4383737.21363],[705175.56029,4383677.37063],[705175.56029,4383677.37063],[705175.61129,4383677.21663],[705175.6113,4383677.21661],[705175.6113,4383677.21658],[705175.6053,4383677.17808],[705175.6053,4383677.17808],[705175.5968,4383677.13508],[705167.6116,4383629.21368],[705167.6116,4383629.21368],[705167.61159,4383629.21366],[705167.61158,4383629.21364],[705167.61157,4383629.21363],[705128.60987,4383594.21623],[705128.60987,4383594.21623],[705128.60985,4383594.21621],[705128.60983,4383594.21621],[705085.78433,4383578.28151],[705085.61034,4383578.21601],[705085.61032,4383578.216],[705085.6103,4383578.216],[705085.61028,4383578.216],[705085.61026,4383578.21601],[705085.61025,4383578.21602],[705084.83625,4383578.71952],[705065.61015,4383591.21892],[705065.61013,4383591.21893],[705049.91453,4383607.15673],[705000.61204,4383657.21722],[704954.34245,4383684.97861],[704880.61385,4383729.21911],[704880.61385,4383729.21911],[704880.61383,4383729.21913],[704849.61593,4383763.22273],[704780.61584,4383818.22312],[704780.61584,4383818.22312],[704780.61582,4383818.22314],[704780.61581,4383818.22316],[704774.01351,4383831.81976],[704763.61772,4383853.22343],[704678.17884,4383909.85652],[704677.61984,4383910.22702],[704677.61984,4383910.22702],[704677.61983,4383910.22703],[704677.61982,4383910.22705],[704677.61981,4383910.22706],[704634.62161,4384023.22446],[704634.62161,4384023.22446],[704634.6216,4384023.22448],[704623.6631,4384080.99878],[704623.62011,4384081.22626],[704604.61913,4384112.22512],[704515.49566,4384153.02671],[704437.54186,4384188.71461],[704379.62526,4384215.22911],[704379.62526,4384215.22911],[704379.62524,4384215.22912],[704339.62444,4384245.23082],[704339.62444,4384245.23082],[704339.62443,4384245.23083],[704339.62441,4384245.23085],[704339.62441,4384245.23087],[704326.62431,4384284.23157],[704326.62431,4384284.23157],[704326.6243,4384284.23159],[704326.6243,4384284.23161],[704330.6266,4384342.22861],[704330.6266,4384342.22862],[704343.5863,4384404.03692],[704343.62727,4384404.23176],[704343.59043,4384404.2213],[704342.51943,4384403.8918],[704255.62594,4384377.23031],[704169.74175,4384329.84921],[704168.62785,4384329.23471],[704168.62785,4384329.23471],[704168.62783,4384329.2347],[704168.6278,4384329.2347],[704134.6272,4384328.2318],[704134.62719,4384328.2318],[704075.62899,4384336.2323],[704075.62897,4384336.2323],[704075.62895,4384336.23231],[703994.18975,4384377.94921],[703993.63279,4384378.23419],[703992.01282,4384377.8857],[703877.63122,4384353.2402],[703877.6312,4384353.2402],[703793.6317,4384349.2376],[703793.63169,4384349.2376],[703716.63579,4384359.2434],[703716.63577,4384359.2434],[703582.63527,4384403.2449],[703582.63526,4384403.24491],[703481.42176,4384452.85861]]]}},{"type":"Feature","properties":{"DPTOCRC":"06","NOMBRE":"BENIMAMET","ZONA_COD":"0603","DEPARTAMENTO":"VALENCIA ARNAU LLIRIA"},"geometry":{"type":"Polygon","coordinates":[[[721374.35747,4376350.57607],[721487.24487,4376249.02947],[721500.58177,4376237.03397],[721507.31727,4376230.97587],[721507.31727,4376230.97587],[721507.34377,4376230.94937],[721530.49406,4376210.12728],[721760.83155,4376081.21269],[722099.68705,4375900.31209],[722099.68705,4375900.31209],[722099.68706,4375900.31208],[722099.68708,4375900.31206],[722099.68709,4375900.31205],[722099.6871,4375900.31203],[722099.6871,4375900.31201],[722099.6871,4375900.31199],[722099.6871,4375900.31197],[722099.68709,4375900.31195],[722099.68708,4375900.31194],[722099.68706,4375900.31192],[722099.68705,4375900.31191],[722089.18605,4375894.98841],[722081.1922,4375890.93399],[722119.69995,4375866.39738],[722186.26165,4375826.04259],[722215.69895,4375808.19499],[722215.69895,4375808.19498],[722269.70022,4375774.55321],[722313.41258,4375785.483],[722313.41258,4375785.483],[722313.41259,4375785.483],[722313.41261,4375785.483],[722313.41263,4375785.483],[722327.98603,4375781.3195],[722327.98603,4375781.3195],[722327.98605,4375781.31949],[722327.98607,4375781.31947],[722379.50532,4375735.00571],[722382.62627,4375736.04619],[722382.62627,4375736.04619],[722382.62629,4375736.0462],[722382.62631,4375736.0462],[722382.62633,4375736.04619],[722382.62635,4375736.04619],[722401.36119,4375724.59762],[722403.44214,4375726.15798],[722403.44214,4375726.15798],[722403.44216,4375726.15799],[722403.44218,4375726.158],[722403.4422,4375726.158],[722403.44222,4375726.158],[722403.44223,4375726.15799],[722403.44225,4375726.15799],[722461.724,4375690.24822],[722509.60175,4375717.83259],[722509.60175,4375717.83259],[722509.60177,4375717.83259],[722509.60179,4375717.8326],[722509.60181,4375717.8326],[722509.60183,4375717.8326],[722509.60185,4375717.83259],[722509.60186,4375717.83258],[722509.60188,4375717.83256],[722509.60189,4375717.83255],[722509.60189,4375717.83255],[722564.24219,4375619.47915],[722564.24219,4375619.47915],[722564.2422,4375619.47913],[722564.2422,4375619.47911],[722564.2422,4375619.47909],[722564.2422,4375619.47907],[722564.24219,4375619.47905],[722564.24218,4375619.47904],[722562.22918,4375616.91454],[722558.52018,4375612.19004],[722558.52018,4375612.19004],[722558.52017,4375612.19002],[722558.52015,4375612.19001],[722558.52013,4375612.19001],[722558.52011,4375612.19],[722558.5201,4375612.19],[722535.11184,4375613.23059],[722552.27369,4375561.71103],[722552.27369,4375561.71103],[722552.2737,4375561.71101],[722552.2737,4375561.71099],[722552.2737,4375561.71097],[722552.27369,4375561.71096],[722552.27368,4375561.71094],[722552.27367,4375561.71093],[722552.27365,4375561.71091],[722552.27363,4375561.71091],[722530.11474,4375553.79944],[722567.46159,4375475.15624],[722567.46159,4375475.15624],[722567.4616,4375475.15622],[722567.4616,4375475.1562],[722567.4616,4375475.15618],[722567.46159,4375475.15617],[722481.44492,4375239.21684],[722587.46079,4375176.08942],[722758.39994,4375311.08788],[722758.39995,4375311.08789],[722758.39997,4375311.0879],[722758.39999,4375311.0879],[722758.40001,4375311.0879],[722758.40003,4375311.0879],[722758.40005,4375311.08789],[722833.39691,4375269.21631],[722979.41536,4375334.21289],[722979.41538,4375334.2129],[722979.4154,4375334.2129],[722979.41542,4375334.2129],[722979.41544,4375334.21289],[723134.41475,4375272.96123],[723141.00531,4375288.85354],[723151.98701,4375315.31134],[723184.75111,4375394.27604],[723195.78161,4375420.86314],[723203.39611,4375439.21314],[723203.39611,4375439.21314],[723203.39612,4375439.21316],[723203.39613,4375439.21317],[723203.39614,4375439.21318],[723203.39616,4375439.21319],[723203.39618,4375439.2132],[723203.3962,4375439.2132],[723203.39622,4375439.2132],[723203.39624,4375439.21319],[723246.87504,4375420.43699],[723360.19854,4375371.49939],[723362.43504,4375370.53289],[723407.45776,4375351.08873],[723411.10716,4375357.20197],[723395.17835,4375366.75801],[723395.17835,4375366.75801],[723395.17833,4375366.75803],[723395.17832,4375366.75804],[723395.17831,4375366.75806],[723395.1783,4375366.75808],[723395.1783,4375366.7581],[723395.1783,4375366.75812],[723395.17831,4375366.75814],[723395.90531,4375368.64414],[723396.31281,4375369.69914],[723396.31282,4375369.69915],[723396.31283,4375369.69917],[723396.31284,4375369.69918],[723396.31286,4375369.69919],[723396.31288,4375369.6992],[723396.3129,4375369.6992],[723401.7954,4375369.7767],[723412.15629,4375369.9242],[723419.32424,4375370.97909],[723420.78421,4375373.42805],[723420.78423,4375373.42807],[723420.78424,4375373.42808],[723420.78426,4375373.42809],[723420.78428,4375373.4281],[723434.62668,4375376.0906],[723434.62668,4375376.0906],[723436.96768,4375376.5291],[723436.9677,4375376.5291],[723436.96772,4375376.5291],[723436.96774,4375376.52909],[723436.96776,4375376.52908],[723436.96777,4375376.52907],[723437.36677,4375376.08457],[723450.71577,4375362.04947],[723450.71577,4375362.04947],[723458.45317,4375353.86997],[723469.46307,4375342.23897],[723482.11937,4375328.86557],[723491.13477,4375319.34057],[723491.13477,4375319.34057],[723506.59707,4375302.96657],[723506.59708,4375302.96657],[723515.85788,4375292.44617],[723527.19128,4375279.57067],[723535.10868,4375270.56767],[723545.51248,4375258.74477],[723553.46688,4375249.70477],[723560.61428,4375241.58027],[723568.79768,4375232.27837],[723583.76848,4375215.26537],[723595.69588,4375201.70187],[723613.18558,4375181.82597],[723624.02348,4375169.51147],[723635.87278,4375156.04157],[723650.05308,4375139.92207],[723660.93598,4375127.55817],[723671.08178,4375116.02817],[723680.33018,4375105.51167],[723689.02608,4375095.62777],[723696.19398,4375087.48127],[723704.65188,4375077.86377],[723712.22978,4375069.24987],[723715.09278,4375065.99737],[723724.16508,4375055.68787],[723724.16509,4375055.68785],[723724.16509,4375055.68783],[723724.1651,4375055.68781],[723724.1651,4375055.68779],[723724.1651,4375055.68777],[723724.16509,4375055.68776],[723724.16508,4375055.68774],[723724.16507,4375055.68772],[723714.50257,4375047.39332],[723714.50256,4375047.39332],[723695.93556,4375033.18042],[723695.93556,4375033.18042],[723653.87736,4375001.55382],[723653.87736,4375001.55382],[723602.08776,4374963.31372],[723602.08774,4374963.31371],[723602.08773,4374963.3137],[723602.08771,4374963.3137],[723602.08769,4374963.3137],[723602.08767,4374963.3137],[723602.08765,4374963.31371],[723602.08764,4374963.31372],[723602.08762,4374963.31373],[723602.08761,4374963.31375],[723588.96441,4374985.43825],[723581.11257,4374998.08656],[723549.31915,4374978.64931],[723522.23655,4374962.08961],[723522.23655,4374962.08961],[723505.50005,4374953.09271],[723483.68055,4374941.37031],[723463.47105,4374930.50951],[723443.16705,4374919.59611],[723423.61299,4374909.09184],[723420.5489,4374890.53948],[723417.1737,4374870.08808],[723417.17369,4374870.08806],[723417.17368,4374870.08804],[723417.17367,4374870.08803],[723417.17365,4374870.08801],[723398.80715,4374858.79971],[723380.99765,4374847.85131],[723365.16255,4374838.12341],[723362.67205,4374836.59351],[723362.67205,4374836.59351],[723362.67204,4374836.59351],[723362.67202,4374836.5935],[723362.672,4374836.5935],[723362.67198,4374836.5935],[723346.50958,4374840.1835],[723329.36372,4374843.59149],[723314.83525,4374834.86921],[723297.59525,4374824.51081],[723277.54915,4374812.47241],[723265.19965,4374805.05501],[723251.44515,4374796.79111],[723251.44515,4374796.79111],[723249.38915,4374795.55871],[723249.38915,4374795.55871],[723237.32215,4374788.30871],[723227.79905,4374782.59081],[723227.79905,4374782.59081],[723204.49705,4374768.79551],[723163.39345,4374744.46781],[723136.89645,4374728.78201],[723113.81145,4374715.11821],[723089.37035,4374700.64691],[723060.75185,4374683.70611],[723037.61325,4374670.00931],[723024.23575,4374662.09391],[723024.23575,4374662.09391],[723008.06075,4374652.87401],[723002.53205,4374649.72281],[723002.53205,4374649.72281],[723002.53203,4374649.72281],[723002.53201,4374649.7228],[723002.53199,4374649.7228],[723002.53198,4374649.7228],[723002.53196,4374649.72281],[723002.53194,4374649.72282],[723002.53193,4374649.72283],[723002.53192,4374649.72285],[722990.98692,4374667.95205],[722990.98691,4374667.95205],[722861.02373,4374892.32582],[722854.17626,4374895.59411],[722854.17626,4374895.59411],[722854.17625,4374895.59412],[722849.40885,4374898.57762],[722842.25285,4374903.06112],[722836.61295,4374906.59162],[722836.61294,4374906.59162],[722830.53054,4374910.82712],[722821.00304,4374917.45202],[722812.17664,4374923.59202],[722812.17664,4374923.59202],[722800.44974,4374931.93552],[722789.84534,4374938.94402],[722789.84534,4374938.94402],[722778.15554,4374947.48002],[722768.67305,4374953.25951],[722756.37316,4374960.03201],[722738.02337,4374965.8956],[722725.31737,4374969.9611],[722704.69857,4374976.3466],[722704.69857,4374976.34661],[722680.58917,4374984.2747],[722667.53577,4374988.1697],[722667.53577,4374988.16971],[722646.79737,4374995.0697],[722626.17857,4375001.6598],[722604.96967,4375008.4428],[722586.61977,4375014.3104],[722566.75837,4375020.6614],[722548.74397,4375026.4244],[722518.27817,4375036.165],[722508.35377,4375039.3375],[722508.35376,4375039.33751],[722504.49926,4375040.91201],[722504.49925,4375040.91201],[722499.61685,4375043.59301],[722481.14845,4375053.64051],[722469.74905,4375059.84201],[722452.52975,4375069.20951],[722437.33385,4375077.48151],[722417.60755,4375088.21101],[722407.71555,4375093.59301],[722391.18026,4375102.59201],[722382.64436,4375106.11451],[722371.80637,4375110.5915],[722359.45698,4375113.3071],[722346.8046,4375116.0921],[722332.06712,4375113.7862],[722332.06712,4375113.7862],[722315.01162,4375111.1567],[722315.01161,4375111.1567],[722302.68661,4375109.4038],[722286.92521,4375107.1614],[722286.92521,4375107.1614],[722275.34621,4375105.7234],[722275.34621,4375105.7234],[722258.81021,4375103.731],[722258.81021,4375103.731],[722229.80281,4375101.2222],[722207.28291,4375099.2688],[722180.47041,4375096.9464],[722149.14851,4375094.229],[722137.40551,4375093.2131],[722117.26961,4375091.4682],[722095.42561,4375089.5718],[722075.48221,4375087.8434],[722050.30831,4375085.6645],[722041.08381,4375084.8615],[722023.90931,4375083.3751],[722023.90931,4375083.3751],[722000.20191,4375081.8962],[722000.20191,4375081.8962],[721975.86341,4375080.4753],[721957.62001,4375079.3939],[721904.74061,4375074.3931],[721904.74061,4375074.3931],[721890.42921,4375073.0967],[721890.42921,4375073.0967],[721861.02021,4375070.7438],[721815.45231,4375066.873],[721737.63251,4375059.5664],[721737.63251,4375059.5664],[721722.48161,4375058.452],[721721.34311,4375058.366],[721721.34309,4375058.366],[721720.2821,4375058.4995],[721713.84311,4375057.9155],[721708.38711,4375057.3075],[721708.38711,4375057.3075],[721702.71011,4375056.9101],[721698.74511,4375056.5476],[721698.74511,4375056.5476],[721693.85461,4375056.1096],[721690.09061,4375055.7696],[721685.91671,4375055.3907],[721682.16071,4375055.0507],[721677.49121,4375054.6287],[721672.26071,4375054.1557],[721667.72621,4375053.7462],[721667.72621,4375053.7462],[721661.52071,4375053.2283],[721661.52071,4375053.2283],[721655.88471,4375052.7693],[721649.73671,4375052.2678],[721649.73671,4375052.2678],[721644.20331,4375051.8233],[721638.32131,4375051.3439],[721630.60031,4375050.7174],[721623.52231,4375050.1439],[721617.07531,4375049.6195],[721610.46431,4375049.081],[721603.05491,4375048.479],[721596.59541,4375047.9546],[721591.56541,4375047.5451],[721583.91441,4375046.9246],[721577.97891,4375046.4436],[721571.10591,4375045.8842],[721571.10591,4375045.8842],[721565.98191,4375045.5342],[721565.9819,4375045.5342],[721560.956,4375045.3457],[721557.1345,4375045.2002],[721554.939,4375045.1163],[721554.93899,4375045.1163],[721550.47049,4375045.5258],[721550.47049,4375045.5258],[721547.09949,4375045.9008],[721545.30549,4375046.0973],[721545.30547,4375046.09731],[721541.01307,4375047.55381],[721537.49007,4375048.74981],[721534.31157,4375049.83081],[721532.05907,4375050.59881],[721532.05907,4375050.59881],[721532.05905,4375050.59881],[721532.05904,4375050.59882],[721530.57604,4375051.75832],[721528.45064,4375053.42332],[721528.45064,4375053.42332],[721524.54314,4375056.49082],[721520.96314,4375059.29682],[721520.96314,4375059.29682],[721516.37124,4375062.93632],[721512.77124,4375065.69882],[721512.77124,4375065.69882],[721508.40484,4375069.09222],[721504.98484,4375071.75472],[721504.98484,4375071.75472],[721501.47044,4375074.48272],[721498.16894,4375077.04872],[721495.70744,4375078.96372],[721493.11454,4375080.97672],[721490.10404,4375083.31572],[721489.74355,4375083.59422],[721487.23705,4375084.93571],[721487.23705,4375084.93571],[721484.23865,4375086.53321],[721481.49865,4375087.99521],[721477.70165,4375090.02271],[721474.83015,4375091.55271],[721470.77125,4375093.71521],[721470.77125,4375093.71521],[721468.18282,4375095.09768],[721465.50787,4375092.66473],[721462.68191,4375090.09676],[721463.3368,4375086.02542],[721464.2998,4375080.02292],[721465.3277,4375073.62302],[721466.2696,4375067.73252],[721467.0026,4375063.17212],[721467.5965,4375059.45662],[721468.256,4375055.36062],[721469.4314,4375048.04122],[721470.3858,4375042.07572],[721470.9633,4375038.49372],[721471.5202,4375035.02432],[721472.3392,4375029.91882],[721472.9826,4375025.89632],[721473.5396,4375022.42342],[721474.2031,4375018.29842],[721474.9975,4375013.32792],[721475.702,4375008.95752],[721476.3329,4375005.02752],[721477.0129,4375000.77602],[721477.6803,4374996.62062],[721478.1883,4374993.46062],[721478.5693,4374991.07862],[721478.8067,4374989.59812],[721478.8067,4374989.5981],[721478.8067,4374989.59808],[721478.80669,4374989.59806],[721478.80668,4374989.59804],[721478.80667,4374989.59803],[721478.80666,4374989.59802],[721478.80664,4374989.59801],[721478.80662,4374989.598],[721478.80662,4374989.598],[721473.14962,4374988.3815],[721467.69412,4374987.2101],[721461.33722,4374985.8401],[721454.76722,4374984.4291],[721448.88522,4374983.1652],[721442.59772,4374981.8137],[721436.61772,4374980.5277],[721430.11322,4374979.1328],[721424.44872,4374977.9163],[721418.56672,4374976.6489],[721411.61172,4374975.1539],[721402.18672,4374973.1264],[721395.01472,4374971.5885],[721388.73972,4374970.2385],[721382.44822,4374968.8871],[721376.40222,4374967.5846],[721367.80922,4374965.7391],[721362.49222,4374964.6007],[721362.49222,4374964.6007],[721362.4922,4374964.6007],[721362.49217,4374964.6007],[721348.58227,4374968.5697],[721327.04197,4374974.7157],[721307.14757,4374980.3993],[721279.87677,4374988.1813],[721262.51387,4374993.1358],[721246.36747,4374997.7459],[721229.36908,4375002.5974],[721162.34248,4375016.9335],[721162.34246,4375016.93351],[721162.34244,4375016.93352],[721162.34242,4375016.93354],[721162.34241,4375016.93355],[721148.64171,4375042.88995],[721140.62191,4375058.08185],[721107.48021,4375120.86495],[721072.81461,4375186.52745],[721062.61781,4375205.84385],[721058.63241,4375213.39685],[720967.46671,4375386.09665],[720967.46671,4375386.09665],[720967.46671,4375386.09667],[720951.45191,4375430.15737],[720951.45191,4375430.15737],[720951.4519,4375430.15739],[720925.9954,4375666.75939],[720903.3614,4375877.10977],[720894.49791,4375896.76036],[720834.95891,4376016.90476],[720834.95891,4376016.90476],[720834.95891,4376016.90477],[720827.85252,4376037.55481],[720814.36858,4376040.6063],[720814.36856,4376040.60631],[720814.36854,4376040.60632],[720814.36852,4376040.60634],[720790.64274,4376070.16302],[720751.97846,4376087.21061],[720751.97844,4376087.21062],[720751.97843,4376087.21063],[720751.97841,4376087.21065],[720751.97841,4376087.21067],[720744.19191,4376109.65477],[720735.69301,4376134.13287],[720735.693,4376134.13287],[720730.3766,4376151.27637],[720730.3766,4376151.27637],[720725.2646,4376169.22547],[720725.2646,4376169.22547],[720721.6682,4376181.92097],[720721.6682,4376181.92097],[720717.6132,4376196.35097],[720713.1613,4376212.18407],[720707.4183,4376232.61307],[720704.2484,4376243.89567],[720704.2484,4376243.89567],[720699.3619,4376261.99767],[720699.3619,4376261.99767],[720696.7895,4376271.66667],[720696.7895,4376271.66668],[720694.6045,4376280.82917],[720674.2397,4376351.26137],[720673.8687,4376352.54437],[720673.8687,4376352.54439],[720673.8687,4376352.54441],[720673.86871,4376352.54443],[720673.86872,4376352.54445],[720673.86873,4376352.54447],[720673.86874,4376352.54448],[720683.14619,4376358.72944],[720682.2982,4376362.23738],[720682.2982,4376362.23739],[720682.2982,4376362.23741],[720682.2982,4376362.23743],[720682.29821,4376362.23745],[720682.29822,4376362.23746],[720682.29824,4376362.23748],[720682.29825,4376362.23749],[720691.89125,4376367.75299],[720698.78075,4376371.76899],[720702.55945,4376373.97329],[720708.02115,4376377.15949],[720715.77465,4376381.67689],[720715.77465,4376381.67689],[720727.05515,4376388.10789],[720727.05515,4376388.10789],[720728.09165,4376388.69139],[720735.74264,4376393.79088],[720735.74265,4376393.79089],[720767.30005,4376410.75029],[720772.36095,4376413.59729],[720772.36095,4376413.59729],[720785.84495,4376421.02129],[720785.84495,4376421.02129],[720799.45595,4376428.47769],[720817.22835,4376438.22419],[720831.08075,4376445.81819],[720840.80875,4376451.15109],[720840.80875,4376451.15109],[720849.12375,4376455.66309],[720849.12375,4376455.66309],[720859.90425,4376461.49159],[720869.66515,4376466.76709],[720877.64815,4376471.08399],[720888.47365,4376477.03149],[720888.47365,4376477.03149],[720898.85305,4376482.47699],[720898.85305,4376482.47699],[720911.68155,4376489.13949],[720923.93295,4376495.60289],[720935.00845,4376501.65239],[720941.43695,4376505.16489],[721085.05644,4376589.71808],[721132.64384,4376624.61398],[721134.68784,4376626.11298],[721134.68784,4376626.11298],[721134.68786,4376626.11299],[721134.68788,4376626.113],[721134.6879,4376626.113],[721134.68792,4376626.113],[721134.68793,4376626.11299],[721134.68795,4376626.11299],[721134.68797,4376626.11297],[721143.64987,4376617.80637],[721143.64987,4376617.80637],[721153.04177,4376609.06737],[721172.47717,4376590.97727],[721191.61357,4376573.16817],[721191.61357,4376573.16817],[721212.94947,4376553.21207],[721212.94947,4376553.21207],[721235.03937,4376531.90247],[721270.46517,4376498.29677],[721288.50007,4376481.60767],[721309.79487,4376461.90557],[721313.26837,4376458.68607],[721342.80817,4376431.34737],[721342.80817,4376431.34737],[721359.75757,4376415.57577],[721361.39607,4376414.04977],[721361.39607,4376414.04977],[721377.43997,4376399.03767],[721388.76147,4376388.51917],[721388.76147,4376388.51917],[721388.76148,4376388.51916],[721388.76149,4376388.51914],[721388.7615,4376388.51912],[721388.7615,4376388.5191],[721388.7615,4376388.51908],[721388.76149,4376388.51906],[721388.76148,4376388.51904],[721388.76147,4376388.51903],[721388.76145,4376388.51902],[721388.76143,4376388.51901],[721388.76141,4376388.519],[721340.19532,4376381.30613],[721373.54047,4376351.31307],[721373.54047,4376351.31307],[721374.35747,4376350.57607]]]}},{"type":"Feature","properties":{"DPTOCRC":"06","NOMBRE":"BETERA","ZONA_COD":"0604","DEPARTAMENTO":"VALENCIA ARNAU LLIRIA"},"geometry":{"type":"Polygon","coordinates":[[[718054.32611,4399186.3428],[718054.37099,4399186.3363],[718324.36566,4399296.32999],[718324.36567,4399296.33],[718495.36407,4399350.332],[718495.36407,4399350.332],[718495.36408,4399350.332],[718717.36605,4399396.33259],[718836.36673,4399501.33017],[718836.36673,4399501.33017],[718836.36675,4399501.33019],[718836.36677,4399501.33019],[718958.36542,4399546.32618],[718991.3675,4399680.33242],[718991.3675,4399680.33242],[718991.36751,4399680.33244],[718991.36752,4399680.33246],[718991.36753,4399680.33248],[718991.36755,4399680.33249],[718991.36757,4399680.3325],[718991.36759,4399680.3325],[718991.36761,4399680.3325],[718991.36763,4399680.3325],[719507.35962,4399524.326],[720552.35069,4399514.3144],[721392.34328,4399623.3079],[721401.34626,4399625.30889],[721554.34324,4399742.30588],[721563.34214,4399749.30378],[721563.34214,4399749.30378],[721563.34215,4399749.30379],[721563.34217,4399749.3038],[721563.34219,4399749.3038],[721563.3422,4399749.3038],[721637.344,4399746.3052],[722142.3396,4399732.3003],[722142.33962,4399732.3003],[722142.33964,4399732.30029],[722142.33966,4399732.30028],[722142.33967,4399732.30027],[722142.33968,4399732.30025],[722458.33308,4399231.29805],[722458.33308,4399231.29805],[722458.33309,4399231.29804],[722781.33039,4398441.29384],[722781.33039,4398441.29383],[722954.33049,4397942.28965],[723146.32418,4397686.28776],[723453.32438,4397279.28576],[723453.32438,4397279.28576],[723672.32328,4396969.28016],[723871.31768,4396691.27836],[723871.31768,4396691.27836],[723871.31769,4396691.27834],[723871.3177,4396691.27832],[723871.3177,4396691.2783],[723871.3177,4396691.27828],[723871.31769,4396691.27827],[723768.32109,4396413.27867],[723720.32079,4396282.28057],[723720.32079,4396282.28057],[723612.32259,4395989.28087],[723612.32259,4395989.28087],[723612.32259,4395989.28085],[723302.32409,4395374.27876],[723097.32449,4394852.28206],[723083.32461,4394814.28111],[723230.32529,4394521.27665],[723230.95779,4394520.18065],[723419.32588,4394194.27695],[723544.01788,4394020.70806],[723544.32738,4394020.27806],[723544.32738,4394020.27806],[723544.32739,4394020.27803],[723619.32679,4393806.27563],[723619.32679,4393806.27563],[723619.3268,4393806.27561],[723641.3353,4393502.26561],[723641.3353,4393502.2656],[723652.3427,4393181.26281],[723692.3595,4392660.25021],[723692.6936,4392657.99721],[723719.3658,4392478.24201],[723719.3658,4392478.24201],[723734.3653,4392341.23981],[723734.3653,4392341.23979],[723730.3731,4392279.23941],[723764.3796,4392090.23342],[723789.3806,4391985.22342],[723789.3806,4391985.22342],[723789.3806,4391985.22341],[723806.3828,4391860.22701],[723806.3828,4391860.22701],[723823.3873,4391653.22471],[723840.393,4391543.21822],[723898.162,4391349.01603],[723898.40199,4391348.21304],[723901.20569,4391342.45594],[724123.41179,4390886.20364],[724123.41179,4390886.20364],[724188.69679,4390748.82424],[724238.41799,4390644.19574],[724349.42519,4390435.19465],[724461.42729,4390243.18735],[724461.42729,4390243.18735],[724585.43619,4390009.18355],[724585.43619,4390009.18354],[724739.44589,4389691.17684],[724863.45089,4389452.16295],[724932.26649,4389336.48115],[724932.26649,4389336.48115],[724932.42649,4389336.17165],[724932.42649,4389336.17164],[725367.45539,4388248.01854],[725495.42999,4387985.19865],[725869.41857,4387276.12639],[726038.40263,4387231.1271],[726038.40263,4387231.1271],[726038.40264,4387231.12709],[726038.40266,4387231.12708],[726038.40268,4387231.12707],[726038.40269,4387231.12705],[726038.40269,4387231.12703],[726038.4027,4387231.12701],[726038.4027,4387231.12699],[725996.4506,4386677.99539],[725996.4506,4386677.99539],[725996.4506,4386677.99537],[725996.45059,4386677.99535],[725996.45058,4386677.99534],[725996.45056,4386677.99532],[725996.45055,4386677.99531],[725996.45053,4386677.9953],[725996.45051,4386677.9953],[724971.45603,4386572.0655],[723631.45865,4385772.99891],[723631.45863,4385772.99891],[723631.45862,4385772.9989],[723631.4586,4385772.9989],[723631.45858,4385772.9989],[723631.45856,4385772.99891],[723631.45855,4385772.99892],[723631.45853,4385772.99893],[723631.45852,4385772.99894],[723631.39709,4385773.08285],[723631.30317,4385772.99493],[723520.44488,4385669.12633],[723275.44238,4385317.12334],[723221.44088,4385232.12105],[723095.44379,4385031.12155],[722966.44399,4384774.12316],[722951.44439,4384744.12216],[722858.44009,4384540.12247],[722773.4393,4384208.11768],[722715.4392,4383981.12028],[722715.43919,4383981.12026],[722647.39309,4383834.08106],[722624.96639,4383785.61966],[722485.44019,4383484.11876],[722485.44019,4383484.11875],[722289.43869,4383151.11865],[722186.61719,4382976.17415],[722145.43999,4382906.11365],[722145.43998,4382906.11364],[722134.44198,4382890.11664],[721997.43938,4382687.11574],[721997.43938,4382687.11574],[721749.43988,4382352.11064],[721749.43988,4382352.11064],[721569.44228,4382119.11444],[721569.44228,4382119.11444],[721569.44227,4382119.11443],[721569.44225,4382119.11441],[721569.44223,4382119.11441],[721569.44222,4382119.1144],[721569.4422,4382119.1144],[721569.44218,4382119.1144],[721569.44216,4382119.11441],[721444.44516,4382170.11251],[721444.44514,4382170.11252],[721282.44584,4382280.11172],[721282.44584,4382280.11172],[721156.44538,4382375.11729],[721116.44413,4382362.1148],[721116.44413,4382362.1148],[721042.51413,4382340.1353],[721042.51411,4382340.1353],[721042.51409,4382340.1353],[721042.51407,4382340.1353],[721042.51405,4382340.13531],[721042.51404,4382340.13532],[721042.51402,4382340.13533],[721042.47757,4382340.17779],[720599.19273,4382207.2183],[720576.77933,4382200.4947],[720568.41943,4382197.9877],[720312.60983,4382119.1131],[719968.48492,4382013.00783],[720049.4527,4381726.10883],[720049.4527,4381726.10883],[720049.4527,4381726.10881],[720049.4527,4381726.10879],[720049.45269,4381726.10877],[720049.45269,4381726.10875],[719999.83619,4381645.18155],[719862.45559,4381421.10945],[719862.45558,4381421.10945],[719862.17108,4381420.66545],[719862.17108,4381420.66545],[719737.34968,4381225.26545],[719625.45808,4381050.10625],[719625.45808,4381050.10624],[719441.45828,4380783.11004],[719441.45828,4380783.11004],[719378.01898,4380701.41524],[719302.45688,4380604.10904],[719302.45687,4380604.10903],[719222.71017,4380527.35203],[719222.71017,4380527.35203],[719222.45817,4380527.11003],[719222.45816,4380527.11002],[719155.63456,4380472.26062],[719116.49926,4380440.13962],[719116.49926,4380440.13962],[719116.49526,4380440.13662],[719116.47276,4380440.11912],[719116.47276,4380440.11912],[719116.46226,4380440.11112],[719116.46226,4380440.11112],[719116.46224,4380440.11111],[719116.46222,4380440.1111],[719116.4622,4380440.1111],[719116.46218,4380440.1111],[719116.46216,4380440.11111],[719116.46214,4380440.11112],[718232.83964,4381047.81142],[718040.47074,4381180.11072],[718040.47072,4381180.11074],[717790.60502,4381481.64514],[717737.50842,4381545.72164],[717728.11822,4381557.05364],[717643.76452,4381658.84714],[717632.17332,4381672.83474],[717479.46943,4381857.11842],[717460.46786,4381869.11761],[717374.60988,4381887.7119],[717086.47008,4381950.1175],[717086.47007,4381950.11751],[716955.29297,4381994.50001],[716953.46877,4381995.11721],[716953.46877,4381995.11721],[716953.46876,4381995.11721],[716873.46956,4382034.11991],[716873.46956,4382034.11991],[716873.46954,4382034.11992],[716873.37504,4382034.18342],[716873.37504,4382034.18342],[716821.46624,4382070.12002],[716821.46624,4382070.12002],[716821.46623,4382070.12003],[716762.46723,4382133.12163],[716762.46722,4382133.12164],[716617.46743,4382306.12363],[716617.27283,4382306.31213],[716584.46564,4382338.12812],[716569.92474,4382348.39222],[716510.54664,4382390.30612],[716448.46524,4382434.12592],[716448.46524,4382434.12592],[716318.02474,4382538.02292],[716313.76214,4382541.41842],[716305.33764,4382548.13012],[716298.71004,4382553.37072],[716272.46284,4382574.12962],[716272.46284,4382574.12962],[716272.46282,4382574.12963],[716272.46281,4382574.12965],[716272.46281,4382574.12966],[716272.4628,4382574.12968],[716272.4628,4382574.1297],[716272.4628,4382579.1293],[716272.4628,4382579.12932],[716272.46281,4382579.12934],[716281.46561,4382600.12764],[716281.46561,4382600.12764],[716281.46562,4382600.12766],[716294.46202,4382617.13246],[716302.4654,4382630.13313],[716305.9072,4382690.15891],[716309.1222,4382748.3225],[716309.9991,4382789.8261],[716309.9991,4382789.82612],[716309.99911,4382789.82614],[716309.99912,4382789.82616],[716309.99913,4382789.82618],[716309.99915,4382789.82619],[716309.99917,4382789.8262],[716321.98249,4382793.62587],[716321.1057,4382800.05589],[716321.1057,4382800.05591],[716322.2748,4382810.28571],[716322.27481,4382810.28574],[716327.82811,4382824.31514],[716327.82812,4382824.31516],[716327.82813,4382824.31517],[716327.82815,4382824.31519],[716327.82817,4382824.31519],[716333.84782,4382826.31988],[716335.4612,4382833.13252],[716335.4612,4382833.13252],[716335.46121,4382833.13254],[716335.46122,4382833.13255],[716350.46052,4382857.13545],[716350.46052,4382857.13545],[716350.46052,4382857.13546],[716357.96172,4382866.84146],[716367.46291,4382879.13525],[716380.45921,4382905.13313],[716386.4595,4382930.13551],[716386.4592,4382961.1345],[716386.4592,4382961.1345],[716387.4583,4383010.1359],[716386.4583,4383067.13678],[716382.38521,4383075.96346],[716380.45772,4383080.13754],[716362.77503,4383096.83733],[716362.77503,4383096.83733],[716362.46003,4383097.13633],[716362.46003,4383097.13633],[716325.46013,4383135.13953],[716291.45874,4383165.14122],[716280.37114,4383172.53082],[716273.45717,4383177.1409],[716227.45861,4383173.141],[716175.46002,4383166.139],[716136.45803,4383157.14],[716093.45803,4383141.13881],[716093.45803,4383141.1388],[716058.45804,4383131.13881],[716025.46066,4383113.14052],[715989.45677,4383083.13712],[715951.45857,4383049.13963],[715922.45938,4383011.13654],[715900.45959,4382975.13595],[715900.45959,4382975.13595],[715900.45957,4382975.13593],[715900.45956,4382975.13592],[715900.45954,4382975.13591],[715900.45953,4382975.1359],[715900.45951,4382975.1359],[715900.45949,4382975.1359],[715900.45947,4382975.1359],[715900.45945,4382975.13591],[715900.45944,4382975.13592],[715900.45944,4382975.13592],[715855.35404,4383011.56872],[715829.61224,4383032.36022],[715823.67524,4383037.15682],[715823.67124,4383037.15982],[715823.67124,4383037.15982],[715822.45871,4383038.13776],[715791.46058,4383005.13584],[715768.45788,4382968.13825],[715768.45787,4382968.13823],[715768.45786,4382968.13822],[715768.45784,4382968.13821],[715768.45782,4382968.1382],[715768.4578,4382968.1382],[715768.45778,4382968.1382],[715768.45776,4382968.13821],[715758.56366,4382972.70531],[715755.46116,4382974.13681],[715733.45706,4382984.13561],[715733.45705,4382984.13562],[715713.46035,4382997.13632],[715713.46035,4382997.13632],[715713.46033,4382997.13633],[715706.61373,4383003.57953],[715696.45765,4383013.13771],[715683.4566,4383015.1408],[715670.46011,4383014.1413],[715670.46009,4383014.1413],[715641.4605,4383017.1379],[715611.79901,4383013.7484],[715606.45991,4383013.1379],[715606.45989,4383013.1379],[715606.45987,4383013.1379],[715606.45986,4383013.13791],[715606.45984,4383013.13792],[715606.45983,4383013.13793],[715606.45981,4383013.13795],[715595.45762,4383031.14035],[715583.45642,4383048.13714],[715583.45642,4383048.13714],[715583.45641,4383048.13716],[715583.4564,4383048.13717],[715578.45921,4383066.13956],[715567.20502,4383083.01734],[715562.45542,4383090.14053],[715542.90323,4383106.90142],[715534.45913,4383114.14152],[715534.45913,4383114.14153],[715512.45533,4383136.14153],[715512.45533,4383136.14153],[715477.45433,4383174.14283],[715477.45433,4383174.14283],[715477.45432,4383174.14284],[715477.45431,4383174.14286],[715462.45441,4383206.14556],[715462.45441,4383206.14557],[715452.45561,4383233.14105],[715438.45542,4383251.14544],[715438.45542,4383251.14544],[715428.45672,4383265.14574],[715412.45353,4383281.14303],[715412.45352,4383281.14303],[715390.45363,4383306.14563],[715359.45473,4383334.14823],[715359.45473,4383334.14823],[715340.47153,4383351.90713],[715329.72333,4383361.96083],[715328.45583,4383363.14693],[715328.45583,4383363.14693],[715301.45443,4383393.14852],[715289.45724,4383401.23822],[715258.45445,4383422.14672],[715234.59465,4383436.82911],[715219.45155,4383446.14591],[715219.45155,4383446.14591],[715219.45153,4383446.14592],[715194.45363,4383468.14592],[715151.45314,4383504.14672],[715133.75584,4383518.30712],[715101.45248,4383544.15119],[715098.25354,4383542.95121],[715097.94654,4383542.83621],[715077.45005,4383535.15211],[715065.45316,4383526.15302],[715043.44926,4383508.15122],[715014.44996,4383484.15042],[715014.44996,4383484.15042],[714977.45116,4383455.14992],[714936.45037,4383422.14792],[714906.45167,4383394.14753],[714906.45167,4383394.14753],[714906.45165,4383394.14751],[714906.45163,4383394.1475],[714889.45313,4383389.14591],[714869.45214,4383380.14931],[714869.45213,4383380.1493],[714837.45013,4383371.1503],[714801.45064,4383359.14671],[714750.45124,4383336.14741],[714717.45385,4383321.14971],[714703.69335,4383313.43911],[714669.26455,4383294.14631],[714669.26453,4383294.1463],[714669.26451,4383294.1463],[714669.26449,4383294.1463],[714669.26447,4383294.1463],[714669.26445,4383294.14631],[714669.26444,4383294.14632],[714658.78874,4383302.55582],[714396.44654,4383513.15482],[714396.44654,4383513.15482],[714396.44652,4383513.15484],[714285.44682,4383645.15363],[714146.44213,4383796.16293],[714146.44211,4383796.16295],[714075.44001,4383920.16195],[714075.44001,4383920.16196],[714062.44301,4383951.16116],[714062.44301,4383951.16116],[714062.443,4383951.16117],[713897.4314,4384488.17577],[713897.4314,4384488.17578],[713840.4276,4384720.17867],[713840.4131,4384720.22967],[713840.4091,4384720.24367],[713793.585,4384875.79737],[713719.4208,4385122.19037],[713719.4208,4385122.19037],[713530.4109,4385840.20787],[713463.4042,4386068.21557],[713463.4042,4386068.21557],[713463.4042,4386068.21558],[713428.4002,4386276.21967],[713365.39671,4386420.22656],[713365.3967,4386420.22657],[713322.6245,4386564.83327],[713317.2201,4386583.10367],[713317.2161,4386583.11717],[713314.9465,4386590.78987],[713314.9465,4386590.78988],[713314.9455,4386590.79387],[713282.1974,4386701.50977],[713281.3948,4386704.22787],[713074.38361,4387330.25027],[713074.3836,4387330.25028],[713000.3802,4387618.25058],[713000.3802,4387618.25058],[712964.4572,4387796.86708],[712964.3792,4387797.25208],[712964.3792,4387797.2521],[712964.3792,4387797.25211],[712964.3957,4387797.41011],[713003.3735,4388188.26141],[713003.3735,4388188.26141],[713049.3648,4388535.26791],[713049.3648,4388535.26792],[713103.3619,4388885.26982],[713103.3619,4388885.26982],[713137.3568,4389063.27232],[713199.3527,4389473.28171],[713199.3527,4389473.28172],[713250.9382,4389767.00792],[713261.3493,4389826.28822],[713261.3493,4389826.28823],[713261.7323,4389827.58023],[713314.3451,4390005.28773],[713314.3451,4390005.28773],[713359.3462,4390152.28723],[713375.5182,4390226.28482],[713380.0955,4390247.22962],[713432.3407,4390486.29212],[713432.3407,4390486.29213],[713525.3362,4390781.30033],[713561.3342,4390924.29992],[713561.33421,4390924.29994],[713584.30551,4390971.24504],[713584.32651,4390971.29004],[713584.32651,4390971.29004],[713584.33251,4390971.30254],[713584.33251,4390971.30254],[713584.33252,4390971.30256],[713584.33253,4390971.30257],[713584.33254,4390971.30258],[713584.35895,4390971.32101],[713584.32403,4390971.35693],[713558.38153,4390998.07853],[713217.38173,4391349.30563],[713217.38173,4391349.30563],[713079.87313,4391492.07053],[713060.37983,4391512.30943],[713060.37983,4391512.30943],[713060.37982,4391512.30945],[713060.37981,4391512.30947],[713060.3798,4391512.30949],[713060.3798,4391512.30951],[713062.3784,4391540.30991],[713062.3784,4391540.30991],[713062.3784,4391540.30992],[713062.37841,4391540.30994],[713119.3762,4391669.31123],[713128.3747,4391708.30981],[713131.3765,4391752.314],[713125.3754,4391796.31368],[713090.3734,4391905.31447],[713090.3734,4391905.31447],[713090.3734,4391905.31449],[713086.3755,4391937.31909],[713086.3755,4391937.31911],[713086.3755,4391937.31913],[713114.37,4392041.31613],[713114.37,4392041.31613],[713165.3711,4392214.32112],[713182.3682,4392312.32561],[713188.3636,4392384.3263],[713184.3649,4392434.32708],[713164.36782,4392483.32384],[713082.36493,4392562.32933],[713082.36492,4392562.32934],[713082.36491,4392562.32936],[713082.3649,4392562.32938],[713082.3649,4392562.3294],[713082.3647,4392578.3267],[713082.3647,4392578.32672],[713082.36471,4392578.32674],[713103.36401,4392622.32634],[713103.36401,4392622.32634],[713103.36402,4392622.32636],[713180.36332,4392727.32475],[713262.84371,4392883.56665],[713265.36071,4392888.33464],[713283.358,4392931.33332],[713287.3594,4392971.3309],[713282.3574,4393006.33197],[713263.35531,4393054.33375],[713244.35392,4393084.33325],[713244.35391,4393084.33325],[713224.35651,4393118.33485],[713224.35651,4393118.33485],[713224.35651,4393118.33486],[713224.3565,4393118.33488],[713224.3565,4393118.3349],[713223.3571,4393150.3354],[713223.3571,4393150.33541],[713223.3571,4393150.33543],[713248.3572,4393236.34083],[713248.35721,4393236.34084],[713248.35722,4393236.34086],[713297.35252,4393303.33975],[713383.34931,4393456.34215],[713383.34931,4393456.34215],[713506.34691,4393674.34165],[713506.34693,4393674.34167],[713567.34893,4393736.34257],[713620.35212,4393802.34146],[713620.35212,4393802.34146],[713620.35213,4393802.34147],[713844.35211,4394030.34065],[714175.3666,4395042.33872],[714373.3781,4396218.34052],[714373.37811,4396218.34054],[714373.37812,4396218.34056],[714865.38481,4396901.34165],[715188.39071,4397783.34133],[715188.39071,4397783.34133],[715188.39072,4397783.34136],[715371.39252,4398048.34026],[715371.39253,4398048.34027],[715371.39255,4398048.34028],[715445.39055,4398096.33928],[715445.39055,4398096.33928],[715445.39056,4398096.33929],[715461.39346,4398102.33579],[715461.39348,4398102.3358],[715461.3935,4398102.3358],[715526.39198,4398102.3398],[715544.39784,4398108.34478],[715554.3918,4398122.34273],[715554.392,4398138.33968],[715524.3906,4398234.34167],[715524.3906,4398234.34169],[715524.3906,4398234.34171],[715524.39061,4398234.34174],[715533.39371,4398257.34074],[715533.39371,4398257.34074],[715533.39371,4398257.34075],[715533.39373,4398257.34077],[715533.39374,4398257.34078],[715561.38564,4398279.33828],[715561.38564,4398279.33828],[715629.39112,4398324.33877],[715645.39021,4398353.34074],[715656.3921,4398398.34121],[715657.3976,4398564.3421],[715657.3976,4398564.34212],[715657.39761,4398564.34214],[715672.38931,4398599.34014],[715672.38932,4398599.34016],[715672.38933,4398599.34017],[715694.39323,4398622.33917],[715694.39325,4398622.33919],[715718.39555,4398636.33919],[715718.39555,4398636.33919],[715718.39556,4398636.33919],[715718.39558,4398636.3392],[715864.39576,4398670.34229],[715928.39073,4398710.34178],[715952.39321,4398740.33675],[716070.39241,4399014.33874],[716070.39242,4399014.33876],[716330.39331,4399337.34135],[716681.39291,4400268.33924],[716681.39291,4400268.33924],[716770.38011,4400454.30454],[716770.38011,4400454.30454],[716770.39411,4400454.33304],[716770.39411,4400454.33304],[716770.39412,4400454.33306],[716770.39413,4400454.33308],[716770.39415,4400454.33309],[716770.39417,4400454.3331],[716770.39419,4400454.3331],[716770.39421,4400454.3331],[716770.39423,4400454.3331],[716770.39425,4400454.33309],[716770.39426,4400454.33308],[716770.39426,4400454.33308],[717079.39066,4400201.33938],[717079.39066,4400201.33938],[717079.39068,4400201.33936],[717393.37868,4399820.33996],[717393.37868,4399820.33996],[717393.37869,4399820.33994],[717638.37307,4399247.34349],[718054.32611,4399186.3428]]]}},{"type":"Feature","properties":{"DPTOCRC":"06","NOMBRE":"BURJASSOT 2","ZONA_COD":"0605","DEPARTAMENTO":"VALENCIA ARNAU LLIRIA"},"geometry":{"type":"Polygon","coordinates":[[[721143.64973,4376617.80623],[721143.64973,4376617.80623],[721134.68783,4376626.11283],[721123.73933,4376636.26483],[721108.24393,4376650.63393],[721108.24393,4376650.63393],[721108.24392,4376650.63394],[721108.24391,4376650.63396],[721108.2439,4376650.63398],[721108.2439,4376650.634],[721108.2439,4376650.63402],[721108.24391,4376650.63404],[721108.24392,4376650.63405],[721108.24393,4376650.63407],[721326.39633,4376870.14427],[721326.39633,4376870.14427],[721600.69643,4377134.93397],[721654.78973,4377187.15397],[721672.69963,4377204.44337],[721672.69963,4377204.44337],[721686.69153,4377216.97287],[721694.35103,4377223.83137],[721813.99053,4377330.96227],[721876.03033,4377387.28217],[721895.43923,4377404.90117],[721961.68343,4377465.03667],[722002.65982,4377516.79566],[722025.71221,4377545.91615],[722030.8527,4377563.05813],[722030.8527,4377563.05813],[722030.85271,4377563.05814],[722030.85272,4377563.05816],[722033.49021,4377566.73014],[722063.9766,4377679.37033],[722063.97661,4377679.37035],[722063.97662,4377679.37036],[722063.97664,4377679.37038],[722063.97665,4377679.37039],[722063.97667,4377679.3704],[722063.97669,4377679.3704],[722063.97671,4377679.3704],[722063.97673,4377679.37039],[722206.67643,4377627.56989],[722246.71473,4377613.03469],[722246.71475,4377613.03469],[722246.71477,4377613.03468],[722246.71478,4377613.03466],[722246.71479,4377613.03465],[722246.7148,4377613.03463],[722246.7148,4377613.03461],[722248.2798,4377598.95262],[722257.35219,4377552.32998],[722287.68692,4377546.2024],[722288.32977,4377546.07543],[722275.8124,4377601.14598],[722275.8124,4377601.146],[722275.8124,4377601.14602],[722275.81241,4377601.14603],[722275.81241,4377601.14605],[722275.81243,4377601.14607],[722275.81244,4377601.14608],[722275.81245,4377601.14609],[722275.81247,4377601.1461],[722275.81249,4377601.1461],[722275.81251,4377601.1461],[722275.81253,4377601.1461],[722306.47943,4377592.0675],[722306.47943,4377592.0675],[722306.47945,4377592.06749],[722306.47947,4377592.06748],[722306.47948,4377592.06746],[722306.47949,4377592.06744],[722306.4795,4377592.06742],[722307.223,4377588.92992],[722315.1769,4377555.33032],[722327.4423,4377503.51763],[722330.57179,4377492.56264],[722344.33819,4377469.41005],[722388.21433,4377397.90384],[722393.3017,4377401.29725],[722393.3017,4377403.8062],[722393.3017,4377403.80621],[722393.4327,4377404.69521],[722393.43271,4377404.69524],[722393.85421,4377405.78474],[722393.85421,4377405.78475],[722393.85423,4377405.78477],[722393.85424,4377405.78478],[722393.85425,4377405.78479],[722394.46475,4377406.10429],[722394.46475,4377406.10429],[722394.46478,4377406.1043],[722395.20228,4377406.2843],[722395.20229,4377406.2843],[722395.20231,4377406.2843],[722396.16481,4377406.1573],[722396.16481,4377406.1573],[722396.16483,4377406.15729],[722396.16485,4377406.15728],[722416.68125,4377393.43718],[722426.40115,4377387.41609],[722426.40115,4377387.41608],[722446.79505,4377374.49698],[722455.69155,4377368.85498],[722471.70295,4377358.71488],[722504.35575,4377338.26978],[722563.05145,4377302.16749],[722616.40575,4377270.23879],[722642.53355,4377254.60019],[722642.53355,4377254.60019],[722642.53356,4377254.60018],[722662.67796,4377238.64998],[722662.67798,4377238.64997],[722691.21437,4377206.03787],[722722.29467,4377173.93717],[722722.29467,4377173.93717],[722756.31197,4377138.21997],[722756.31197,4377138.21997],[722756.31198,4377138.21995],[722756.31199,4377138.21993],[722756.312,4377138.21992],[722756.312,4377138.2199],[722756.269,4377137.33094],[722788.80137,4377106.13327],[722860.67947,4377037.20287],[722919.21067,4376981.89307],[722919.21067,4376981.89307],[722937.99198,4376963.11146],[722939.39791,4376965.37335],[722962.27791,4377020.17394],[722962.27791,4377020.17394],[722962.27792,4377020.17396],[722962.27793,4377020.17397],[722962.27795,4377020.17398],[722962.27796,4377020.17399],[722962.27798,4377020.174],[722962.278,4377020.174],[722962.27802,4377020.174],[722962.27804,4377020.17399],[722962.27806,4377020.17398],[723438.39576,4376671.09148],[723438.39576,4376671.09148],[723438.39577,4376671.09147],[723438.39578,4376671.09146],[723438.39579,4376671.09144],[723438.3958,4376671.09142],[723439.4173,4376667.06942],[723453.39919,4376612.02724],[723524.41136,4376495.15119],[723588.40662,4376478.7769],[723833.39572,4376416.0887],[723833.39572,4376416.0887],[723833.39574,4376416.08869],[723833.39576,4376416.08868],[723833.39577,4376416.08867],[723833.39579,4376416.08865],[723833.39579,4376416.08863],[723833.3958,4376416.08861],[723833.3958,4376416.08859],[723833.3958,4376416.08858],[723833.39579,4376416.08856],[723833.39579,4376416.08856],[723677.45772,4376090.14942],[723789.41317,4375979.21217],[723789.41318,4375979.21216],[723789.41319,4375979.21214],[723789.4132,4375979.21212],[723789.4132,4375979.21211],[723789.4132,4375979.21209],[723759.1007,4375726.36359],[723756.44421,4375704.21064],[723812.45697,4375651.08527],[723812.45697,4375651.08527],[723812.45698,4375651.08526],[723812.45699,4375651.08524],[723812.457,4375651.08522],[723812.457,4375651.0852],[723812.457,4375651.08518],[723812.45699,4375651.08517],[723761.50259,4375509.37757],[723761.50259,4375509.37757],[723761.44109,4375509.21157],[723761.44109,4375509.21157],[723761.44108,4375509.21155],[723761.44107,4375509.21153],[723761.44105,4375509.21152],[723748.33415,4375500.82302],[723723.31565,4375484.80952],[723723.31565,4375484.80952],[723723.31564,4375484.80951],[723723.31561,4375484.8095],[723723.31559,4375484.8095],[723723.31557,4375484.8095],[723630.8285,4375510.613],[723629.24358,4375510.15852],[723622.6776,4375485.25847],[723622.67759,4375485.25846],[723622.67758,4375485.25844],[723622.67757,4375485.25842],[723622.67755,4375485.25841],[723622.67753,4375485.25841],[723620.64153,4375484.58101],[723620.64151,4375484.581],[723620.64149,4375484.581],[723582.83978,4375489.78709],[723581.2548,4375481.18518],[723581.2548,4375481.18518],[723581.25479,4375481.18516],[723581.25478,4375481.18515],[723581.25477,4375481.18513],[723581.25476,4375481.18512],[723581.25474,4375481.18511],[723581.25472,4375481.1851],[723581.2547,4375481.1851],[723483.46311,4375477.223],[723468.75014,4375476.3195],[723463.06126,4375471.72402],[723462.99985,4375471.67309],[723464.15077,4375470.44817],[723464.15078,4375470.44816],[723467.99668,4375465.81766],[723469.85018,4375463.67767],[723469.85018,4375463.67767],[723469.85019,4375463.67765],[723469.8502,4375463.67763],[723469.8502,4375463.67761],[723469.8502,4375463.67759],[723469.85019,4375463.67757],[723469.85019,4375463.67755],[723463.9458,4375454.08456],[723452.3298,4375379.40638],[723452.32979,4375379.40636],[723452.32978,4375379.40635],[723452.32977,4375379.40633],[723452.32976,4375379.40632],[723452.32974,4375379.40631],[723452.32972,4375379.4063],[723436.96772,4375376.5289],[723434.62672,4375376.0904],[723420.78436,4375373.42791],[723419.32439,4375370.97895],[723419.32438,4375370.97893],[723419.32436,4375370.97892],[723419.32435,4375370.97891],[723419.32433,4375370.97891],[723419.32431,4375370.9789],[723412.15631,4375369.924],[723412.1563,4375369.924],[723401.7954,4375369.7765],[723396.31297,4375369.699],[723395.90549,4375368.64406],[723395.17852,4375366.75814],[723411.10735,4375357.20209],[723411.10735,4375357.20209],[723411.10737,4375357.20207],[723411.10738,4375357.20206],[723411.10739,4375357.20204],[723411.1074,4375357.20202],[723411.1074,4375357.20201],[723411.1074,4375357.20199],[723411.10739,4375357.20197],[723411.10739,4375357.20195],[723407.45789,4375351.08855],[723407.45789,4375351.08855],[723407.45787,4375351.08853],[723407.45786,4375351.08852],[723407.45784,4375351.08851],[723407.45782,4375351.0885],[723407.4578,4375351.0885],[723407.45778,4375351.0885],[723407.45776,4375351.08851],[723362.43496,4375370.53271],[723360.19846,4375371.49921],[723246.87496,4375420.43681],[723203.39625,4375439.21297],[723195.78179,4375420.86306],[723184.75129,4375394.27596],[723151.98719,4375315.31126],[723141.00549,4375288.85346],[723134.41489,4375272.96106],[723134.41489,4375272.96106],[723134.41488,4375272.96104],[723134.41487,4375272.96103],[723134.41486,4375272.96102],[723134.41484,4375272.96101],[723134.41482,4375272.961],[723134.4148,4375272.961],[723134.41478,4375272.961],[723134.41476,4375272.96101],[722979.4154,4375334.21269],[722833.39694,4375269.21611],[722833.39692,4375269.2161],[722833.3969,4375269.2161],[722833.39689,4375269.2161],[722833.39687,4375269.21611],[722833.39685,4375269.21611],[722758.40001,4375311.08768],[722587.46086,4375176.08922],[722587.46085,4375176.08921],[722587.46083,4375176.0892],[722587.46081,4375176.0892],[722587.46079,4375176.0892],[722587.46077,4375176.08921],[722587.46075,4375176.08921],[722481.44475,4375239.21671],[722481.44475,4375239.21671],[722481.44473,4375239.21673],[722481.44472,4375239.21674],[722481.44471,4375239.21676],[722481.4447,4375239.21678],[722481.4447,4375239.2168],[722481.4447,4375239.21682],[722481.44471,4375239.21683],[722567.46139,4375475.15619],[722530.11451,4375553.79946],[722530.11451,4375553.79946],[722530.1145,4375553.79947],[722530.1145,4375553.79949],[722530.1145,4375553.79951],[722530.1145,4375553.79953],[722530.11451,4375553.79955],[722530.11452,4375553.79956],[722530.11453,4375553.79958],[722530.11455,4375553.79959],[722530.11457,4375553.79959],[722530.11457,4375553.79959],[722552.27347,4375561.71106],[722535.11161,4375613.23067],[722535.11161,4375613.23067],[722535.1116,4375613.23069],[722535.1116,4375613.23071],[722535.1116,4375613.23073],[722535.11161,4375613.23074],[722535.11162,4375613.23076],[722535.11163,4375613.23077],[722535.11165,4375613.23079],[722535.11167,4375613.23079],[722535.11169,4375613.2308],[722535.1117,4375613.2308],[722558.52005,4375612.1902],[722562.22902,4375616.91466],[722564.24198,4375619.47911],[722509.60176,4375717.83236],[722461.72405,4375690.24801],[722461.72405,4375690.24801],[722461.72403,4375690.248],[722461.72401,4375690.248],[722461.72399,4375690.248],[722461.72397,4375690.24801],[722461.72395,4375690.24801],[722403.44221,4375726.15778],[722401.36126,4375724.59742],[722401.36126,4375724.59742],[722401.36124,4375724.59741],[722401.36122,4375724.5974],[722401.3612,4375724.5974],[722401.36118,4375724.5974],[722401.36117,4375724.59741],[722401.36115,4375724.59741],[722382.62629,4375736.04599],[722379.50533,4375735.00551],[722379.50533,4375735.00551],[722379.50531,4375735.0055],[722379.50529,4375735.0055],[722379.50527,4375735.0055],[722379.50525,4375735.00551],[722379.50523,4375735.00553],[722327.98595,4375781.31931],[722313.4126,4375785.4828],[722269.70022,4375774.553],[722269.70022,4375774.553],[722269.7002,4375774.553],[722269.70018,4375774.553],[722269.70017,4375774.55301],[722269.70015,4375774.55302],[722215.69885,4375808.19481],[722186.26155,4375826.04241],[722119.69985,4375866.39721],[722119.69985,4375866.39722],[722081.19195,4375890.93392],[722081.19195,4375890.93392],[722081.19193,4375890.93393],[722081.19192,4375890.93394],[722081.19191,4375890.93396],[722081.1919,4375890.93398],[722081.1919,4375890.934],[722081.1919,4375890.93401],[722081.19191,4375890.93403],[722081.19191,4375890.93405],[722081.19192,4375890.93407],[722081.19194,4375890.93408],[722081.19195,4375890.93409],[722081.19195,4375890.93409],[722089.18595,4375894.98859],[722099.68678,4375900.312],[721760.83145,4376081.21251],[721760.83145,4376081.21251],[721530.49395,4376210.12711],[721530.49395,4376210.12711],[721530.49393,4376210.12713],[721507.34363,4376230.94923],[721507.34363,4376230.94923],[721507.31713,4376230.97573],[721500.58163,4376237.03383],[721487.24473,4376249.02933],[721374.35733,4376350.57593],[721374.35733,4376350.57593],[721373.54033,4376351.31293],[721373.54033,4376351.31293],[721340.19503,4376381.30613],[721340.19503,4376381.30613],[721340.19502,4376381.30614],[721340.19501,4376381.30616],[721340.195,4376381.30617],[721340.195,4376381.30619],[721340.195,4376381.30621],[721340.195,4376381.30623],[721340.19501,4376381.30625],[721340.19502,4376381.30626],[721340.19503,4376381.30628],[721340.19505,4376381.30629],[721340.19507,4376381.30629],[721340.19509,4376381.3063],[721388.76118,4376388.51917],[721377.43983,4376399.03753],[721377.43983,4376399.03753],[721361.39593,4376414.04963],[721361.39593,4376414.04963],[721359.75743,4376415.57563],[721342.80803,4376431.34723],[721313.26823,4376458.68593],[721309.79473,4376461.90543],[721288.49993,4376481.60753],[721270.46503,4376498.29663],[721270.46503,4376498.29663],[721235.03923,4376531.90233],[721235.03923,4376531.90233],[721212.94933,4376553.21193],[721191.61343,4376573.16803],[721172.47703,4376590.97713],[721153.04163,4376609.06723],[721143.64973,4376617.80623]]]}},{"type":"Feature","properties":{"DPTOCRC":"06","NOMBRE":"CHELVA","ZONA_COD":"0606","DEPARTAMENTO":"VALENCIA ARNAU LLIRIA"},"geometry":{"type":"Polygon","coordinates":[[[669151.34506,4392439.50258],[669242.30871,4392425.5026],[669242.34121,4392425.5006],[669242.34123,4392425.5006],[669242.34124,4392425.50059],[669276.34234,4392408.50399],[669276.34236,4392408.50398],[669276.34237,4392408.50397],[669382.34357,4392304.50018],[669428.34575,4392268.49799],[669487.34474,4392240.49989],[669487.34474,4392240.49989],[669487.34475,4392240.49989],[669546.33945,4392204.49779],[669627.34594,4392171.49869],[669627.34596,4392171.49868],[669776.34656,4392066.49728],[669804.34715,4392048.49918],[669804.34715,4392048.49918],[669804.34717,4392048.49917],[669804.34718,4392048.49916],[669816.34028,4392032.50006],[669816.34028,4392032.50006],[669816.34029,4392032.50004],[669816.3403,4392032.50003],[669816.3403,4392032.50001],[669816.3403,4392032.49999],[669816.3403,4392032.49997],[669816.34029,4392032.49995],[669810.34399,4392021.49795],[669810.34399,4392021.49795],[669810.34398,4392021.49794],[669810.34397,4392021.49792],[669810.34395,4392021.49791],[669810.34393,4392021.49791],[669810.34392,4392021.4979],[669777.28112,4392015.9969],[669722.34593,4392006.5004],[669666.34596,4391981.50032],[669629.34368,4391937.49914],[669629.34368,4391937.49914],[669629.34366,4391937.49912],[669629.34365,4391937.49911],[669600.34796,4391920.49862],[669541.34616,4391874.49642],[669541.34616,4391874.49642],[669541.34615,4391874.49641],[669479.34985,4391841.50081],[669395.34575,4391786.49372],[669395.34574,4391786.49371],[669194.35254,4391704.49551],[669090.35205,4391645.49441],[669000.35165,4391586.49782],[669000.35165,4391586.49781],[668809.35316,4391472.49352],[668740.35696,4391419.49742],[668669.35797,4391355.49733],[668600.35757,4391282.49823],[668600.35757,4391282.49823],[668600.35756,4391282.49822],[668533.36046,4391225.49412],[668533.36046,4391225.49412],[668533.36046,4391225.49412],[668497.36086,4391201.49362],[668497.36084,4391201.49361],[668400.35625,4391155.49101],[668135.36005,4390981.49892],[668135.36005,4390981.49892],[668096.36257,4390956.49493],[668084.36581,4390938.49739],[668103.36319,4390890.49834],[668103.36319,4390890.49834],[668103.3632,4390890.49832],[668112.3667,4390842.49522],[668112.3667,4390842.49522],[668112.3667,4390842.4952],[668112.3667,4390842.49518],[668103.3641,4390806.49508],[668103.36409,4390806.49506],[668006.36169,4390559.49567],[667969.368,4390442.49147],[667969.36799,4390442.49146],[667916.37159,4390318.49276],[667916.37159,4390318.49275],[667871.36969,4390229.49465],[667871.36969,4390229.49465],[667645.37409,4389834.49285],[667645.37408,4389834.49284],[667483.38008,4389601.49774],[667483.38008,4389601.49774],[667432.38148,4389535.49474],[667432.38148,4389535.49474],[667432.38147,4389535.49473],[667432.38145,4389535.49471],[667432.38144,4389535.49471],[667432.38142,4389535.4947],[667432.3814,4389535.4947],[667432.3449,4389535.4947],[667259.38351,4389524.4996],[667259.34651,4389524.4951],[667259.34651,4389524.4951],[667186.38094,4389516.4983],[667073.38177,4389421.49743],[666895.38448,4389218.49213],[666895.38447,4389218.49213],[666768.38557,4389097.49633],[666554.38907,4388866.49273],[666554.38907,4388866.49272],[666463.39367,4388786.49793],[666286.39097,4388607.49683],[666286.39097,4388607.49683],[666286.39096,4388607.49682],[666244.3954,4388576.49645],[666248.3935,4388521.49741],[666248.3935,4388521.49739],[666248.3935,4388521.49737],[666206.3949,4388389.49747],[666188.3939,4388299.494],[666208.3918,4388153.49632],[666224.39919,4388104.49584],[666254.39908,4388056.50066],[666293.40137,4388014.49407],[666293.40139,4388014.49404],[666302.39609,4387996.49844],[666302.3961,4387996.49843],[666302.3961,4387996.49841],[666319.4003,4387821.49821],[666319.4003,4387821.4982],[666320.3963,4387769.49573],[666341.40118,4387730.49766],[666377.40097,4387688.49497],[666425.40226,4387650.49428],[666425.40226,4387650.49428],[666425.40228,4387650.49426],[666425.40229,4387650.49425],[666425.4023,4387650.49423],[666425.4023,4387650.49421],[666425.4023,4387650.49419],[666425.40229,4387650.49417],[666425.40229,4387650.49415],[666347.40379,4387515.48985],[666347.40378,4387515.48984],[666283.40488,4387423.49804],[666283.40488,4387423.49804],[666283.40487,4387423.49803],[666149.4061,4387289.49406],[666138.4093,4387163.49709],[666138.4093,4387163.49707],[666138.40929,4387163.49706],[666122.41069,4387130.49566],[666122.41069,4387130.49566],[666122.41068,4387130.49564],[666061.41008,4387056.49734],[666061.41007,4387056.49733],[666028.40898,4387023.49594],[666008.4084,4386982.49507],[665974.4137,4386808.49918],[665974.41369,4386808.49917],[665917.41149,4386641.49937],[665917.41149,4386641.49937],[665917.41149,4386641.49935],[665917.41148,4386641.49933],[665917.41146,4386641.49932],[665917.41144,4386641.49931],[665917.41143,4386641.4993],[665917.41141,4386641.4993],[665917.37841,4386641.4973],[665917.37841,4386641.4973],[665832.41121,4386636.5007],[665832.37871,4386636.4982],[665832.37868,4386636.4982],[665704.37868,4386657.5013],[665704.37867,4386657.50131],[665605.60757,4386690.42531],[665401.38087,4386758.5018],[665086.37578,4386827.5065],[665086.37578,4386827.5065],[664765.37388,4386905.5099],[664765.37387,4386905.5099],[664535.37348,4386968.5128],[664461.37049,4386981.51],[664381.3876,4386981.5109],[664381.3671,4386981.5109],[664381.36709,4386981.5109],[664150.01529,4386993.7218],[664079.35589,4386997.4501],[664079.35588,4386997.4501],[664079.35586,4386997.45011],[664079.35585,4386997.45012],[663726.55225,4387217.26872],[663440.36345,4387395.52112],[663440.36344,4387395.52112],[663294.35964,4387504.52072],[663294.35964,4387504.52072],[663294.35963,4387504.52073],[663199.35963,4387601.52283],[663199.35962,4387601.52284],[663079.42452,4387746.43994],[663079.42452,4387746.43994],[663079.35702,4387746.52194],[663079.35702,4387746.52194],[662989.35382,4387872.52334],[662899.42272,4387977.07823],[662866.35272,4388015.52543],[662866.35272,4388015.52544],[662653.34882,4388282.52224],[662653.34882,4388282.52224],[662541.76372,4388435.39954],[662526.34592,4388456.52454],[662222.34322,4388851.52524],[662222.34322,4388851.52524],[662133.33932,4388983.52684],[661981.33802,4389176.52643],[661896.33663,4389262.52613],[661888.18754,4389269.11262],[661682.33414,4389435.52772],[661682.33413,4389435.52773],[661666.39393,4389449.77773],[661333.32894,4389747.52682],[661266.32555,4389794.52642],[661184.32706,4389842.52761],[661094.32467,4389879.52901],[661065.90447,4389887.5001],[660930.32327,4389925.5277],[660930.32327,4389925.5277],[660930.32326,4389925.52771],[660613.31846,4390059.52771],[660613.31846,4390059.52771],[660613.31845,4390059.52772],[660613.31843,4390059.52772],[660473.31953,4390181.52872],[660473.31953,4390181.52873],[660459.86383,4390193.50773],[660391.31654,4390254.52962],[660369.97574,4390271.92962],[660234.31474,4390382.52952],[660234.31473,4390382.52953],[659988.59473,4390604.65533],[659984.31263,4390608.52623],[659984.31263,4390608.52623],[659618.30543,4390993.52893],[659337.30473,4391264.52783],[659337.30473,4391264.52783],[659154.30113,4391454.52433],[659058.90263,4391544.00963],[659025.30083,4391575.52613],[659025.30083,4391575.52613],[658973.30523,4391630.52293],[658973.30123,4391630.52693],[658973.30122,4391630.52694],[658973.30121,4391630.52696],[658973.3012,4391630.52698],[658973.3012,4391630.527],[658973.3012,4391630.52702],[658973.30121,4391630.52704],[658973.30122,4391630.52705],[658973.31171,4391630.54355],[659016.30051,4391707.52525],[659016.30051,4391707.52525],[659016.30052,4391707.52526],[659130.29932,4391861.52456],[659130.29932,4391861.52456],[659582.29452,4392429.51936],[659582.29452,4392429.51936],[659582.29453,4392429.51937],[659586.29603,4392433.51737],[659586.29603,4392433.51738],[659610.29473,4392454.51917],[659773.29682,4392666.51686],[659773.29682,4392666.51686],[659865.29812,4392779.51866],[660182.30272,4393192.51376],[660182.30272,4393192.51376],[660367.30442,4393424.50986],[660367.30442,4393424.50986],[660367.30443,4393424.50987],[660459.30503,4393506.51127],[660459.30504,4393506.51128],[660735.30504,4393735.50908],[660772.30844,4393766.51338],[661232.31083,4394162.50888],[661232.31084,4394162.50888],[661402.31254,4394296.50858],[661402.31254,4394296.50858],[661878.31724,4394621.50768],[661878.31725,4394621.50768],[662734.32674,4395183.50428],[663176.32974,4395494.50358],[663517.33242,4395760.49866],[663688.33491,4396155.49944],[664555.34661,4398155.49474],[664723.34601,4398542.49164],[664723.34601,4398542.49165],[664741.34841,4398572.48845],[664741.34841,4398572.48845],[664741.34842,4398572.48846],[664741.34844,4398572.48848],[664810.34693,4398631.49267],[664915.35042,4398735.48686],[664948.35341,4398795.49054],[665017.36,4399009.48753],[665017.36,4399009.48753],[665017.36001,4399009.48755],[665017.36002,4399009.48756],[665046.36052,4399049.48456],[665046.36053,4399049.48457],[665046.36054,4399049.48458],[665078.35914,4399071.48578],[665078.35916,4399071.48579],[665078.35917,4399071.4858],[665099.35937,4399077.4842],[665099.35939,4399077.4842],[665099.39639,4399077.4862],[665099.3964,4399077.4862],[665233.35919,4399083.4834],[665300.35677,4399099.4864],[665342.35716,4399115.48739],[665377.35773,4399136.48518],[665422.36091,4399189.48275],[665454.3604,4399270.48633],[665463.3606,4399329.48471],[665466.3663,4399469.4821],[665466.3663,4399469.48212],[665466.36631,4399469.48214],[665466.36632,4399469.48216],[665466.36633,4399469.48217],[665466.36634,4399469.48218],[665777.36384,4399674.47768],[665777.36384,4399674.47768],[665777.36386,4399674.47769],[666010.36414,4399766.47719],[666023.36531,4399779.47795],[666055.3715,4399990.4766],[666049.3718,4400020.47767],[666033.36941,4400061.47766],[665771.86861,4400598.46496],[665752.38821,4400638.46796],[665752.38821,4400638.46796],[665752.3882,4400638.46797],[665752.3882,4400638.46799],[665752.3882,4400638.46801],[665752.3882,4400638.46803],[665752.38821,4400638.46805],[665752.38822,4400638.46806],[665752.38824,4400638.46808],[665752.38825,4400638.46809],[665752.38827,4400638.4681],[665752.38829,4400638.4681],[665752.38831,4400638.4681],[665752.38833,4400638.4681],[665752.38834,4400638.46809],[665752.43108,4400638.44772],[665752.42073,4400638.46792],[665642.42516,4400682.46871],[665642.42516,4400682.46871],[665642.42514,4400682.46872],[665622.42524,4400697.46602],[665622.42524,4400697.46602],[665622.42523,4400697.46603],[665622.42522,4400697.46605],[665622.42521,4400697.46606],[665530.43081,4400917.46346],[665530.43081,4400917.46346],[665344.44501,4401412.45715],[664997.45693,4401797.45023],[664702.46363,4402071.45233],[664625.46373,4402140.44693],[664625.46373,4402140.44693],[664400.46553,4402344.45113],[664400.46553,4402344.45113],[664166.46883,4402558.44723],[664073.47013,4402643.45123],[664073.47013,4402643.45123],[663815.47064,4402882.44532],[663277.47328,4403248.44589],[662993.47323,4403156.4501],[662993.47323,4403156.4501],[662993.47321,4403156.4501],[662993.4732,4403156.4501],[662086.4652,4403191.4539],[662086.4652,4403191.4539],[661972.4649,4403196.4494],[661799.4647,4403197.4562],[661799.4647,4403197.4562],[661708.4635,4403199.4531],[661708.46348,4403199.4531],[661537.46298,4403239.451],[661537.46297,4403239.45101],[661276.46177,4403335.4533],[661182.46198,4403357.4531],[661182.46196,4403357.45311],[661182.46195,4403357.45312],[661182.46193,4403357.45313],[661153.46273,4403383.45653],[661153.46272,4403383.45654],[661124.46364,4403418.45482],[661094.46469,4403429.4563],[661067.46343,4403426.4545],[660882.46054,4403347.45861],[660882.46054,4403347.45861],[660882.46053,4403347.4586],[660458.45753,4403222.4576],[660458.45753,4403222.4576],[660458.45751,4403222.4576],[660001.45021,4403189.4592],[660001.45019,4403189.4592],[659827.45089,4403202.4614],[659827.45089,4403202.4614],[659663.44579,4403224.4619],[659663.44577,4403224.46191],[659619.45067,4403240.46311],[659619.45067,4403240.46311],[659619.45065,4403240.46311],[659619.45063,4403240.46313],[659619.45062,4403240.46314],[659543.45013,4403345.46582],[659514.45066,4403362.46431],[659419.44787,4403395.46181],[659419.44785,4403395.46181],[659393.44635,4403409.45841],[659393.44635,4403409.45841],[659393.44633,4403409.45842],[659393.44632,4403409.45844],[659371.44712,4403438.46384],[659371.44712,4403438.46384],[659371.44711,4403438.46386],[659362.44831,4403458.46275],[659187.44914,4403711.46152],[659017.45196,4403776.45981],[659017.45195,4403776.45981],[659017.45194,4403776.45982],[658984.45054,4403803.46492],[658984.45054,4403803.46492],[658984.45052,4403803.46493],[658944.45333,4403849.46483],[658808.45463,4403997.46323],[658582.45493,4404212.46903],[658582.45493,4404212.46903],[658429.45364,4404381.46352],[657906.45395,4404707.46611],[657675.45075,4404834.46721],[657675.45075,4404834.46721],[657155.44505,4405151.46731],[657155.44505,4405151.46731],[657155.44503,4405151.46733],[657155.44502,4405151.46734],[657070.44892,4405267.47174],[656938.44792,4405428.46394],[656938.44792,4405428.46395],[656921.44952,4405455.46475],[656921.44952,4405455.46475],[656921.4495,4405455.46477],[656790.45051,4405863.46556],[656388.45751,4406609.45805],[656388.45751,4406609.45805],[656233.45841,4406909.45045],[656089.46072,4407141.45205],[655908.46402,4407411.45034],[655729.45752,4407660.44574],[655729.45752,4407660.44575],[655554.46142,4407928.44083],[655478.46394,4407998.44492],[655225.46405,4408179.44452],[655146.46525,4408223.43741],[654924.46786,4408332.44441],[654924.46785,4408332.44441],[654626.46955,4408485.44381],[654626.46955,4408485.44381],[654538.46775,4408531.43981],[654538.46775,4408531.43982],[654465.46945,4408578.44162],[654465.46943,4408578.44163],[654361.47323,4408675.44263],[654361.47321,4408675.44265],[654311.47431,4408761.44135],[654311.47431,4408761.44135],[654311.47431,4408761.44137],[654311.4743,4408761.44139],[654282.4733,4408958.44008],[654268.47391,4409005.43306],[654228.47761,4409093.43475],[654183.47543,4409151.43783],[654128.47904,4409199.43452],[653990.47794,4409293.43522],[653990.47794,4409293.43522],[653990.47793,4409293.43523],[653946.47953,4409334.43003],[653946.47953,4409334.43003],[653946.47952,4409334.43004],[653911.47972,4409387.43614],[653911.47972,4409387.43614],[653911.47971,4409387.43617],[653884.48021,4409466.43487],[653884.48021,4409466.43487],[653884.4802,4409466.43488],[653865.4842,4409581.43458],[653865.4842,4409581.4346],[653864.4854,4409642.4359],[653864.4854,4409642.43592],[653875.484,4409690.43221],[653873.4817,4409747.43548],[653820.4861,4409933.43057],[653820.4861,4409933.43058],[653699.49281,4410445.42503],[653232.49935,4410700.42601],[653232.49934,4410700.42602],[653108.49874,4410782.42312],[653108.49874,4410782.42312],[653108.49873,4410782.42313],[653108.49872,4410782.42314],[653108.49871,4410782.42316],[653108.4987,4410782.42318],[653108.4987,4410782.4232],[653108.4169,4410803.4254],[653108.4085,4410805.3749],[653083.5082,4411328.4182],[653083.5082,4411328.41821],[653083.5082,4411328.41823],[653169.5113,4411598.41363],[653169.51131,4411598.41364],[653387.52001,4412137.40303],[653411.5195,4412209.40123],[653435.5192,4412293.40232],[653471.5214,4412490.39462],[653471.52141,4412490.39464],[653471.52142,4412490.39465],[653663.52571,4412799.39055],[653804.53041,4413055.38364],[653821.529,4413103.38183],[653863.5319,4413268.37802],[653863.5319,4413268.37803],[653952.5381,4413560.37892],[653964.5406,4413625.37531],[653968.5392,4413706.3725],[653941.546,4413931.36829],[653941.546,4413931.36829],[653903.5488,4414338.36389],[653903.5488,4414338.3639],[653904.5527,4414641.3588],[653887.5567,4414816.35779],[653887.5567,4414816.35779],[653878.5599,4414970.35499],[653878.5599,4414970.35501],[653878.5599,4414970.35503],[653878.55991,4414970.35505],[653878.55992,4414970.35506],[653947.55872,4415054.35776],[653947.55872,4415054.35776],[653947.55873,4415054.35777],[654039.56013,4415139.35227],[654039.56014,4415139.35228],[654139.56144,4415217.34828],[654139.56144,4415217.34828],[654139.56145,4415217.34829],[654139.56147,4415217.3483],[654139.56149,4415217.3483],[654139.56151,4415217.3483],[654139.56153,4415217.3483],[654139.56154,4415217.34829],[654319.56304,4415129.34769],[654773.55783,4414972.34649],[654773.55784,4414972.34649],[655010.55973,4414880.34809],[656791.56173,4414263.35629],[656791.56173,4414263.35629],[656791.56175,4414263.35629],[656791.56177,4414263.35627],[656791.56178,4414263.35625],[657391.55208,4413348.36786],[657569.54668,4413138.36856],[657569.54668,4413138.36856],[657972.54508,4412631.37606],[657972.54508,4412631.37606],[658366.54405,4412101.3849],[658802.54729,4412139.3804],[659212.55279,4412176.3839],[659212.55281,4412176.3839],[659212.55283,4412176.3839],[659212.55285,4412176.38389],[659212.55286,4412176.38388],[659212.55288,4412176.38387],[660008.55094,4411251.3933],[660784.55419,4411302.3847],[660784.5542,4411302.3847],[661118.5555,4411312.3858],[661118.55551,4411312.3858],[661194.55721,4411302.3832],[661307.55401,4411288.3829],[661307.55402,4411288.3829],[662179.5617,4411142.3795],[662473.56178,4411206.3836],[662992.56455,4411332.37689],[663201.56103,4411529.37507],[663201.56103,4411529.37507],[663201.56105,4411529.37509],[663750.56765,4411813.36939],[663824.57055,4411852.36918],[663948.57394,4411950.36598],[664241.57523,4412216.36397],[664241.57525,4412216.36399],[665017.54294,4412683.33538],[665017.57144,4412683.35588],[665017.57144,4412683.35588],[665017.57146,4412683.35589],[665017.57147,4412683.3559],[665017.57149,4412683.3559],[665261.57089,4412712.3445],[665671.53329,4412773.3355],[665671.53329,4412773.3355],[665671.56179,4412773.3375],[665671.5618,4412773.3375],[666088.5244,4412786.3304],[666088.5244,4412786.3304],[666088.5569,4412786.3304],[666088.55692,4412786.3304],[666088.55693,4412786.33039],[666088.55695,4412786.33039],[666660.55015,4412472.31939],[666660.55015,4412472.31939],[666660.55016,4412472.31938],[666660.55018,4412472.31936],[666660.55019,4412472.31935],[666837.54769,4412134.32385],[666837.54769,4412134.32385],[666837.5477,4412134.32383],[666907.543,4411869.32803],[666907.543,4411869.32801],[666907.543,4411869.32799],[666907.543,4411869.32797],[666907.54299,4411869.32795],[666907.54298,4411869.32794],[666799.54478,4411733.33254],[666761.55079,4411671.32925],[666733.5471,4411603.33289],[666738.5479,4411561.33352],[666753.54719,4411516.33103],[666753.54719,4411516.33103],[666753.5472,4411516.33101],[666753.5472,4411516.33099],[666753.54719,4411516.33097],[666702.5487,4411375.33757],[666683.5473,4411295.34218],[666683.5473,4411295.34218],[666683.54729,4411295.34217],[666664.54599,4411244.34187],[666664.54599,4411244.34187],[666664.54599,4411244.34185],[666664.54598,4411244.34184],[666626.54789,4411198.34315],[666619.548,4411171.34328],[666615.5459,4411112.34735],[666635.54666,4411097.34978],[666635.54666,4411097.34978],[666635.54667,4411097.34977],[666635.54669,4411097.34975],[666635.54669,4411097.34974],[666635.5467,4411097.34972],[666637.5496,4411086.34792],[666652.5488,4411029.34663],[666652.5488,4411029.34661],[666652.5488,4411029.34659],[666652.5488,4411029.34658],[666642.5504,4410988.34638],[666642.55039,4410988.34636],[666624.54859,4410946.34726],[666624.54858,4410946.34725],[666624.54857,4410946.34723],[666595.54917,4410914.34613],[666595.54917,4410914.34613],[666595.54915,4410914.34612],[666555.54797,4410888.34952],[666524.54958,4410853.35184],[666496.54509,4410807.35485],[666472.55049,4410751.35337],[666459.5498,4410704.35259],[666458.542,4410665.35511],[666480.54859,4410583.35575],[666535.54887,4410518.35417],[666617.54476,4410452.35078],[666617.54477,4410452.35077],[666676.54657,4410398.35307],[666676.54657,4410398.35307],[666676.54658,4410398.35306],[666676.54659,4410398.35304],[666676.5466,4410398.35302],[666683.5423,4410370.35332],[666683.5423,4410370.35331],[666683.5423,4410370.35329],[666681.539,4410332.34869],[666681.539,4410332.34868],[666643.5434,4410127.35719],[666647.5403,4410066.36032],[666678.53779,4409995.36275],[666707.54117,4409962.36137],[666780.53867,4409897.35967],[666780.53867,4409897.35967],[666780.53868,4409897.35967],[666821.53478,4409850.35817],[666821.53478,4409850.35817],[666821.53479,4409850.35815],[666854.53529,4409788.36155],[666854.53529,4409788.36155],[666854.53529,4409788.36153],[666901.53509,4409648.35715],[666963.53457,4409565.35997],[666987.53255,4409545.36139],[667033.53373,4409529.36009],[667033.53375,4409529.36009],[667055.52885,4409516.35899],[667055.52887,4409516.35898],[667055.52888,4409516.35896],[667071.53148,4409496.35856],[667071.53149,4409496.35854],[667098.52758,4409430.36006],[667162.53027,4409369.35857],[667162.53027,4409369.35857],[667162.53028,4409369.35856],[667256.52707,4409259.36097],[667323.52815,4409208.36339],[667407.49464,4409166.37899],[667407.52763,4409166.3625],[667573.4868,4409159.3588],[667573.5238,4409159.3588],[667641.48789,4409164.357],[667641.52039,4409164.3595],[667641.5204,4409164.3595],[667695.3246,4409163.6214],[668370.4752,4409154.3532],[668370.47521,4409154.3532],[668370.5122,4409154.3512],[668889.46839,4409136.3478],[668962.46598,4409150.3448],[669396.46098,4409255.3413],[669948.45848,4409390.3355],[669948.45848,4409390.3355],[669948.45849,4409390.3355],[670001.45669,4409393.3342],[670001.48919,4409393.3362],[670368.45629,4409420.3364],[670415.45758,4409427.3385],[671217.45257,4409678.3362],[671672.45163,4409830.33798],[672366.46431,4411213.31074],[672366.46431,4411213.31075],[672372.46481,4411224.31455],[672700.17111,4411911.29334],[672704.46501,4411920.29464],[672704.46501,4411920.29464],[672704.46502,4411920.29466],[672704.46503,4411920.29467],[672704.46505,4411920.29468],[672704.46506,4411920.29469],[672704.46508,4411920.2947],[672704.4651,4411920.2947],[672704.4976,4411920.2947],[673409.46219,4411954.298],[673409.49869,4411954.3],[673409.4987,4411954.3],[674442.4542,4411930.3061],[674442.4912,4411930.3061],[674442.4912,4411930.3061],[674835.4406,4411921.3141],[674835.4776,4411921.3141],[674835.4776,4411921.3141],[675175.43059,4411911.3235],[676332.39528,4412172.3422],[676807.38167,4412288.3502],[677876.34787,4412584.3649],[677876.34787,4412584.3649],[677895.34877,4412589.3662],[679608.29877,4413064.3839],[679608.29877,4413064.3839],[680002.29257,4413168.389],[680002.29259,4413168.389],[680002.29261,4413168.389],[680002.29263,4413168.38899],[680002.29265,4413168.38899],[680002.30262,4413168.38301],[680002.32908,4413168.389],[680002.32908,4413168.389],[680002.3291,4413168.389],[680002.32912,4413168.389],[680002.32914,4413168.38899],[680002.32916,4413168.38898],[680059.33546,4413130.38668],[680305.32176,4412966.40418],[680305.32176,4412966.40418],[680459.31466,4412855.40298],[680459.31467,4412855.40297],[680459.31469,4412855.40295],[680459.31469,4412855.40293],[680936.29559,4411411.45953],[680951.29449,4411373.46464],[680951.2945,4411373.46463],[681024.29389,4411138.47593],[681087.28769,4410969.47263],[681087.2877,4410969.47263],[681129.2858,4410832.47643],[681129.2858,4410832.47643],[681129.2858,4410832.47641],[681134.2869,4410799.47551],[681134.2869,4410799.47551],[681134.2869,4410799.4755],[681134.2869,4410799.47548],[681124.2843,4410757.47538],[681124.28429,4410757.47537],[681043.28619,4410530.47697],[680942.2833,4410220.48137],[680942.28329,4410220.48136],[680910.2815,4410137.48697],[680866.2857,4409961.48568],[680854.2843,4409869.48429],[680851.2855,4409821.48599],[680808.2807,4408971.4956],[680814.2803,4408873.49661],[680814.2803,4408873.49659],[680804.2774,4408787.4977],[680812.274,4408417.5097],[680812.274,4408417.5097],[680813.2731,4408359.5051],[680815.2756,4408302.51001],[680827.271,4408123.51181],[680827.271,4408123.51179],[680827.271,4408123.51177],[680827.27099,4408123.51175],[680727.27619,4407935.51236],[680650.27529,4407745.51496],[680650.27529,4407745.51495],[680570.27269,4407590.51896],[680448.27379,4407297.51846],[680448.27379,4407297.51845],[680373.27219,4407154.51996],[680309.27632,4407019.51902],[680699.26197,4406595.52537],[680699.26197,4406595.52537],[680864.25647,4406409.53757],[680864.25648,4406409.53756],[680909.25818,4406351.53756],[680909.25818,4406351.53756],[680909.25819,4406351.53754],[680909.2582,4406351.53753],[681000.2551,4406014.54523],[681150.2484,4405538.55023],[681150.2484,4405538.55023],[681372.2504,4404782.55703],[681372.2504,4404782.55703],[681372.2504,4404782.55701],[681372.2504,4404782.55699],[681372.2504,4404782.55697],[681096.28,4403893.53097],[680981.2929,4403507.52548],[680971.3003,4403308.5187],[680969.3074,4402955.5164],[680969.3074,4402955.5164],[680948.3263,4402295.5016],[680953.8967,4402156.4948],[680966.3409,4401847.4945],[680966.3409,4401847.4945],[680961.3442,4401677.48641],[680976.3468,4401585.48462],[680976.3468,4401585.48462],[680976.3468,4401585.4846],[680974.3537,4401375.4803],[680974.3537,4401375.48028],[680974.35369,4401375.48026],[680965.35549,4401351.47926],[680965.35549,4401351.47926],[680965.35548,4401351.47924],[680965.35547,4401351.47923],[680945.35497,4401332.47723],[680945.35497,4401332.47723],[680945.35496,4401332.47722],[680945.35494,4401332.47721],[679755.37354,4400763.46781],[679486.37665,4400621.46491],[678509.39195,4400062.45561],[678509.39195,4400062.45561],[678509.39194,4400062.45561],[678509.39192,4400062.4556],[678228.39132,4399999.4541],[678228.39132,4399999.4541],[677973.39192,4399950.4548],[677973.39192,4399950.4548],[677685.39482,4399902.4512],[677523.39442,4399868.4498],[677523.39442,4399868.4498],[677523.3944,4399868.4498],[677437.39101,4399867.4527],[676987.39343,4399764.4473],[676736.39574,4399674.44971],[676242.39495,4399393.44661],[676242.39495,4399393.44661],[676242.39494,4399393.44661],[676119.39655,4399345.44751],[675990.39726,4399261.44842],[675790.39786,4399119.44842],[675745.39487,4399077.44993],[675745.39487,4399077.44993],[675745.39486,4399077.44992],[675718.27136,4399057.44942],[675718.27136,4399057.44942],[675629.39629,4398992.45404],[675602.0845,4398885.44998],[675593.458,4398851.44698],[675593.458,4398851.44698],[675590.3946,4398839.44398],[675590.39459,4398839.44395],[675583.39459,4398826.45145],[675583.39459,4398826.45145],[675583.39458,4398826.45144],[675583.39456,4398826.45142],[675569.39796,4398815.44942],[675569.39796,4398815.44942],[675569.39795,4398815.44941],[675569.39793,4398815.4494],[675569.39791,4398815.4494],[675444.39592,4398803.4528],[675406.39725,4398789.44641],[675339.39407,4398741.44762],[675312.20477,4398711.45273],[675312.20477,4398711.45273],[675308.39518,4398707.45124],[675276.39669,4398652.44796],[675225.3964,4398506.44667],[675217.3921,4398470.44668],[675217.39209,4398470.44666],[675217.39208,4398470.44664],[675217.39207,4398470.44662],[675139.39528,4398402.44943],[674857.38568,4397959.44965],[674662.38489,4397636.45205],[674662.38488,4397636.45205],[674562.38288,4397480.45315],[674562.38288,4397480.45315],[674562.38288,4397480.45314],[674487.38408,4397388.45604],[674487.38408,4397388.45604],[674487.38407,4397388.45602],[674405.38077,4397317.45243],[674282.37987,4397188.45623],[674282.37987,4397188.45623],[674282.37986,4397188.45622],[674241.37826,4397160.45862],[674101.37527,4397036.45773],[674101.37527,4397036.45773],[674101.37525,4397036.45771],[674101.37524,4397036.45771],[673608.36694,4396845.46431],[673339.36754,4396728.47111],[673086.36334,4396602.47671],[673086.36334,4396602.47671],[673033.30284,4396579.47631],[673033.30284,4396579.47631],[672961.36406,4396548.47002],[672948.36349,4396531.47216],[672943.3623,4396503.47178],[672943.3623,4396503.47178],[672943.36229,4396503.47176],[672943.36228,4396503.47174],[672943.36227,4396503.47173],[672923.36107,4396483.47343],[672923.36107,4396483.47343],[672923.36106,4396483.47342],[672923.36104,4396483.47341],[672815.17244,4396430.97401],[672810.36336,4396428.47112],[672776.36248,4396389.47344],[672743.36049,4396333.47335],[672739.48539,4396324.47686],[672739.48539,4396324.47686],[672725.3622,4396292.47257],[672712.5494,4396239.47268],[672698.3606,4396180.47638],[672698.36059,4396180.47635],[672684.35639,4396155.47445],[672684.35639,4396155.47445],[672684.35638,4396155.47444],[672684.35637,4396155.47443],[672657.35507,4396131.47423],[672657.35505,4396131.47422],[672657.35504,4396131.47421],[672628.35524,4396119.47701],[672628.35522,4396119.477],[672628.35519,4396119.477],[672582.35689,4396122.476],[672582.35687,4396122.476],[672582.35685,4396122.47601],[672571.73175,4396127.97511],[672571.73175,4396127.97511],[672470.35916,4396182.47511],[672429.35799,4396195.474],[672387.23012,4396187.4729],[672347.35533,4396179.4738],[672259.35603,4396147.47921],[672259.35603,4396147.47921],[672259.35601,4396147.4792],[672259.35599,4396147.4792],[672217.35519,4396152.4746],[672217.35517,4396152.4746],[672217.35515,4396152.47461],[672217.35513,4396152.47462],[672112.35353,4396243.47622],[672112.35353,4396243.47623],[672060.35488,4396294.47618],[671936.35128,4396230.47753],[671865.3462,4395984.48077],[671865.3462,4395984.48077],[671865.34619,4395984.48075],[671865.34618,4395984.48074],[671865.34616,4395984.48072],[671776.35127,4395915.48013],[671706.35008,4395824.48034],[671667.34769,4395759.48726],[671623.3476,4395615.48479],[671625.3505,4395576.48681],[671643.3484,4395466.48662],[671643.3484,4395466.48659],[671643.3484,4395466.48657],[671643.34839,4395466.48655],[671630.35169,4395441.48275],[671630.35169,4395441.48275],[671630.35167,4395441.48273],[671590.34989,4395396.48665],[671564.3479,4395243.48498],[671564.34789,4395243.48497],[671564.34789,4395243.48495],[671463.34789,4395059.48096],[671399.3472,4394860.49207],[671399.3472,4394860.49207],[671399.34719,4394860.49206],[671378.34649,4394817.48826],[671378.34649,4394817.48826],[671378.34648,4394817.48824],[671378.34647,4394817.48823],[671296.34378,4394733.48814],[671201.34058,4394603.48854],[671201.34057,4394603.48852],[671100.33697,4394516.49252],[671100.33696,4394516.49252],[670782.34206,4394277.49362],[670604.34106,4394131.49782],[670604.34106,4394131.49782],[670489.34096,4394046.49652],[670461.34087,4394020.49773],[670264.33848,4393789.50114],[670017.33658,4393478.50254],[670017.33658,4393478.50254],[669797.34168,4393215.50044],[669797.34168,4393215.50043],[669752.15498,4393163.50393],[669752.15498,4393163.50393],[669303.34228,4392648.49914],[669292.96688,4392635.00064],[669292.96688,4392635.00064],[669182.34288,4392491.49964],[669151.34506,4392439.50258]]]}},{"type":"Feature","properties":{"DPTOCRC":"06","NOMBRE":"L'ELIANA","ZONA_COD":"0607","DEPARTAMENTO":"VALENCIA ARNAU LLIRIA"},"geometry":{"type":"Polygon","coordinates":[[[714967.44648,4380583.9984],[714967.44648,4380583.9984],[714897.64268,4380599.8644],[714897.64268,4380599.8644],[714897.64266,4380599.86441],[714897.64265,4380599.86442],[714897.64263,4380599.86443],[714838.94303,4380653.80813],[714838.94303,4380653.80813],[714838.94302,4380653.80813],[714775.48003,4380726.78423],[714746.92326,4380748.99461],[714651.73208,4380769.6199],[714651.73206,4380769.61991],[714610.48576,4380785.48581],[714610.48576,4380785.48581],[714578.75442,4380798.17678],[714522.06127,4380744.00953],[714522.06127,4380744.00953],[714522.06125,4380744.00952],[714522.06124,4380744.00951],[714522.06122,4380744.0095],[714522.0612,4380744.0095],[714522.06118,4380744.0095],[714522.06116,4380744.00951],[714522.06115,4380744.00952],[714479.98335,4380771.06582],[714479.98335,4380771.06582],[714479.98334,4380771.06582],[714433.42824,4380810.33362],[714433.42824,4380810.33362],[714433.42822,4380810.33364],[714385.73912,4380874.50974],[714385.73912,4380874.50974],[714358.86943,4380914.84453],[714330.64864,4380937.00592],[714282.01694,4380975.19662],[714282.01693,4380975.19662],[714212.15583,4381035.69822],[714212.15583,4381035.69822],[714212.15582,4381035.69824],[714212.15581,4381035.69825],[714212.1558,4381035.69827],[714212.1558,4381035.69829],[714212.1558,4381035.69831],[714212.1558,4381035.69832],[714221.54,4381074.88862],[714232.82516,4381210.58591],[713954.43209,4380677.61955],[713654.82599,4380104.04215],[713621.57019,4380040.37605],[713621.51269,4380040.26156],[713621.51269,4380040.26155],[713620.12019,4380037.58905],[713620.12019,4380037.58905],[713574.45729,4379950.17665],[713574.45728,4379950.17664],[713574.45726,4379950.17662],[713574.45725,4379950.17661],[713574.45723,4379950.1766],[713574.45721,4379950.1766],[713574.45719,4379950.1766],[713574.45717,4379950.1766],[713574.45715,4379950.17661],[713574.45713,4379950.17662],[713574.45712,4379950.17664],[713459.56172,4380097.21824],[713454.22922,4380104.04214],[713325.56192,4380268.70404],[713218.55342,4380405.64954],[713016.49433,4380664.23752],[712769.03775,4380802.05801],[712766.18685,4380803.64951],[712660.74725,4380862.37521],[712575.02475,4380910.11921],[712472.90455,4380966.99631],[712217.52247,4381109.2337],[712182.3874,4381109.2339],[712077.5228,4381109.2344],[712077.52278,4381109.2344],[712077.52276,4381109.23441],[712077.52275,4381109.23441],[711927.04395,4381199.58761],[711888.81225,4381222.54461],[711764.01385,4381297.47981],[711606.51137,4381392.0519],[711428.68708,4381420.7828],[711428.68708,4381420.7828],[711428.68707,4381420.7828],[711428.67308,4381420.7868],[710827.09148,4381517.9814],[710825.36298,4381518.2599],[710548.47668,4381562.9983],[710548.47668,4381562.9983],[710548.47666,4381562.99831],[710548.47664,4381562.99832],[710414.13114,4381653.12002],[710397.16814,4381664.49912],[710107.81894,4381858.61062],[710084.49684,4381874.25792],[710084.49684,4381874.25792],[710084.49683,4381874.25793],[710084.49682,4381874.25795],[710084.49681,4381874.25797],[710084.4968,4381874.25799],[710084.4968,4381874.25801],[710084.4968,4381874.25803],[710084.49681,4381874.25805],[710084.49681,4381874.25805],[710105.51311,4381914.25605],[710105.51311,4381914.25605],[710105.51312,4381914.25606],[710481.5247,4382379.26203],[710472.5384,4382451.13809],[710472.5384,4382451.13809],[710472.5384,4382451.13811],[710472.5384,4382451.13813],[710472.53841,4382451.13815],[710472.53842,4382451.13817],[710472.53844,4382451.13818],[710472.53846,4382451.13819],[710472.53848,4382451.1382],[710472.5385,4382451.1382],[710733.47383,4382459.2643],[710758.47131,4382522.07524],[710758.47132,4382522.07525],[710758.47133,4382522.07527],[710758.47134,4382522.07528],[710758.47136,4382522.07529],[710758.47138,4382522.0753],[710758.4714,4382522.0753],[710913.46905,4382529.2637],[711111.66202,4382810.06316],[711194.90682,4382928.00546],[711235.84532,4382986.00776],[711304.41672,4383083.16166],[711400.48761,4383219.27744],[711450.9821,4383414.53903],[711454.47019,4383428.02766],[711359.32764,4383495.80372],[711357.52014,4383497.09132],[711357.52014,4383497.09132],[711357.52013,4383497.09133],[711357.52012,4383497.09135],[711357.52011,4383497.09136],[711357.5201,4383497.09138],[711357.5201,4383497.0914],[711357.5201,4383497.09142],[711357.52011,4383497.09144],[711357.52012,4383497.09146],[711357.52013,4383497.09147],[711357.52013,4383497.09147],[711527.51493,4383668.03537],[711527.51493,4383668.03537],[711527.51494,4383668.03538],[711527.51496,4383668.03539],[711527.51498,4383668.0354],[711527.515,4383668.0354],[711527.51502,4383668.0354],[711527.51503,4383668.03539],[711527.51505,4383668.03539],[711527.51505,4383668.03539],[711565.48018,4383645.21803],[711690.75642,4383793.41446],[711691.49336,4383794.28899],[711628.44914,4383847.09732],[711628.44914,4383847.09732],[711628.44912,4383847.09734],[711628.44911,4383847.09735],[711628.4491,4383847.09737],[711628.4491,4383847.09739],[711628.4491,4383847.09741],[711628.4491,4383847.09742],[711628.44911,4383847.09744],[711628.44912,4383847.09746],[711673.44602,4383910.22826],[711673.44602,4383910.22826],[711673.44603,4383910.22827],[711673.44605,4383910.22829],[711673.44607,4383910.22829],[711673.44609,4383910.2283],[711673.44611,4383910.2283],[711673.44613,4383910.2283],[711673.44615,4383910.22829],[711673.44616,4383910.22828],[711773.44408,4383828.03694],[711996.48292,4384121.16716],[711996.48292,4384121.16716],[711996.48293,4384121.16718],[711996.48295,4384121.16719],[711996.48297,4384121.16719],[711996.48299,4384121.1672],[711996.48301,4384121.1672],[711996.48303,4384121.1672],[711996.48305,4384121.16719],[711996.48306,4384121.16718],[712091.47959,4384046.16794],[712106.49093,4384062.26377],[712171.66193,4384132.15537],[712172.49143,4384133.04387],[712172.49143,4384133.04387],[712172.49144,4384133.04388],[712172.49146,4384133.04389],[712172.49148,4384133.0439],[712172.49149,4384133.0439],[712172.49151,4384133.0439],[712172.49153,4384133.0439],[712172.49155,4384133.04389],[712172.49156,4384133.04388],[712288.88096,4384036.22718],[712524.01646,4383840.63338],[712555.57136,4383814.38438],[712565.45486,4383806.16278],[712778.02145,4383689.36229],[712809.43704,4383672.10009],[712870.44888,4383645.22012],[712872.42233,4383647.34767],[712932.47732,4383712.09866],[712986.4593,4383815.22403],[713041.4545,4384086.16842],[713041.45451,4384086.16844],[713041.45452,4384086.16846],[713041.45453,4384086.16847],[713041.45454,4384086.16848],[713041.45456,4384086.16849],[713041.45458,4384086.1685],[713041.4546,4384086.1685],[713041.45462,4384086.1685],[713080.43953,4384079.29541],[713097.0807,4384133.05013],[713166.4444,4384357.11513],[713166.44441,4384357.11515],[713166.44443,4384357.11517],[713254.41293,4384444.30217],[713254.41294,4384444.30218],[713290.42919,4384470.24255],[713263.2822,4384642.62958],[713261.4426,4384654.31088],[713261.4426,4384654.31088],[713261.4426,4384654.31091],[713261.4426,4384654.31093],[713261.44261,4384654.31094],[713261.44262,4384654.31096],[713261.44264,4384654.31098],[713261.44265,4384654.31099],[713261.44267,4384654.311],[713261.44269,4384654.311],[713561.44339,4384677.1201],[713561.44342,4384677.1201],[713753.40027,4384641.17811],[713840.41313,4384720.22977],[713840.41313,4384720.22977],[713840.41315,4384720.22979],[713840.41317,4384720.22979],[713840.41319,4384720.2298],[713840.41321,4384720.2298],[713840.41323,4384720.2298],[713840.41325,4384720.22979],[713840.41326,4384720.22978],[713840.41328,4384720.22976],[713840.41329,4384720.22975],[713840.4133,4384720.22973],[713840.4278,4384720.17873],[713840.4278,4384720.17872],[713897.4316,4384488.17583],[714062.44319,4383951.16123],[714075.44019,4383920.16204],[714146.44228,4383796.16306],[714285.44697,4383645.15377],[714285.44698,4383645.15376],[714396.44667,4383513.15497],[714658.78886,4383302.55598],[714669.26451,4383294.14652],[714703.69325,4383313.43929],[714717.45375,4383321.14989],[714717.45376,4383321.14989],[714750.45116,4383336.14759],[714750.45116,4383336.14759],[714801.45056,4383359.14689],[714801.45056,4383359.14689],[714801.45057,4383359.14689],[714837.45007,4383371.15049],[714837.45007,4383371.1505],[714869.45207,4383380.14949],[714889.45306,4383389.14609],[714889.45307,4383389.1461],[714906.45155,4383394.14769],[714936.45023,4383422.14807],[714936.45024,4383422.14808],[714977.45104,4383455.15008],[714977.45104,4383455.15008],[715014.44984,4383484.15058],[715043.44914,4383508.15138],[715043.44914,4383508.15138],[715065.45304,4383526.15318],[715065.45304,4383526.15318],[715077.44994,4383535.15228],[715077.44994,4383535.15228],[715077.44996,4383535.15229],[715097.94646,4383542.83639],[715098.25346,4383542.95139],[715101.45246,4383544.15139],[715101.45246,4383544.15139],[715101.45248,4383544.1514],[715101.45251,4383544.1514],[715101.45253,4383544.1514],[715101.45255,4383544.15139],[715101.45256,4383544.15138],[715133.75596,4383518.30728],[715151.45326,4383504.14688],[715151.45326,4383504.14688],[715194.45376,4383468.14608],[715194.45377,4383468.14608],[715219.45166,4383446.14608],[715234.59475,4383436.82929],[715258.45455,4383422.14689],[715258.45456,4383422.14688],[715289.45736,4383401.23838],[715301.45456,4383393.14868],[715301.45457,4383393.14867],[715328.45597,4383363.14707],[715329.72347,4383361.96097],[715340.47167,4383351.90727],[715359.45487,4383334.14837],[715390.45377,4383306.14577],[715390.45378,4383306.14577],[715412.45367,4383281.14317],[715428.45687,4383265.14587],[715428.45688,4383265.14586],[715438.45558,4383251.14556],[715452.45578,4383233.14116],[715452.45579,4383233.14115],[715452.45579,4383233.14113],[715462.45459,4383206.14564],[715477.45448,4383174.14296],[715512.45547,4383136.14167],[715534.45927,4383114.14167],[715542.90337,4383106.90158],[715562.45557,4383090.14068],[715562.45557,4383090.14068],[715562.45558,4383090.14066],[715567.20518,4383083.01746],[715578.45938,4383066.13966],[715578.45939,4383066.13964],[715578.4594,4383066.13963],[715583.45659,4383048.13724],[715595.45778,4383031.14046],[715595.45779,4383031.14045],[715606.45995,4383013.13811],[715611.79899,4383013.7486],[715641.46049,4383017.1381],[715641.46051,4383017.1381],[715670.4601,4383014.1415],[715683.45659,4383015.141],[715683.45662,4383015.141],[715696.45772,4383013.1379],[715696.45773,4383013.13789],[715696.45775,4383013.13789],[715696.45777,4383013.13787],[715706.61387,4383003.57967],[715713.46046,4382997.13648],[715733.45715,4382984.13579],[715755.46124,4382974.13699],[715755.46124,4382974.13699],[715758.56374,4382972.70549],[715768.45776,4382968.13843],[715791.46042,4383005.13595],[715791.46043,4383005.13597],[715822.45863,4383038.13797],[715822.45863,4383038.13797],[715822.45864,4383038.13798],[715822.45866,4383038.13799],[715822.45867,4383038.138],[715822.45869,4383038.138],[715822.45871,4383038.138],[715822.45873,4383038.138],[715822.45875,4383038.13799],[715822.45876,4383038.13798],[715822.45876,4383038.13798],[715823.67136,4383037.15998],[715823.67536,4383037.15698],[715823.67536,4383037.15698],[715829.61236,4383032.36038],[715855.35416,4383011.56888],[715900.45947,4382975.13615],[715922.45921,4383011.13665],[715922.45921,4383011.13665],[715922.45922,4383011.13666],[715951.45842,4383049.13976],[715951.45842,4383049.13976],[715951.45843,4383049.13977],[715989.45663,4383083.13727],[715989.45664,4383083.13728],[716025.46054,4383113.14068],[716025.46055,4383113.14069],[716058.45795,4383131.13899],[716058.45795,4383131.13899],[716058.45797,4383131.139],[716093.45797,4383141.139],[716136.45797,4383157.14019],[716136.45797,4383157.14019],[716136.45798,4383157.1402],[716175.45998,4383166.1392],[716175.45999,4383166.1392],[716227.45859,4383173.1412],[716227.45859,4383173.1412],[716273.45719,4383177.1411],[716273.45721,4383177.1411],[716273.45724,4383177.14109],[716273.45726,4383177.14108],[716280.37126,4383172.53098],[716291.45886,4383165.14138],[716291.45886,4383165.14138],[716291.45887,4383165.14137],[716325.46027,4383135.13967],[716325.46027,4383135.13967],[716362.46017,4383097.13647],[716362.77517,4383096.83747],[716380.45787,4383080.13767],[716380.45787,4383080.13767],[716380.45788,4383080.13766],[716380.45789,4383080.13764],[716382.38539,4383075.96354],[716386.45849,4383067.13684],[716386.4585,4383067.13682],[716386.4585,4383067.1368],[716387.4585,4383010.1359],[716387.4585,4383010.1359],[716386.4594,4382961.1345],[716386.4597,4382930.1355],[716386.4597,4382930.13548],[716380.4594,4382905.13308],[716380.4594,4382905.13308],[716380.45939,4382905.13306],[716367.46309,4382879.13516],[716367.46309,4382879.13516],[716367.46308,4382879.13514],[716357.96188,4382866.84134],[716350.46068,4382857.13534],[716335.46139,4382833.13246],[716333.848,4382826.31978],[716333.848,4382826.31978],[716333.84799,4382826.31976],[716333.84798,4382826.31974],[716333.84797,4382826.31973],[716333.84795,4382826.31971],[716333.84793,4382826.31971],[716327.82828,4382824.31502],[716322.275,4382810.28568],[716321.1059,4382800.0559],[716321.9827,4382793.62581],[716321.9827,4382793.62579],[716321.9827,4382793.62577],[716321.98269,4382793.62576],[716321.98268,4382793.62574],[716321.98266,4382793.62572],[716321.98265,4382793.62571],[716321.98263,4382793.6257],[716309.9993,4382789.82603],[716309.1224,4382748.3225],[716309.1224,4382748.32249],[716305.9074,4382690.15889],[716305.9074,4382690.15889],[716302.4656,4382630.13309],[716302.4656,4382630.13308],[716302.46559,4382630.13306],[716302.46559,4382630.13305],[716302.46559,4382630.13305],[716294.46219,4382617.13235],[716294.46219,4382617.13235],[716294.46218,4382617.13234],[716281.46579,4382600.12755],[716272.463,4382579.12928],[716272.463,4382574.12975],[716298.71016,4382553.37088],[716305.33776,4382548.13028],[716305.33776,4382548.13028],[716313.76226,4382541.41858],[716318.02486,4382538.02308],[716318.02486,4382538.02308],[716318.02488,4382538.02306],[716318.02489,4382538.02305],[716318.0249,4382538.02303],[716318.0249,4382538.02301],[716318.0249,4382538.02298],[716317.8389,4382536.83298],[716317.8389,4382536.83298],[716313.7921,4382511.13198],[716311.0727,4382493.86121],[716320.45649,4382469.77234],[716320.65549,4382469.35834],[716339.02829,4382431.17914],[716355.90209,4382398.32205],[716356.88709,4382396.40555],[716356.88709,4382396.40555],[716356.88709,4382396.40553],[716365.61979,4382372.94313],[716365.61979,4382372.94313],[716365.6198,4382372.94312],[716368.4465,4382358.94292],[716368.4465,4382358.9429],[716368.4465,4382358.94288],[716368.44649,4382358.94286],[716368.44648,4382358.94284],[716353.60658,4382338.17144],[716353.60658,4382338.17144],[716340.56918,4382322.54924],[716329.4039,4382308.88856],[716329.2276,4382285.87272],[716335.24069,4382271.30545],[716350.21578,4382253.72516],[716350.21578,4382253.72516],[716371.74458,4382226.06216],[716377.24358,4382219.61306],[716395.83378,4382197.81766],[716395.83378,4382197.81766],[716399.90938,4382192.69156],[716425.82918,4382160.10296],[716454.27587,4382127.93637],[716463.55347,4382117.44877],[716468.14506,4382113.60668],[716497.81676,4382088.77828],[716497.81676,4382088.77828],[716497.81677,4382088.77827],[716526.37847,4382059.34767],[716526.37847,4382059.34767],[716547.16967,4382036.78278],[716635.45956,4381976.67278],[716724.31855,4381919.40978],[716761.76015,4381895.28188],[716790.01485,4381877.07458],[716790.01486,4381877.07458],[716888.61426,4381810.15098],[716888.61426,4381810.15098],[716888.61426,4381810.15098],[716890.01876,4381808.95298],[716949.72656,4381757.97768],[716950.69756,4381757.15018],[716950.69756,4381757.15018],[716950.69758,4381757.15016],[716950.69759,4381757.15015],[716950.6976,4381757.15013],[716957.5378,4381733.00573],[716957.5378,4381733.00573],[716957.5378,4381733.00571],[716957.5378,4381733.00569],[716954.4826,4381695.2321],[716959.1153,4381654.42291],[716965.2637,4381601.50362],[716972.06339,4381579.27623],[716991.40919,4381533.36954],[716994.75569,4381525.42945],[717016.03838,4381492.57895],[717017.95138,4381489.62585],[717038.05058,4381458.60246],[717080.97287,4381410.30567],[717080.97288,4381410.30566],[717128.74068,4381342.29876],[717163.41338,4381293.18586],[717163.41338,4381293.18586],[717163.41339,4381293.18585],[717194.45049,4381235.04745],[717194.4505,4381235.04743],[717196.8525,4381226.01543],[717204.0779,4381198.81793],[717204.0779,4381198.81793],[717204.0779,4381198.8179],[717204.0779,4381198.81788],[717204.07789,4381198.81786],[717189.54919,4381162.71397],[717183.1101,4381139.62097],[717181.8401,4381135.06399],[717181.8241,4381133.3005],[717181.3139,4381079.43],[717181.0638,4381052.8735],[717181.0247,4381048.7616],[717181.0247,4381048.76159],[717178.137,4381002.67509],[717178.13699,4381002.67507],[717164.91489,4380964.68057],[717164.91489,4380964.68057],[717164.91489,4380964.68055],[717155.10479,4380946.57855],[717155.10478,4380946.57854],[717155.10476,4380946.57852],[717155.10474,4380946.57851],[717155.10473,4380946.5785],[717134.23983,4380941.014],[717134.23983,4380941.014],[717108.32033,4380934.067],[717108.32033,4380934.067],[717108.32031,4380934.067],[717108.32029,4380934.067],[717108.32027,4380934.067],[717080.19338,4380941.774],[717065.55439,4380942.7445],[717065.55439,4380942.7445],[717043.2515,4380945.458],[716994.3556,4380943.1354],[716994.35558,4380943.1354],[716943.92768,4380953.5599],[716943.92767,4380953.5599],[716885.08887,4380971.4798],[716885.08887,4380971.47981],[716822.34867,4380993.78021],[716822.34866,4380993.78021],[716746.72446,4381024.76061],[716746.72446,4381024.76061],[716703.73907,4381044.2941],[716671.8562,4381049.367],[716638.32235,4381041.61351],[716625.90527,4381029.16953],[716623.9903,4381027.24856],[716624.5268,4381022.58311],[716625.4804,4381014.29641],[716625.4804,4381014.29639],[716625.4804,4381014.29637],[716625.48039,4381014.29635],[716625.48038,4381014.29634],[716625.48036,4381014.29632],[716625.48035,4381014.29631],[716625.48033,4381014.2963],[716625.48031,4381014.2963],[716625.48029,4381014.2963],[716625.48027,4381014.29631],[716443.99269,4381077.6059],[716418.33175,4381071.90351],[716348.20877,4381013.09083],[716278.75507,4380938.49273],[716278.75507,4380938.49272],[716237.59748,4380902.47994],[716211.87369,4380833.02657],[716211.87369,4380833.02655],[716211.87367,4380833.02653],[716211.87366,4380833.02652],[716211.87364,4380833.02651],[716211.87362,4380833.0265],[716211.8736,4380833.0265],[716211.87359,4380833.0265],[716211.87357,4380833.02651],[716211.87355,4380833.02651],[716211.87353,4380833.02653],[716162.99922,4380876.75635],[715934.05898,4380552.64094],[715934.05898,4380552.64094],[715934.05897,4380552.64093],[715934.05895,4380552.64091],[715934.05893,4380552.64091],[715934.05891,4380552.6409],[715934.05889,4380552.6409],[715934.05887,4380552.6409],[715934.05885,4380552.64091],[715934.05884,4380552.64092],[715934.05882,4380552.64094],[715934.05882,4380552.64094],[715862.03353,4380640.10063],[715778.64755,4380723.48681],[715776.5651,4380715.67628],[715768.6309,4380677.60448],[715768.6309,4380677.60448],[715768.63089,4380677.60447],[715746.42219,4380612.55567],[715746.42218,4380612.55564],[715692.47788,4380534.81784],[715667.09468,4380496.74194],[715667.09468,4380496.74194],[715667.09467,4380496.74193],[715667.09466,4380496.74192],[715667.09465,4380496.74191],[715616.32865,4380469.76951],[715616.32865,4380469.76951],[715616.32863,4380469.76951],[715616.32862,4380469.7695],[715565.55872,4380461.84],[715565.5587,4380461.84],[715565.55868,4380461.84],[715427.53208,4380484.0484],[715427.53208,4380484.0484],[715243.49958,4380517.3648],[715243.49958,4380517.3648],[715022.97578,4380571.307],[714967.44648,4380583.9984]]]}},{"type":"Feature","properties":{"DPTOCRC":"06","NOMBRE":"GODELLA","ZONA_COD":"0608","DEPARTAMENTO":"VALENCIA ARNAU LLIRIA"},"geometry":{"type":"Polygon","coordinates":[[[719222.71003,4380527.35217],[719302.45673,4380604.10917],[719378.01882,4380701.41536],[719441.45812,4380783.11016],[719625.45792,4381050.10636],[719737.34952,4381225.26555],[719862.17092,4381420.66555],[719862.17092,4381420.66555],[719862.45542,4381421.10955],[719999.83601,4381645.18165],[720049.45249,4381726.10881],[719968.4847,4382013.00787],[719968.4847,4382013.00787],[719968.4847,4382013.00789],[719968.4847,4382013.00791],[719968.4847,4382013.00793],[719968.48471,4382013.00795],[719968.48472,4382013.00796],[719968.48474,4382013.00798],[719968.48475,4382013.00799],[719968.48477,4382013.008],[719968.48477,4382013.008],[720312.60977,4382119.1133],[720568.41937,4382197.9879],[720568.41937,4382197.9879],[720568.41939,4382197.9879],[720568.41941,4382197.9879],[720568.41943,4382197.9879],[720568.41945,4382197.98789],[720568.41946,4382197.98788],[720568.41948,4382197.98786],[720568.41949,4382197.98784],[720568.4195,4382197.98783],[720568.4195,4382197.98781],[720575.4505,4382080.17581],[720638.4201,4381761.10883],[720792.48127,4381407.04338],[720855.16223,4381390.7168],[720930.44553,4381371.1072],[720930.44554,4381371.10719],[720930.44556,4381371.10718],[721096.46346,4381252.04178],[721096.46346,4381252.04178],[721096.46347,4381252.04177],[721427.47436,4380899.23228],[722066.45305,4380529.23069],[722066.45305,4380529.23069],[722066.45307,4380529.23068],[722066.45308,4380529.23066],[722066.45309,4380529.23065],[722229.41919,4380220.16765],[722325.37988,4380087.95266],[722449.41788,4379917.04006],[722449.41788,4379917.04006],[722449.41789,4379917.04004],[722449.4179,4379917.04002],[722491.7538,4379642.08572],[722521.44919,4379449.22664],[722750.43058,4379146.10096],[722750.43058,4379146.10096],[722750.43059,4379146.10094],[722750.4306,4379146.10092],[722808.5707,4378904.18012],[722812.46419,4378887.97606],[722993.39984,4378767.03659],[723316.44642,4378690.1593],[723316.44644,4378690.15929],[723316.44646,4378690.15928],[723316.44647,4378690.15927],[723316.44648,4378690.15926],[723481.49438,4378450.92036],[723490.42777,4378437.96877],[723534.81566,4378408.73358],[723648.78676,4378333.66928],[723704.41406,4378297.03248],[723704.41406,4378297.03248],[723704.41407,4378297.03247],[723704.41408,4378297.03245],[723704.41409,4378297.03244],[723771.44479,4378122.96815],[723835.42808,4378050.15517],[723835.42808,4378050.15517],[723835.42809,4378050.15515],[723835.42809,4378050.15513],[723835.4281,4378050.15511],[723835.4281,4378050.15509],[723835.4281,4378050.15507],[723835.42809,4378050.15505],[723835.42808,4378050.15504],[723835.42806,4378050.15502],[723791.44566,4378014.21662],[723791.44566,4378014.21662],[723791.44565,4378014.21661],[723791.44563,4378014.2166],[723791.44561,4378014.2166],[723791.44559,4378014.2166],[723638.39916,4378022.9684],[723540.42689,4377835.15246],[723447.4601,4377629.21787],[723377.45971,4377207.03014],[723489.86977,4377104.78937],[723498.02517,4377097.37127],[723510.42767,4377086.09077],[723510.42768,4377086.09076],[723510.42769,4377086.09074],[723510.4277,4377086.09072],[723588.3988,4376737.96242],[723588.3988,4376737.96242],[723588.3988,4376737.9624],[723588.3988,4376737.96238],[723588.39879,4376737.96236],[723588.39878,4376737.96235],[723588.39877,4376737.96233],[723588.39876,4376737.96232],[723588.39874,4376737.96231],[723438.39574,4376671.09131],[723438.39574,4376671.09131],[723438.39572,4376671.0913],[723438.3957,4376671.0913],[723438.39568,4376671.0913],[723438.39566,4376671.09131],[723438.39564,4376671.09132],[722962.27804,4377020.17374],[722939.39809,4376965.37326],[722939.39809,4376965.37326],[722939.39808,4376965.37325],[722937.99208,4376963.11125],[722937.99208,4376963.11125],[722937.99207,4376963.11123],[722937.99206,4376963.11122],[722937.99204,4376963.11121],[722937.99202,4376963.1112],[722937.992,4376963.1112],[722937.99198,4376963.1112],[722937.99196,4376963.11121],[722937.99194,4376963.11122],[722937.99193,4376963.11123],[722919.21053,4376981.89293],[722860.67933,4377037.20273],[722860.67933,4377037.20273],[722788.80123,4377106.13313],[722756.26883,4377137.33083],[722756.26882,4377137.33084],[722756.26881,4377137.33086],[722756.2688,4377137.33088],[722756.2688,4377137.3309],[722756.3118,4377138.21986],[722722.29453,4377173.93703],[722691.21423,4377206.03773],[722691.21422,4377206.03773],[722662.67783,4377238.64983],[722642.53344,4377254.60002],[722616.40565,4377270.23861],[722563.05135,4377302.16731],[722563.05135,4377302.16731],[722504.35565,4377338.26961],[722504.35565,4377338.26962],[722471.70285,4377358.71472],[722471.70285,4377358.71472],[722455.69145,4377368.85482],[722446.79495,4377374.49682],[722426.40105,4377387.41592],[722416.68115,4377393.43701],[722396.16477,4377406.1571],[722395.20231,4377406.2841],[722394.46484,4377406.10411],[722393.85438,4377405.78463],[722393.4329,4377404.69517],[722393.3019,4377403.80619],[722393.3019,4377401.2972],[722393.3019,4377401.29718],[722393.30189,4377401.29716],[722393.30188,4377401.29714],[722393.30187,4377401.29713],[722393.30186,4377401.29712],[722388.21436,4377397.90362],[722388.21434,4377397.90361],[722388.21432,4377397.9036],[722388.2143,4377397.9036],[722388.21428,4377397.9036],[722388.21426,4377397.90361],[722388.21424,4377397.90362],[722388.21423,4377397.90363],[722388.21421,4377397.90365],[722344.33801,4377469.40995],[722344.33801,4377469.40995],[722330.57161,4377492.56255],[722330.57161,4377492.56255],[722330.5716,4377492.56257],[722327.4421,4377503.51757],[722327.4421,4377503.51758],[722315.1767,4377555.33028],[722307.2228,4377588.92988],[722306.47932,4377592.06732],[722275.81264,4377601.14586],[722288.33,4377546.07532],[722288.33,4377546.0753],[722288.33,4377546.07528],[722288.32999,4377546.07526],[722288.32998,4377546.07525],[722288.32997,4377546.07523],[722288.32996,4377546.07522],[722288.32994,4377546.07521],[722288.32992,4377546.0752],[722288.3299,4377546.0752],[722288.32988,4377546.0752],[722287.68688,4377546.2022],[722287.68688,4377546.2022],[722257.35208,4377552.3298],[722257.35208,4377552.3298],[722257.35206,4377552.32981],[722257.35204,4377552.32982],[722257.35203,4377552.32983],[722257.35202,4377552.32984],[722257.35201,4377552.32986],[722257.352,4377552.32988],[722248.2796,4377598.95258],[722248.2796,4377598.95259],[722246.71461,4377613.03453],[722206.67637,4377627.56971],[722063.97677,4377679.37017],[722033.4904,4377566.73007],[722033.49039,4377566.73006],[722033.49038,4377566.73004],[722030.85289,4377563.05806],[722025.7124,4377545.91607],[722025.7124,4377545.91607],[722025.71239,4377545.91605],[722025.71238,4377545.91604],[722002.65998,4377516.79554],[721961.68358,4377465.03654],[721961.68357,4377465.03653],[721895.43937,4377404.90103],[721876.03047,4377387.28203],[721876.03047,4377387.28203],[721876.03045,4377387.28201],[721876.03043,4377387.28201],[721876.03042,4377387.282],[721876.0304,4377387.282],[721876.03038,4377387.282],[721876.03036,4377387.28201],[721876.03034,4377387.28202],[721678.48744,4377520.22892],[721433.49944,4377685.09792],[721433.49944,4377685.09792],[721433.41094,4377685.15942],[721433.41094,4377685.15942],[721433.41093,4377685.15943],[721433.41092,4377685.15945],[721433.41091,4377685.15946],[721410.98361,4377740.59716],[721385.05831,4377804.69335],[721265.27383,4377994.34903],[721167.86304,4378063.42052],[721165.94794,4378064.77842],[721165.94794,4378064.77842],[721165.94244,4378064.78242],[721143.65614,4378080.58702],[721113.47684,4378101.98862],[720780.26565,4378333.38732],[720677.18835,4378392.56021],[720676.46135,4378392.97821],[720676.46135,4378392.97821],[720676.46133,4378392.97822],[720676.46132,4378392.97824],[720676.03932,4378393.52074],[720676.03932,4378393.52074],[720146.61362,4379076.33434],[720063.26942,4379183.82624],[719922.07732,4379365.92474],[719848.32752,4379461.04194],[719836.74012,4379475.98854],[719599.88712,4379781.46674],[719599.43662,4379782.04624],[719599.43662,4379782.04624],[719116.52362,4380440.10514],[719116.52362,4380440.10514],[719116.49912,4380440.13964],[719116.49912,4380440.13964],[719116.49911,4380440.13966],[719116.4991,4380440.13968],[719116.4991,4380440.13969],[719116.4991,4380440.13971],[719116.49911,4380440.13973],[719116.49911,4380440.13975],[719116.49912,4380440.13976],[719116.49914,4380440.13978],[719116.49914,4380440.13978],[719155.63444,4380472.26078],[719222.45803,4380527.11017],[719222.71003,4380527.35217],[719222.71003,4380527.35217]]]}},{"type":"Feature","properties":{"DPTOCRC":"06","NOMBRE":"LLIRIA","ZONA_COD":"0609","DEPARTAMENTO":"VALENCIA ARNAU LLIRIA"},"geometry":{"type":"Polygon","coordinates":[[[692729.11813,4405207.46157],[692729.17963,4405207.52107],[692729.17963,4405207.52107],[692796.47683,4405268.10367],[693410.16833,4405820.50467],[693410.16833,4405820.50467],[693410.16835,4405820.50469],[693410.16837,4405820.5047],[694128.19707,4406030.4916],[694128.19707,4406030.4916],[694128.19709,4406030.4916],[694128.19711,4406030.4916],[694128.19712,4406030.4916],[694133.19642,4406029.2915],[694678.22362,4405898.4756],[694678.22362,4405898.4756],[696926.17302,4405335.9741],[696948.29082,4405330.4395],[696948.34755,4405330.42556],[696870.34212,4405434.42324],[696870.34212,4405434.42324],[696756.33422,4405607.43254],[696756.33422,4405607.43254],[696756.33421,4405607.43256],[696756.3342,4405607.43258],[696677.3276,4405926.43448],[696677.3276,4405926.43449],[696677.3276,4405926.43451],[696677.32761,4405926.43453],[696677.32761,4405926.43455],[696677.32762,4405926.43457],[696677.32764,4405926.43458],[696677.32765,4405926.43459],[696677.32767,4405926.4346],[696714.32422,4405937.42975],[696670.32673,4405984.43203],[696670.32671,4405984.43205],[696670.3267,4405984.43207],[696630.32201,4406106.43035],[696598.32213,4406141.43553],[696598.32213,4406141.43553],[696598.32211,4406141.43556],[696544.31681,4406252.42965],[696503.31732,4406306.43454],[696503.31731,4406306.43455],[696420.30651,4406442.43775],[696420.30651,4406442.43777],[696372.30591,4406587.43917],[696372.3059,4406587.43918],[696353.3031,4406681.43448],[696353.3031,4406681.4345],[696353.3031,4406681.43452],[696359.30369,4406706.43837],[696064.28903,4407013.44353],[696064.28902,4407013.44355],[696064.28901,4407013.44356],[696045.28631,4407060.44596],[696045.2863,4407060.44598],[696045.2863,4407060.44599],[696030.2841,4407309.44139],[696010.2816,4407438.43918],[696010.2816,4407438.43919],[695953.275,4407955.44709],[695930.2738,4408104.44328],[695930.2738,4408104.44329],[695921.274,4408165.44488],[695874.2685,4408415.44498],[695874.2685,4408415.44499],[695786.2509,4409932.44529],[695786.2509,4409932.44531],[695786.2509,4409932.44533],[695993.2559,4410717.43782],[696020.2523,4410854.43601],[695999.2534,4411102.43649],[695999.2534,4411102.43651],[696009.2514,4411211.43471],[696009.2514,4411211.43472],[696150.2523,4411785.42932],[696150.2523,4411785.42933],[696205.2502,4411974.41653],[696205.25021,4411974.41655],[696205.25022,4411974.41656],[696604.26302,4412468.39915],[696791.02691,4412851.90204],[697183.26281,4413657.34424],[697183.26281,4413657.34424],[697183.26282,4413657.34426],[697183.26283,4413657.34427],[697360.26963,4413836.32987],[697360.26963,4413836.32987],[697403.27023,4413875.33027],[697403.27023,4413875.33027],[697403.27025,4413875.33028],[697441.26935,4413899.33128],[697441.26936,4413899.33129],[697519.21026,4413933.29889],[697519.24226,4413933.31339],[697519.24226,4413933.31339],[697519.27076,4413933.32539],[697519.27078,4413933.3254],[697519.2708,4413933.3254],[697519.27082,4413933.3254],[697519.27083,4413933.32539],[697519.27085,4413933.32539],[697519.27087,4413933.32537],[697833.28136,4413653.32798],[698363.29904,4413414.32649],[698363.29904,4413414.32649],[698363.29905,4413414.32648],[698450.29555,4413358.32998],[698450.29556,4413358.32998],[699484.31825,4412644.32939],[699526.31943,4412628.3234],[700017.32673,4412493.3176],[700017.32675,4412493.31759],[700558.29795,4412179.34129],[700558.31995,4412179.32879],[700558.33845,4412179.31879],[700558.33845,4412179.31879],[700558.33846,4412179.31878],[700558.33848,4412179.31877],[700558.33849,4412179.31875],[700558.33849,4412179.31874],[700558.3385,4412179.31872],[700610.3443,4411902.32362],[700750.3554,4411287.32793],[700929.3668,4410733.32733],[700929.3668,4410733.32733],[700929.3668,4410733.32731],[700988.2955,4410257.80631],[701015.3706,4410039.32751],[701015.3706,4410039.32751],[701066.38,4409525.33162],[701667.405,4407279.34073],[701667.405,4407279.34073],[701667.405,4407279.34071],[701667.405,4407279.34069],[701667.40499,4407279.34067],[701667.40499,4407279.34065],[701420.4067,4406866.34387],[701353.423,4404966.3567],[701353.423,4404966.35669],[701122.44511,4403099.45836],[701991.39004,4402682.27649],[702970.19604,4402288.52959],[702973.33343,4402287.2675],[703763.11821,4402170.5122],[703791.36231,4402166.3355],[703791.37881,4402166.334],[704756.47601,4402087.1185],[704756.58701,4402087.11],[704756.58701,4402087.11],[705839.35491,4401998.2333],[705839.35492,4401998.2333],[706255.72322,4401932.3803],[706653.34452,4401869.4926],[706653.34453,4401869.49259],[706653.34455,4401869.49259],[706653.34457,4401869.49257],[706653.34458,4401869.49256],[706653.34459,4401869.49254],[706653.38759,4401869.39804],[706653.40555,4401869.36012],[706653.42642,4401869.36558],[706965.4302,4402815.37383],[707200.432,4403553.38683],[707523.4334,4404818.39811],[707516.4342,4405393.4006],[707516.4342,4405393.40062],[707516.43421,4405393.40064],[707516.43422,4405393.40066],[709048.41872,4407361.35416],[709048.41872,4407361.35416],[709048.41873,4407361.35417],[709048.41874,4407361.35418],[709901.40954,4407961.32188],[709901.40956,4407961.32189],[709901.40958,4407961.3219],[709901.4096,4407961.3219],[710727.3643,4407998.6824],[710727.3643,4407998.6824],[710727.4178,4407998.6849],[710727.4178,4407998.6849],[711052.3536,4408013.3829],[711052.3536,4408013.3829],[711052.4071,4408013.3854],[711052.4071,4408013.3854],[711426.3604,4408030.2933],[711426.3604,4408030.2933],[711426.4129,4408030.2943],[711426.41292,4408030.2943],[711426.41294,4408030.29429],[711426.41296,4408030.29428],[711426.41297,4408030.29427],[711580.41517,4407865.29707],[711580.41518,4407865.29706],[712003.43358,4407318.30426],[712003.43358,4407318.30426],[712166.44118,4407092.30676],[712166.44118,4407092.30676],[712166.44119,4407092.30674],[712275.44839,4406812.31684],[712295.44998,4406776.31746],[712436.45647,4406617.31527],[712598.45857,4406444.31897],[712665.46206,4406387.32258],[712897.46166,4406216.32348],[712897.46167,4406216.32347],[712911.46597,4406201.32427],[712911.46597,4406201.32427],[712911.46599,4406201.32425],[712911.466,4406201.32423],[712921.4652,4406169.32303],[712921.4652,4406169.32303],[712921.4652,4406169.32301],[712941.4726,4405880.32831],[712950.47139,4405837.33234],[712971.47088,4405800.33316],[712996.46837,4405770.33007],[713145.46576,4405659.33148],[713145.46576,4405659.33148],[713145.46577,4405659.33147],[713232.46707,4405568.32587],[713232.46707,4405568.32587],[713232.46708,4405568.32585],[713335.46748,4405408.33125],[713335.46749,4405408.33124],[713393.46919,4405283.32754],[713393.46919,4405283.32754],[713393.4692,4405283.32752],[713447.461,4405014.32862],[713447.461,4405014.32861],[713462.4604,4404905.33022],[713512.4583,4404643.32992],[713512.4583,4404643.32991],[713521.4529,4404562.33152],[713581.4576,4404296.32922],[713656.45709,4404037.32683],[713680.45499,4403983.32935],[713708.45497,4403948.32677],[713778.45416,4403891.32458],[713778.45416,4403891.32458],[713778.45417,4403891.32457],[713847.45427,4403819.32937],[713847.45427,4403819.32937],[713847.45428,4403819.32936],[713887.45048,4403768.32576],[713887.45049,4403768.32575],[713982.45149,4403600.32815],[713982.45149,4403600.32814],[714036.44769,4403484.33164],[714036.44769,4403484.33164],[714036.4477,4403484.33163],[714076.44419,4403362.32633],[714173.44329,4403113.33065],[714238.44088,4403013.32665],[714238.44088,4403013.32665],[714238.44089,4403013.32664],[714345.43818,4402732.32906],[715071.42386,4402114.32898],[715071.42386,4402114.32898],[715071.42388,4402114.32896],[715553.41898,4401545.33246],[715553.41898,4401545.33246],[715553.41898,4401545.33245],[715719.41427,4401285.32948],[716004.40863,4401184.33269],[716004.40864,4401184.33269],[716376.40504,4401043.32999],[716376.40504,4401043.32999],[716376.40506,4401043.32998],[716376.40507,4401043.32997],[716376.40509,4401043.32995],[716512.39299,4400813.33485],[716654.39818,4400586.33426],[716770.39428,4400454.33307],[716770.39428,4400454.33307],[716770.39429,4400454.33305],[716770.39429,4400454.33303],[716770.3943,4400454.33301],[716770.3943,4400454.33299],[716770.3943,4400454.33297],[716770.39429,4400454.33296],[716770.38029,4400454.30446],[716681.39309,4400268.33916],[716330.39349,4399337.34126],[716330.39349,4399337.34125],[716330.39348,4399337.34124],[716070.39259,4399014.33865],[715952.39339,4398740.33666],[715952.39338,4398740.33664],[715928.39088,4398710.34164],[715928.39088,4398710.34164],[715928.39087,4398710.34163],[715928.39085,4398710.34162],[715864.39585,4398670.34212],[715864.39585,4398670.34212],[715864.39584,4398670.34211],[715864.39582,4398670.3421],[715718.39564,4398636.33901],[715694.39336,4398622.33902],[715672.38948,4398599.34004],[715657.3978,4398564.34208],[715656.3923,4398398.3412],[715656.3923,4398398.34118],[715645.3904,4398353.34068],[715645.39039,4398353.34065],[715629.39129,4398324.33865],[715629.39129,4398324.33865],[715629.39127,4398324.33863],[715629.39126,4398324.33862],[715561.38576,4398279.33812],[715533.39388,4398257.34064],[715524.39081,4398234.3417],[715554.3922,4398138.33973],[715554.3922,4398138.33972],[715554.3922,4398138.3397],[715554.392,4398122.3427],[715554.392,4398122.34268],[715554.39199,4398122.34266],[715554.39198,4398122.34264],[715544.39798,4398108.34464],[715544.39797,4398108.34463],[715544.39795,4398108.34461],[715544.39793,4398108.34461],[715526.39203,4398102.33961],[715526.39202,4398102.3396],[715526.392,4398102.3396],[715461.39352,4398102.3356],[715445.39065,4398096.33911],[715371.39267,4398048.34013],[715188.39089,4397783.34125],[714865.38499,4396901.34157],[714865.38499,4396901.34157],[714865.38498,4396901.34154],[714373.37829,4396218.34046],[714175.3668,4395042.33868],[714175.3668,4395042.33867],[713844.3523,4394030.34057],[713844.3523,4394030.34057],[713844.35229,4394030.34055],[713844.35227,4394030.34053],[713620.35227,4393802.34133],[713567.34908,4393736.34244],[713567.34908,4393736.34244],[713567.34907,4393736.34243],[713506.34708,4393674.34154],[713383.34949,4393456.34205],[713297.35269,4393303.33965],[713297.35269,4393303.33965],[713297.35268,4393303.33964],[713248.35739,4393236.34076],[713223.3573,4393150.33539],[713224.3567,4393118.33493],[713244.35409,4393084.33335],[713263.35548,4393054.33385],[713263.35548,4393054.33385],[713263.35549,4393054.33384],[713282.35759,4393006.33204],[713282.35759,4393006.33204],[713282.3576,4393006.33201],[713287.3596,4392971.33091],[713287.3596,4392971.33089],[713283.3582,4392931.33329],[713283.3582,4392931.33328],[713283.35819,4392931.33326],[713265.36089,4392888.33456],[713265.36089,4392888.33455],[713262.84389,4392883.56655],[713180.36349,4392727.32465],[713180.36348,4392727.32464],[713103.36419,4392622.32625],[713082.3649,4392578.32668],[713082.3651,4392562.32944],[713164.36797,4392483.32397],[713164.36798,4392483.32396],[713164.36799,4392483.32394],[713184.36509,4392434.32714],[713184.36509,4392434.32714],[713184.3651,4392434.32712],[713184.3651,4392434.32711],[713188.3638,4392384.32631],[713188.3638,4392384.32631],[713188.3638,4392384.32629],[713182.3684,4392312.32559],[713182.3684,4392312.32558],[713165.3713,4392214.32108],[713165.3713,4392214.32107],[713114.3702,4392041.31607],[713086.3757,4391937.31909],[713090.3736,4391905.31452],[713125.3756,4391796.31373],[713125.3756,4391796.31373],[713125.3756,4391796.31371],[713131.3767,4391752.31401],[713131.3767,4391752.31399],[713128.3749,4391708.30979],[713128.3749,4391708.30978],[713119.3764,4391669.31118],[713119.37639,4391669.31116],[713062.3786,4391540.30988],[713060.38,4391512.30949],[713060.38,4391512.30949],[713060.38,4391512.30948],[713060.376,4391512.29148],[713060.3595,4391512.21748],[713060.3595,4391512.21748],[713060.3245,4391512.06548],[713049.3787,4391464.31179],[713049.3793,4391416.30611],[713058.303,4391362.76222],[713058.3791,4391362.31372],[713058.3791,4391362.3137],[713059.3838,4391267.3077],[713059.3838,4391267.30769],[713053.3885,4391182.30789],[713053.3885,4391182.30788],[713030.3826,4391058.30608],[713030.3826,4391058.30608],[713030.3826,4391058.30607],[712983.3874,4390900.30038],[712969.385,4390823.30458],[712969.385,4390823.30458],[712934.3927,4390653.30379],[712934.4682,4390652.53781],[712945.3915,4390541.29651],[712949.3938,4390505.29252],[713031.2192,4390226.89923],[713031.3977,4390226.29123],[713031.3977,4390226.29121],[713031.3977,4390226.29119],[713031.3977,4390226.29117],[713031.39769,4390226.29115],[713031.39768,4390226.29114],[713031.39767,4390226.29112],[713031.39765,4390226.29111],[713031.39763,4390226.29111],[713031.39761,4390226.2911],[713031.3976,4390226.2911],[713031.3566,4390226.2931],[712752.4037,4390237.2897],[712752.40369,4390237.2897],[712489.41719,4390276.2891],[712489.41716,4390276.28911],[712489.41715,4390276.28912],[712489.41713,4390276.28913],[711361.43573,4391401.30393],[711361.43571,4391401.30395],[711361.26571,4391401.61495],[711332.43211,4391454.30695],[711332.43211,4391454.30695],[711332.43211,4391454.30696],[711158.96991,4391867.26956],[711156.42831,4391873.31766],[711156.4283,4391873.31767],[711114.4995,4392002.09127],[711114.4995,4392002.09127],[711114.49553,4392002.10368],[711114.43913,4392002.0877],[711114.41813,4392002.0817],[711114.41811,4392002.0817],[711114.41809,4392002.0817],[711114.41807,4392002.0817],[711114.41805,4392002.08171],[711114.41804,4392002.08172],[711114.41802,4392002.08174],[711114.41801,4392002.08175],[711114.418,4392002.08177],[711114.36107,4392002.25618],[711083.34799,4391960.38395],[710304.4248,4390404.40937],[710169.6311,4389467.33329],[710165.1439,4389436.13839],[710084.4716,4388875.30989],[710084.4716,4388875.30987],[710084.47159,4388875.30985],[709693.56359,4388120.66775],[709591.31969,4387923.28635],[709536.40519,4387817.27415],[709468.51699,4387686.21615],[709468.51699,4387686.21615],[709468.51698,4387686.21614],[708702.29638,4386787.84444],[708527.62808,4386583.05894],[708527.62808,4386583.05894],[708527.62806,4386583.05892],[708527.62805,4386583.05891],[708527.62803,4386583.0589],[708527.62801,4386583.0589],[708527.62799,4386583.0589],[708527.62798,4386583.0589],[708527.62796,4386583.05891],[708088.57896,4386782.12331],[708088.57896,4386782.12331],[708088.53196,4386782.14581],[708088.53196,4386782.14581],[708088.53194,4386782.14582],[708088.53192,4386782.14583],[708088.53191,4386782.14585],[708088.5319,4386782.14587],[708088.5319,4386782.14589],[708088.5319,4386782.14591],[708088.5319,4386782.14593],[708088.53191,4386782.14595],[708088.53192,4386782.14596],[708088.53194,4386782.14598],[708088.53195,4386782.14599],[708088.53195,4386782.14599],[708088.60778,4386782.1849],[708059.95246,4386796.00531],[707905.66676,4386870.41481],[707905.61776,4386870.43831],[707905.61776,4386870.43831],[707891.61346,4386877.19251],[707891.61346,4386877.19251],[707891.61344,4386877.19252],[707816.64924,4386930.16682],[707816.64923,4386930.16683],[707816.64921,4386930.16685],[707816.64921,4386930.16687],[707816.6492,4386930.16689],[707816.6492,4386930.16691],[707816.6492,4386930.16693],[707816.64921,4386930.16695],[707816.66219,4386930.19241],[707816.64179,4386930.24516],[707816.61339,4386930.19235],[707816.61337,4386930.19233],[707761.61197,4386870.19203],[707761.61197,4386870.19203],[707761.61196,4386870.19202],[707401.23446,4386583.06462],[707273.52136,4386481.31052],[707269.61186,4386478.19552],[707269.61184,4386478.19551],[707269.61182,4386478.1955],[707269.6118,4386478.1955],[707229.1271,4386477.7025],[707200.7134,4386477.3569],[707022.6169,4386475.1966],[707022.6169,4386475.1966],[706542.2627,4386471.0962],[705970.6262,4386466.2108],[705599.626,4386462.2135],[705599.626,4386462.2135],[705405.6287,4386461.2164],[705405.62868,4386461.2164],[705370.62848,4386468.2193],[705370.62848,4386468.2193],[705091.63238,4386526.22],[705091.63238,4386526.22],[703183.63298,4386925.2501],[703183.63298,4386925.2501],[703183.63295,4386925.25011],[703126.63065,4386955.25291],[703126.63065,4386955.25291],[703126.63064,4386955.25292],[702973.62264,4387059.25402],[702551.20315,4387330.05372],[702413.59006,4387418.27181],[702346.76287,4387437.6516],[702113.57667,4387505.2788],[702113.57667,4387505.2788],[701330.54158,4387734.298],[701330.1256,4387734.3105],[701295.53971,4387735.3002],[700896.94403,4387614.5595],[700582.51573,4387519.3129],[700582.51573,4387519.3129],[700565.51663,4387514.3123],[700565.51663,4387514.3123],[700565.51661,4387514.3123],[700523.51441,4387511.3167],[700523.51439,4387511.3167],[700523.51437,4387511.31671],[700523.51435,4387511.31671],[700523.50435,4387511.32271],[700523.50434,4387511.32272],[700523.08034,4387511.60572],[700499.51074,4387527.31432],[700499.51074,4387527.31432],[700462.51004,4387554.31642],[699417.72404,4388306.70862],[699340.51344,4388362.31082],[699340.51344,4388362.31082],[699340.47894,4388362.33582],[699340.47894,4388362.33582],[699340.47893,4388362.33583],[699340.47892,4388362.33585],[699340.47891,4388362.33586],[699340.4789,4388362.33588],[699340.4789,4388362.3359],[699340.4789,4388362.33592],[699340.47891,4388362.33594],[699340.47892,4388362.33596],[699340.47893,4388362.33597],[699340.47894,4388362.33598],[699340.47896,4388362.33599],[699340.47898,4388362.336],[699340.50935,4388362.34247],[699293.95221,4388449.00455],[699239.50721,4388550.34915],[699214.50842,4388588.34635],[699214.50842,4388588.34635],[698870.50102,4389136.35444],[698696.49572,4389369.35894],[698593.49682,4389497.36104],[698453.49403,4389653.36383],[698453.49403,4389653.36383],[698296.34543,4389829.69613],[698240.49193,4389892.36773],[698240.49192,4389892.36774],[698197.43452,4389949.15174],[698080.48832,4390103.37284],[697967.97203,4390226.27173],[697939.49023,4390257.38143],[697939.49022,4390257.38144],[697792.22712,4390438.51834],[697726.48332,4390519.38284],[697692.49042,4390558.96763],[697568.48242,4390703.38103],[697568.48242,4390703.38104],[696812.26042,4391622.01224],[696795.47525,4391642.4047],[696794.8932,4391642.4332],[696794.89319,4391642.4332],[696616.46889,4391651.4073],[696616.46888,4391651.4073],[696049.45868,4391741.4161],[696049.45868,4391741.4161],[695679.45258,4391822.4287],[695553.81398,4391848.9984],[695452.45238,4391870.4326],[695452.45238,4391870.4326],[695310.44998,4391905.4383],[695254.44849,4391913.433],[695254.44848,4391913.433],[695243.4464,4391915.4362],[695197.44363,4391908.4391],[694789.43854,4391748.44601],[694789.43854,4391748.44601],[694789.43852,4391748.446],[694789.4385,4391748.446],[694789.43848,4391748.446],[694789.43846,4391748.44601],[694789.43844,4391748.44602],[694789.43843,4391748.44603],[694789.43842,4391748.44605],[694789.43841,4391748.44606],[694789.4384,4391748.44608],[694789.4384,4391748.4461],[694794.4397,4391983.44953],[694754.44158,4391995.4414],[694215.42739,4392076.4577],[694086.42969,4392093.4611],[694086.42968,4392093.4611],[693859.42578,4392140.4677],[693619.41719,4392178.4725],[693297.42239,4392220.4716],[693297.42238,4392220.4716],[693096.41268,4392258.4779],[692936.41249,4392281.4795],[692772.28129,4392295.4085],[692771.4113,4392295.482],[692611.4072,4392296.4859],[692409.4021,4392287.4837],[692409.4021,4392287.4837],[692265.4012,4392288.4913],[692265.40119,4392288.4913],[692084.40029,4392304.4911],[692031.3975,4392306.4969],[692031.3975,4392306.4969],[691571.3943,4392326.5045],[691571.39429,4392326.5045],[691476.39,4392331.5009],[691201.3853,4392333.508],[691201.38529,4392333.508],[690584.37949,4392386.5164],[690584.318,4392386.5185],[690584.31799,4392386.5185],[690054.36989,4392415.5263],[690054.36989,4392415.5263],[689925.36849,4392427.528],[689925.36849,4392427.528],[689859.3645,4392434.5311],[689796.34271,4392428.5684],[689785.36562,4392427.5301],[689785.32664,4392427.51361],[689785.32662,4392427.5136],[689785.3266,4392427.5136],[689785.32658,4392427.5136],[689785.32656,4392427.51361],[689785.32654,4392427.51362],[689785.32653,4392427.51363],[689785.32652,4392427.51365],[689785.32651,4392427.51366],[689785.3265,4392427.51368],[689785.3265,4392427.5137],[689796.3349,4392717.4741],[689761.3281,4393117.48059],[689761.3281,4393117.4806],[689721.3008,4394624.66999],[689532.3006,4396594.49865],[689532.25113,4396594.54563],[689532.25113,4396594.54563],[689532.25112,4396594.54564],[689532.25111,4396594.54566],[689532.2511,4396594.54567],[689532.2511,4396594.54569],[689488.2434,4397076.54719],[689488.2434,4397076.54719],[689487.2437,4397088.54619],[689487.2437,4397088.5462],[689486.2145,4397162.0082],[689485.2383,4397231.54779],[689474.2393,4397309.54788],[689474.2268,4397309.60738],[689474.2268,4397309.60738],[689137.2028,4399049.54828],[689137.2028,4399049.54828],[689137.2028,4399049.5483],[689137.2028,4399049.54832],[689137.20281,4399049.54834],[689137.20282,4399049.54836],[689137.20283,4399049.54837],[689137.20284,4399049.54838],[689137.20286,4399049.54839],[689137.25579,4399049.57086],[689137.2353,4399049.67528],[688857.2294,4399992.49617],[688857.2294,4399992.49619],[688857.2294,4399992.4962],[688874.1777,4400670.6266],[688874.1777,4400670.62662],[688976.2064,4401147.50312],[688976.2064,4401147.50312],[688976.20641,4401147.50314],[688976.20642,4401147.50316],[688976.20643,4401147.50318],[688976.20645,4401147.50319],[689334.90015,4401344.03039],[689604.23113,4401491.55748],[689630.48452,4401526.58636],[689951.22972,4401954.55596],[690162.22922,4402235.55866],[690162.22922,4402235.55866],[690274.22892,4402383.55636],[690460.22542,4402643.55896],[690460.22542,4402643.55896],[690723.22122,4403009.55466],[691151.04232,4403604.74606],[691178.21272,4403642.54566],[691178.21272,4403642.54566],[691178.21273,4403642.54567],[691178.34773,4403642.69517],[691534.20123,4404041.54617],[691534.20123,4404041.54617],[692091.19213,4404584.53357],[692201.19603,4404698.53167],[692201.19603,4404698.53167],[692729.11813,4405207.46157],[692729.11813,4405207.46157]],[[669292.96672,4392635.00076],[669303.34212,4392648.49926],[669303.34212,4392648.49927],[669752.15482,4393163.50407],[669752.15482,4393163.50407],[669797.34152,4393215.50056],[670017.33642,4393478.50266],[670264.33832,4393789.50126],[670264.33832,4393789.50126],[670461.34072,4394020.49786],[670461.34072,4394020.49786],[670461.34073,4394020.49787],[670489.34083,4394046.49667],[670489.34084,4394046.49668],[670604.34094,4394131.49798],[670782.34194,4394277.49378],[670782.34194,4394277.49378],[671100.33684,4394516.49268],[671201.34043,4394603.48867],[671296.34362,4394733.48826],[671296.34363,4394733.48827],[671378.34632,4394817.48836],[671399.34701,4394860.49214],[671463.3477,4395059.48103],[671463.3477,4395059.48103],[671463.34771,4395059.48105],[671564.3477,4395243.48503],[671590.3497,4395396.48672],[671590.34971,4395396.48673],[671590.34971,4395396.48675],[671590.34973,4395396.48677],[671630.35152,4395441.48286],[671643.3482,4395466.48662],[671625.3503,4395576.48678],[671625.3503,4395576.48679],[671623.3474,4395615.48479],[671623.3474,4395615.48481],[671623.3474,4395615.48483],[671667.3475,4395759.48733],[671667.34751,4395759.48735],[671706.34991,4395824.48045],[671706.34991,4395824.48045],[671706.34992,4395824.48046],[671776.35112,4395915.48026],[671776.35114,4395915.48028],[671865.34601,4395984.48086],[671936.3511,4396230.47763],[671936.3511,4396230.47763],[671936.35111,4396230.47765],[671936.35112,4396230.47766],[671936.35114,4396230.47768],[671936.35115,4396230.47769],[672060.35485,4396294.47639],[672060.35487,4396294.4764],[672060.35489,4396294.4764],[672060.35491,4396294.4764],[672060.35494,4396294.47639],[672060.35495,4396294.47638],[672060.35497,4396294.47637],[672112.35367,4396243.47637],[672217.35524,4396152.4748],[672259.35599,4396147.4794],[672347.35527,4396179.47399],[672347.35527,4396179.47399],[672347.35528,4396179.474],[672387.23008,4396187.4731],[672387.23008,4396187.4731],[672429.35798,4396195.4742],[672429.35798,4396195.4742],[672429.358,4396195.4742],[672429.35801,4396195.4742],[672429.35803,4396195.4742],[672470.35923,4396182.4753],[672470.35923,4396182.4753],[672470.35925,4396182.47529],[672571.73185,4396127.97529],[672582.35693,4396122.4762],[672628.35518,4396119.4772],[672657.35495,4396131.47439],[672684.35622,4396155.47456],[672698.36041,4396180.47644],[672712.5492,4396239.47272],[672712.5492,4396239.47272],[672725.362,4396292.47262],[672725.36201,4396292.47264],[672739.48521,4396324.47694],[672743.36031,4396333.47344],[672743.36031,4396333.47345],[672776.36231,4396389.47355],[672776.36231,4396389.47355],[672776.36232,4396389.47357],[672810.36322,4396428.47127],[672810.36322,4396428.47127],[672810.36324,4396428.47128],[672810.36325,4396428.47129],[672815.17235,4396430.97419],[672815.17236,4396430.97419],[672923.36094,4396483.47358],[672943.36211,4396503.47185],[672948.3633,4396531.47222],[672948.3633,4396531.47222],[672948.36331,4396531.47224],[672948.36332,4396531.47226],[672961.36392,4396548.47016],[672961.36392,4396548.47016],[672961.36393,4396548.47017],[672961.36395,4396548.47018],[672961.36396,4396548.47019],[673033.30276,4396579.47649],[673033.30276,4396579.47649],[673086.36326,4396602.47689],[673339.36746,4396728.47129],[673339.36746,4396728.47129],[673608.36686,4396845.46449],[673608.36686,4396845.46449],[674101.37515,4397036.45789],[674241.37813,4397160.45877],[674241.37813,4397160.45877],[674241.37814,4397160.45878],[674282.37973,4397188.45638],[674405.38063,4397317.45257],[674405.38063,4397317.45258],[674487.38393,4397388.45617],[674562.38272,4397480.45326],[674662.38472,4397636.45215],[674857.38551,4397959.44975],[674857.38552,4397959.44975],[675139.39512,4398402.44955],[675139.39512,4398402.44955],[675139.39513,4398402.44958],[675217.39191,4398470.44675],[675225.3962,4398506.44672],[675225.39621,4398506.44673],[675276.39651,4398652.44803],[675276.39651,4398652.44803],[675276.39651,4398652.44805],[675308.39501,4398707.45135],[675308.39501,4398707.45135],[675308.39503,4398707.45137],[675312.20463,4398711.45287],[675339.39393,4398741.44777],[675339.39393,4398741.44777],[675339.39394,4398741.44778],[675406.39714,4398789.44658],[675406.39717,4398789.44659],[675444.39587,4398803.45299],[675444.39589,4398803.453],[675569.39786,4398815.4496],[675583.39442,4398826.45157],[675590.39441,4398839.44404],[675593.4578,4398851.44702],[675602.0843,4398885.45002],[675602.0843,4398885.45002],[675629.3961,4398992.45412],[675629.3961,4398992.45412],[675629.39611,4398992.45414],[675629.39612,4398992.45416],[675629.39613,4398992.45417],[675629.39614,4398992.45418],[675718.27124,4399057.44958],[675745.39474,4399077.45008],[675790.39773,4399119.44857],[675790.39773,4399119.44857],[675790.39774,4399119.44858],[675990.39714,4399261.44858],[675990.39715,4399261.44858],[676119.39645,4399345.44768],[676119.39645,4399345.44768],[676119.39646,4399345.44769],[676242.39486,4399393.44679],[676736.39565,4399674.44989],[676736.39565,4399674.44989],[676736.39567,4399674.44989],[676987.39337,4399764.44749],[676987.39337,4399764.44749],[676987.39338,4399764.4475],[677437.39098,4399867.4529],[677437.391,4399867.4529],[677523.39439,4399868.45],[677685.39478,4399902.4514],[677685.39478,4399902.4514],[677973.39188,4399950.455],[678228.39128,4399999.4543],[678509.39186,4400062.45579],[679486.37655,4400621.46509],[679486.37655,4400621.46509],[679755.37345,4400763.46799],[679755.37346,4400763.46799],[680945.35484,4401332.47738],[680965.35531,4401351.47936],[680974.3535,4401375.48032],[680976.3466,4401585.48459],[680961.344,4401677.48638],[680961.344,4401677.48638],[680961.344,4401677.4864],[680966.3407,4401847.4945],[680953.8965,4402156.4948],[680948.3261,4402295.5016],[680948.3261,4402295.5016],[680969.3072,4402955.5164],[680969.3072,4402955.51642],[680969.30721,4402955.51644],[680969.30722,4402955.51646],[680969.30724,4402955.51648],[680969.30725,4402955.51649],[681140.30315,4403043.51589],[681140.30315,4403043.51589],[681140.30318,4403043.5159],[681200.30488,4403054.518],[681200.30488,4403054.518],[681200.3049,4403054.518],[681200.30491,4403054.518],[681241.30571,4403048.5097],[681241.30571,4403048.5097],[681241.30573,4403048.5097],[681316.30321,4403026.5097],[681447.30409,4403040.5173],[681447.3041,4403040.5173],[681510.3041,4403037.5172],[681510.30413,4403037.5172],[681536.30163,4403030.5172],[681536.30163,4403030.5172],[681536.30164,4403030.51719],[681536.30165,4403030.51718],[681615.29753,4402979.5175],[681633.30329,4402979.5176],[681758.30328,4403008.5206],[681758.30328,4403008.5206],[681909.30028,4403032.5186],[681909.30029,4403032.5186],[682047.29719,4403043.5192],[682047.29721,4403043.5192],[682047.29723,4403043.5192],[682205.29633,4402998.5226],[682205.29635,4402998.52259],[682282.29745,4402959.52009],[682282.29745,4402959.52009],[682576.30384,4402788.52009],[682893.30683,4402678.51849],[682893.30683,4402678.51849],[682893.30685,4402678.51849],[683001.30305,4402623.51659],[683001.30305,4402623.51659],[683140.30712,4402537.5115],[683522.29969,4402585.5156],[683692.29809,4402610.5211],[683692.29811,4402610.5211],[683692.29813,4402610.5211],[683692.29815,4402610.52109],[683692.29817,4402610.52108],[683692.29818,4402610.52106],[683834.93158,4402420.01336],[683834.93158,4402420.01336],[683860.31127,4402383.51287],[683945.30885,4402329.51018],[683945.30885,4402329.51018],[683945.30887,4402329.51017],[683962.31196,4402313.51278],[684084.62556,4402230.00988],[684231.31675,4402131.50589],[684342.31773,4402090.51179],[684342.31773,4402090.51179],[684342.31775,4402090.51179],[684342.31777,4402090.51177],[684342.31778,4402090.51176],[684564.31908,4401803.50196],[684564.31908,4401803.50196],[684564.31909,4401803.50195],[684564.31909,4401803.50193],[684612.82399,4401666.50643],[684665.32619,4401518.50025],[684853.33207,4401295.49507],[684929.33386,4401230.49718],[684929.33386,4401230.49718],[684929.33388,4401230.49716],[684929.33389,4401230.49715],[685072.33019,4400962.48985],[685072.33019,4400962.48985],[685072.3302,4400962.48983],[685072.3302,4400962.48981],[685072.3302,4400962.48979],[685072.3302,4400962.48977],[685072.33019,4400962.48976],[685072.33018,4400962.48974],[685072.33017,4400962.48973],[685072.33015,4400962.48972],[685072.33014,4400962.48971],[684919.39794,4400900.61071],[684721.3259,4400820.54673],[684728.2856,4400628.4267],[684728.2856,4400628.42668],[684728.28559,4400628.42666],[684728.28558,4400628.42664],[684728.28557,4400628.42663],[684728.28555,4400628.42661],[684549.36748,4400518.47093],[684549.31199,4400518.34596],[684549.31199,4400518.34596],[684407.38349,4400213.45676],[684407.38349,4400213.45676],[684407.38348,4400213.45674],[684407.38347,4400213.45673],[684141.40397,4399950.43923],[684141.40397,4399950.43923],[684034.40757,4399851.44063],[683967.40808,4399780.44083],[683900.28579,4399693.43705],[683842.83369,4399571.54726],[683799.4176,4399479.43389],[683840.4303,4399282.42072],[683840.4303,4399282.4207],[683840.4303,4399282.42068],[683840.43029,4399282.42066],[683840.43028,4399282.42064],[683840.43027,4399282.42062],[683840.38527,4399282.38212],[683840.38526,4399282.38212],[683778.53696,4399229.89042],[683721.43247,4399181.42333],[683721.41397,4399181.40483],[683721.41397,4399181.40483],[682208.41937,4397687.43423],[681835.40958,4397241.43134],[681835.40957,4397241.43133],[681695.40988,4397097.42884],[681588.40348,4396952.43684],[681588.40348,4396952.43684],[681009.33068,4396268.43264],[680854.39128,4396085.43174],[680854.39128,4396085.43174],[680854.39126,4396085.43172],[680854.39124,4396085.43171],[680854.39123,4396085.4317],[680854.39121,4396085.4317],[680805.39012,4396082.4356],[680710.38623,4396048.43261],[680710.38622,4396048.4326],[680710.3862,4396048.4326],[680648.38851,4396046.4355],[680557.38232,4396027.4344],[680557.38232,4396027.4344],[680557.3823,4396027.4344],[680557.38228,4396027.4344],[680527.37848,4396034.4384],[680527.37845,4396034.43841],[680498.38285,4396050.43331],[680498.38284,4396050.43332],[680456.38284,4396085.43132],[680336.38595,4396156.42711],[680230.38506,4396207.43051],[680230.38505,4396207.43051],[680159.69585,4396248.93101],[680159.69585,4396248.93101],[680133.38335,4396264.43451],[680133.38334,4396264.43452],[680071.38225,4396309.43301],[679921.38186,4396385.42841],[679833.38347,4396422.4294],[679792.38219,4396430.4289],[679287.3795,4396464.4306],[679245.37901,4396462.4358],[678936.38012,4396394.4375],[678846.38233,4396369.4359],[678846.38233,4396369.4359],[678846.3823,4396369.4359],[678659.3792,4396362.4387],[678659.3792,4396362.4387],[678537.37581,4396361.4377],[678436.38061,4396347.4381],[678436.38061,4396347.4381],[678371.31561,4396343.9339],[678371.3156,4396343.9339],[678279.3771,4396339.4413],[678279.37709,4396339.4413],[678146.37569,4396346.4359],[678146.37569,4396346.4359],[678039.37641,4396360.4383],[678010.24933,4396352.9405],[677993.37385,4396348.43701],[677980.68866,4396337.93912],[677980.68866,4396337.93912],[677932.37577,4396298.43783],[677786.37558,4396108.43874],[677716.37388,4396008.43954],[677716.37388,4396008.43954],[677716.37387,4396008.43953],[677668.37237,4395960.44273],[677668.37237,4395960.44273],[677668.37235,4395960.44272],[677668.37234,4395960.44271],[677523.18084,4395903.94131],[677378.37034,4395847.44141],[677378.37033,4395847.4414],[677317.36873,4395830.4431],[677317.36872,4395830.4431],[677182.36862,4395806.4472],[677182.3686,4395806.4472],[677072.37021,4395802.4422],[676997.36873,4395791.4426],[676971.37106,4395775.44172],[676836.37016,4395666.44382],[676836.37016,4395666.44382],[676836.37015,4395666.44381],[676756.37075,4395619.44461],[676756.37075,4395619.44461],[676756.37073,4395619.44461],[676756.37071,4395619.4446],[676727.37121,4395615.4447],[676727.3712,4395615.4447],[676601.36992,4395614.4438],[676580.36987,4395603.44192],[676444.36458,4395397.44854],[676444.36458,4395397.44854],[676444.36457,4395397.44853],[676444.36455,4395397.44851],[676134.36615,4395225.44491],[676134.36613,4395225.4449],[676134.36611,4395225.4449],[676134.36609,4395225.4449],[676134.36607,4395225.4449],[675969.3674,4395278.44969],[675850.36633,4395240.4478],[675850.36632,4395240.4478],[675774.36533,4395223.4496],[675685.36724,4395187.45061],[675537.36597,4395113.45082],[675527.36789,4395099.45086],[675510.369,4395041.45347],[675510.369,4395041.45347],[675510.36899,4395041.45345],[675459.36489,4394955.45425],[675459.36489,4394955.45425],[675459.36488,4394955.45424],[675400.36148,4394884.45004],[675400.36148,4394884.45004],[675400.36146,4394884.45002],[675352.36437,4394845.45023],[675329.36518,4394820.45294],[675313.36209,4394791.44696],[675297.3627,4394743.45407],[675232.3658,4394449.45208],[675232.3658,4394449.45207],[675196.3609,4394322.45177],[675196.3609,4394322.45177],[675196.36089,4394322.45176],[675196.36088,4394322.45174],[675054.36008,4394124.45154],[675054.36008,4394124.45154],[674800.35748,4393812.45054],[674800.35746,4393812.45052],[674728.35757,4393753.45852],[674645.35977,4393678.45743],[674583.35367,4393622.45553],[674583.35365,4393622.45551],[674564.35655,4393612.44921],[674564.35655,4393612.44921],[674564.35653,4393612.4492],[674225.35313,4393506.4605],[674225.35311,4393506.4605],[674167.35393,4393499.4611],[674150.35536,4393490.46232],[674122.35457,4393463.46353],[674122.35457,4393463.46353],[674122.35455,4393463.46351],[673680.35215,4393201.46541],[673680.35215,4393201.46541],[673680.35213,4393201.4654],[673647.35103,4393191.4692],[673647.35103,4393191.4692],[673647.35101,4393191.4692],[673525.35103,4393180.4624],[673451.35215,4393138.46912],[673344.34746,4393059.47472],[673344.34746,4393059.47472],[673344.34744,4393059.47471],[673294.35166,4393035.47272],[673233.34928,4392980.47233],[673205.34909,4392937.46655],[673189.34979,4392897.47126],[673189.34979,4392897.47126],[673189.34978,4392897.47124],[673166.34658,4392863.47044],[673166.34658,4392863.47044],[673166.34657,4392863.47043],[673123.35027,4392819.47193],[673123.35027,4392819.47193],[673123.35025,4392819.47192],[673020.34779,4392752.47244],[673015.3467,4392730.47298],[673015.34669,4392730.47296],[673015.34669,4392730.47295],[673008.53459,4392719.47105],[672703.34699,4392220.47675],[672636.34569,4392104.47435],[672636.34569,4392104.47435],[672636.34568,4392104.47434],[672493.35148,4391908.47794],[672136.35188,4391384.47685],[672010.35649,4391178.47755],[672010.35648,4391178.47754],[671934.35639,4391069.47895],[671860.35919,4390926.48185],[671860.35919,4390926.48185],[671599.36219,4390488.47945],[671599.36218,4390488.47944],[671455.36529,4390271.48195],[671412.36599,4390194.48356],[671365.3658,4390065.48007],[671350.3671,4389987.48198],[671350.36709,4389987.48197],[671221.36719,4389631.48197],[671221.36719,4389631.48197],[671221.36719,4389631.48195],[671182.37,4389559.48447],[671167.3711,4389448.48079],[671167.3711,4389448.48078],[671156.3781,4389400.48778],[671156.37809,4389400.48775],[671132.37209,4389353.47825],[671132.37208,4389353.47824],[671030.37508,4389227.48144],[670901.37779,4389035.48165],[670847.38159,4388922.48106],[670847.38158,4388922.48104],[670751.37658,4388803.47974],[670751.37658,4388803.47974],[670751.37656,4388803.47972],[670751.37655,4388803.47971],[670751.37653,4388803.47971],[670751.37652,4388803.4797],[670751.3765,4388803.4797],[670751.37648,4388803.4797],[670751.37646,4388803.47971],[670751.37644,4388803.47972],[670583.37864,4388914.48492],[670583.37864,4388914.48492],[670583.37864,4388914.48492],[670426.37764,4389044.48272],[670426.37764,4389044.48272],[670426.37763,4389044.48273],[670372.37953,4389103.48823],[670372.37953,4389103.48823],[670372.37951,4389103.48825],[670302.37392,4389221.48854],[670181.37642,4389369.48674],[670181.37642,4389369.48674],[670181.37641,4389369.48675],[670162.37062,4389405.48643],[670142.37396,4389421.48761],[670116.37249,4389427.4888],[670078.37411,4389424.4885],[670078.37409,4389424.4885],[670078.37408,4389424.4885],[670049.37808,4389431.4906],[670049.37806,4389431.49061],[670007.37396,4389451.48531],[670007.37396,4389451.48531],[670007.37394,4389451.48532],[669946.37154,4389502.48912],[669889.37135,4389542.49291],[669831.37626,4389565.48611],[669831.37626,4389565.48611],[669739.37156,4389604.48451],[669739.37156,4389604.48451],[669613.37436,4389662.48851],[669613.37434,4389662.48852],[669576.37514,4389693.49322],[669576.37514,4389693.49322],[669576.37512,4389693.49324],[669410.36612,4389919.49334],[669410.36612,4389919.49334],[669312.36772,4390066.49354],[669224.37282,4390182.49064],[669101.36463,4390327.48973],[669039.36724,4390382.49102],[668989.36695,4390419.49021],[668924.36347,4390445.4939],[668672.36978,4390499.4944],[668672.36978,4390499.4944],[668672.36977,4390499.49441],[668578.36627,4390534.49671],[668578.36626,4390534.49671],[668312.36326,4390666.49341],[668312.36326,4390666.49341],[668312.36324,4390666.49342],[668148.36705,4390784.49741],[668103.36396,4390806.49501],[668103.36396,4390806.49501],[668103.36394,4390806.49502],[668103.36393,4390806.49503],[668103.36391,4390806.49505],[668103.36391,4390806.49507],[668103.3639,4390806.49509],[668103.3639,4390806.49511],[668103.3639,4390806.49512],[668112.3665,4390842.4952],[668103.363,4390890.49827],[668084.36561,4390938.49736],[668084.36561,4390938.49736],[668084.3656,4390938.49738],[668084.3656,4390938.4974],[668084.3656,4390938.49742],[668084.36561,4390938.49744],[668084.36562,4390938.49746],[668096.36242,4390956.49506],[668096.36243,4390956.49507],[668096.36245,4390956.49508],[668135.35995,4390981.49908],[668400.35615,4391155.49118],[668400.35615,4391155.49118],[668400.35616,4391155.49119],[668497.36075,4391201.49379],[668533.36034,4391225.49428],[668600.35743,4391282.49837],[668669.35783,4391355.49747],[668669.35783,4391355.49747],[668740.35683,4391419.49757],[668740.35684,4391419.49758],[668809.35304,4391472.49368],[668809.35304,4391472.49368],[668809.35305,4391472.49369],[669000.35155,4391586.49798],[669090.35195,4391645.49458],[669090.35195,4391645.49459],[669194.35245,4391704.49569],[669194.35246,4391704.49569],[669395.34565,4391786.49389],[669479.34975,4391841.50098],[669479.34975,4391841.50099],[669541.34605,4391874.49658],[669600.34784,4391920.49878],[669600.34784,4391920.49878],[669600.34785,4391920.49879],[669629.34353,4391937.49928],[669666.34582,4391981.50046],[669666.34582,4391981.50046],[669666.34584,4391981.50048],[669666.34586,4391981.50049],[669722.34586,4392006.50059],[669722.34586,4392006.50059],[669722.34588,4392006.5006],[669777.28108,4392015.9971],[669777.28108,4392015.9971],[669810.34384,4392021.49809],[669816.34008,4392032.49999],[669804.34703,4392048.49903],[669776.34645,4392066.49712],[669776.34644,4392066.49712],[669627.34585,4392171.49851],[669546.33936,4392204.49761],[669546.33935,4392204.49761],[669487.34465,4392240.49971],[669428.34566,4392268.49781],[669428.34566,4392268.49781],[669428.34564,4392268.49782],[669382.34344,4392304.50002],[669382.34344,4392304.50002],[669382.34343,4392304.50003],[669276.34224,4392408.50382],[669242.34117,4392425.5004],[669242.30869,4392425.5024],[669242.30868,4392425.5024],[669151.34488,4392439.5024],[669151.34487,4392439.50241],[669151.34485,4392439.50241],[669151.34483,4392439.50243],[669151.34482,4392439.50244],[669151.34481,4392439.50246],[669151.3448,4392439.50248],[669151.3448,4392439.5025],[669151.3448,4392439.50251],[669151.34481,4392439.50253],[669151.34481,4392439.50255],[669151.34481,4392439.50255],[669182.34271,4392491.49975],[669182.34271,4392491.49975],[669182.34272,4392491.49976],[669292.96672,4392635.00076],[669292.96672,4392635.00076]]]}},{"type":"Feature","properties":{"DPTOCRC":"06","NOMBRE":"MONCADA","ZONA_COD":"0610","DEPARTAMENTO":"VALENCIA ARNAU LLIRIA"},"geometry":{"type":"Polygon","coordinates":[[[723707.37953,4378536.84543],[723707.37953,4378536.84543],[723695.64863,4378547.59143],[723695.64863,4378547.59143],[723678.52763,4378563.53513],[723678.52763,4378563.53513],[723678.52762,4378563.53514],[723675.19762,4378568.01414],[723673.44013,4378570.38162],[723666.39926,4378573.90411],[723666.39926,4378573.90411],[723666.39924,4378573.90412],[723654.07024,4378584.27122],[723647.02924,4378589.35482],[723647.02924,4378589.35482],[723647.02923,4378589.35483],[723642.83923,4378593.49383],[723642.83923,4378593.49383],[723642.83922,4378593.49384],[723642.83921,4378593.49386],[723640.50882,4378599.30584],[723633.11934,4378605.43342],[723627.58984,4378609.99442],[723627.58983,4378609.99443],[723626.00883,4378611.44643],[723612.38943,4378623.93553],[723608.35943,4378627.63213],[723608.35943,4378627.63213],[723595.04743,4378641.13273],[723595.04743,4378641.13273],[723594.84251,4378641.34764],[723569.36968,4378604.17424],[723544.58068,4378568.01474],[723537.15469,4378557.00475],[723535.34019,4378553.57425],[723535.34019,4378553.57425],[723532.40729,4378548.29275],[723527.84029,4378538.33526],[723527.84029,4378538.33525],[723481.49439,4378450.92025],[723481.49439,4378450.92025],[723481.49438,4378450.92024],[723481.49436,4378450.92022],[723481.49435,4378450.92021],[723481.49433,4378450.9202],[723481.49431,4378450.9202],[723481.49429,4378450.9202],[723481.49427,4378450.92021],[723481.49425,4378450.92022],[723481.49423,4378450.92023],[723481.49422,4378450.92024],[723316.44634,4378690.15911],[722993.39978,4378767.0364],[722993.39976,4378767.03641],[722993.39974,4378767.03642],[722812.46404,4378887.97592],[722812.46404,4378887.97592],[722812.46403,4378887.97593],[722812.46402,4378887.97594],[722812.46401,4378887.97596],[722812.464,4378887.97598],[722808.7315,4378903.51018],[722808.5705,4378904.18008],[722750.43041,4379146.10086],[722521.44902,4379449.22654],[722521.44902,4379449.22654],[722521.44901,4379449.22655],[722521.449,4379449.22657],[722521.449,4379449.22658],[722491.7536,4379642.08568],[722449.4177,4379917.03996],[722325.37972,4380087.95254],[722229.41902,4380220.16754],[722229.41902,4380220.16754],[722229.41901,4380220.16755],[722066.45292,4380529.23053],[721427.47425,4380899.23211],[721427.47425,4380899.23211],[721427.47423,4380899.23213],[721096.46333,4381252.04162],[720930.44546,4381371.10701],[720855.16217,4381390.7166],[720792.48117,4381407.0432],[720792.48116,4381407.04321],[720792.48114,4381407.04322],[720792.48113,4381407.04323],[720792.48112,4381407.04324],[720792.48111,4381407.04326],[720638.41991,4381761.10876],[720638.41991,4381761.10876],[720638.4199,4381761.10878],[720575.4503,4382080.17578],[720575.4503,4382080.17579],[720568.4193,4382197.98779],[720568.4193,4382197.98781],[720568.41931,4382197.98783],[720568.41931,4382197.98785],[720568.41932,4382197.98786],[720568.41934,4382197.98788],[720568.41935,4382197.98789],[720568.41937,4382197.9879],[720576.77927,4382200.4949],[720599.19267,4382207.2185],[721042.47757,4382340.178],[721042.47757,4382340.178],[721042.47759,4382340.178],[721042.47761,4382340.178],[721042.47763,4382340.178],[721042.47765,4382340.17799],[721042.47766,4382340.17798],[721042.47768,4382340.17797],[721042.51413,4382340.13551],[721116.44407,4382362.115],[721156.44537,4382375.1175],[721156.44539,4382375.1175],[721156.44541,4382375.1175],[721156.44543,4382375.1175],[721156.44544,4382375.11749],[721156.44546,4382375.11748],[721282.44596,4382280.11188],[721444.44525,4382170.11269],[721569.44217,4382119.11462],[721749.43972,4382352.11076],[721997.43922,4382687.11586],[722134.44182,4382890.11676],[722134.44182,4382890.11676],[722145.43982,4382906.11375],[722186.61701,4382976.17425],[722289.43851,4383151.11875],[722485.44001,4383484.11885],[722624.96621,4383785.61974],[722647.39291,4383834.08114],[722715.43901,4383981.12033],[722773.4391,4384208.11772],[722858.4399,4384540.12252],[722858.4399,4384540.12252],[722858.43991,4384540.12254],[722951.44421,4384744.12224],[722951.44421,4384744.12224],[722966.44381,4384774.12324],[722966.44381,4384774.12324],[723095.44361,4385031.12164],[723095.44362,4385031.12165],[723221.44072,4385232.12115],[723221.44072,4385232.12115],[723275.44222,4385317.12345],[723275.44222,4385317.12346],[723520.44472,4385669.12646],[723520.44472,4385669.12646],[723520.44473,4385669.12647],[723631.30303,4385772.99507],[723631.39703,4385773.08307],[723631.39703,4385773.08307],[723631.39705,4385773.08308],[723631.39706,4385773.08309],[723631.39708,4385773.0831],[723631.3971,4385773.0831],[723631.39712,4385773.0831],[723631.39714,4385773.08309],[723631.39715,4385773.08308],[723631.39717,4385773.08307],[723631.39718,4385773.08306],[723631.45863,4385772.99913],[724971.45595,4386572.06569],[724971.45597,4386572.06569],[724971.45598,4386572.0657],[724971.456,4386572.0657],[724971.45602,4386572.0657],[724971.45604,4386572.06569],[724971.45606,4386572.06568],[724971.45607,4386572.06567],[725156.45477,4386382.99837],[725156.45477,4386382.99837],[725156.45478,4386382.99835],[725156.45479,4386382.99834],[725156.4548,4386382.99832],[725156.4548,4386382.9983],[725156.4548,4386382.99828],[725156.45479,4386382.99826],[725156.45478,4386382.99824],[725156.45478,4386382.99824],[725129.42139,4386346.12415],[724858.40529,4385690.18146],[724858.40529,4385690.18146],[724615.73259,4385203.00136],[724589.42081,4385150.1788],[724706.45079,4384942.05315],[724706.45079,4384942.05314],[724773.40369,4384796.11594],[724789.41849,4384762.98924],[724789.41849,4384762.98924],[724789.4185,4384762.98922],[724844.4191,4384460.17362],[724844.4191,4384460.17362],[724844.4191,4384460.1736],[724844.4191,4384460.17359],[724799.4195,4384110.17469],[724799.41949,4384110.17467],[724746.47439,4383958.05897],[724746.47439,4383958.05897],[724746.47439,4383958.05895],[724746.47438,4383958.05893],[724746.47436,4383958.05892],[724746.47434,4383958.05891],[724746.47433,4383958.0589],[724746.47431,4383958.0589],[724746.47429,4383958.0589],[724746.47427,4383958.0589],[724746.47425,4383958.05891],[724746.47424,4383958.05892],[724746.47422,4383958.05894],[724746.43382,4383958.10782],[724725.13629,4383914.78026],[724717.43179,4383899.11126],[724708.4348,4383869.11158],[724696.4092,4383799.24368],[724687.4346,4383747.10998],[724687.43459,4383747.10997],[724687.43459,4383747.10995],[724687.43458,4383747.10993],[724687.43456,4383747.10992],[724687.43455,4383747.10991],[724687.43453,4383747.1099],[724687.05753,4383746.9909],[724687.05753,4383746.9909],[724652.43413,4383736.11],[724652.43411,4383736.11],[724652.43409,4383736.11],[724627.03919,4383739.1801],[724589.41329,4383743.7283],[724561.4339,4383747.1105],[724537.43555,4383745.1076],[724519.49907,4383725.18253],[724519.49907,4383725.18253],[724519.43359,4383725.11055],[724519.42309,4383725.08406],[724507.4321,4383692.10898],[724507.4317,4383542.10861],[724524.4339,4383452.10902],[724547.43259,4383371.10994],[724589.41229,4383296.75985],[724630.43348,4383224.10716],[725224.42817,4382503.10127],[725260.42756,4382470.09938],[725267.70845,4382466.21629],[725290.42635,4382454.09809],[725290.42635,4382454.09809],[725290.42636,4382454.09808],[725290.42638,4382454.09806],[725329.42868,4382404.09756],[725460.42607,4382262.09597],[725460.42607,4382262.09597],[725460.42608,4382262.09596],[725487.42698,4382222.09606],[725487.42698,4382222.09606],[725487.42699,4382222.09605],[725516.42629,4382166.09305],[725638.43968,4382000.43886],[725639.42868,4381999.09536],[725639.42868,4381999.09536],[725639.42869,4381999.09534],[725653.84259,4381969.90304],[725679.41349,4381918.11554],[725679.41349,4381918.11554],[725679.42599,4381918.09004],[725679.42599,4381918.09004],[725679.426,4381918.09002],[725679.426,4381918.09],[725679.426,4381918.08998],[725679.42599,4381918.08996],[725679.42598,4381918.08995],[725679.42597,4381918.08993],[725679.42596,4381918.08992],[725679.41346,4381918.08142],[725679.41346,4381918.08142],[725679.36846,4381918.05092],[725583.42806,4381853.09052],[725466.83156,4381760.26112],[725426.42866,4381728.09312],[725426.42866,4381728.09312],[725386.11966,4381700.38172],[725074.42696,4381486.09402],[725024.42707,4381444.09373],[725004.42607,4381424.09333],[724981.59107,4381400.26683],[724981.59107,4381400.26683],[724981.42708,4381400.09684],[724981.32458,4381399.95134],[724924.42719,4381319.09255],[724911.46919,4381285.15506],[724909.15369,4381279.09106],[724903.63619,4381264.64056],[724903.42721,4381264.0916],[724935.42899,4381172.09723],[724935.429,4381172.09722],[724960.4268,4381075.09542],[724960.4268,4381075.09542],[724960.4268,4381075.09541],[724975.4262,4380965.09262],[725052.42629,4380688.08964],[725088.42609,4380617.09325],[725146.42538,4380531.09126],[725200.42668,4380454.09386],[725314.42627,4380330.09097],[725334.42667,4380309.08837],[725411.42287,4380238.08978],[725411.43536,4380238.07928],[725411.50086,4380238.02578],[725411.50087,4380238.02578],[725411.50486,4380238.02228],[725437.08236,4380216.89318],[725457.42526,4380200.08898],[725457.42528,4380200.08896],[725457.87578,4380199.50096],[725591.42528,4380025.08646],[725591.42529,4380025.08644],[725613.42459,4379981.08674],[725613.42459,4379981.08674],[725613.4246,4379981.08672],[725623.4231,4379942.09062],[725623.4231,4379942.09061],[725628.424,4379895.08891],[725628.424,4379895.08889],[725628.424,4379895.08887],[725624.8975,4379881.86287],[725612.425,4379835.08889],[725612.4249,4379797.08581],[725628.3873,4379742.21363],[725628.3873,4379742.21363],[725628.42379,4379742.08463],[725716.42189,4379536.08384],[725716.4219,4379536.08383],[725735.4232,4379475.08813],[725735.4232,4379475.08813],[725735.4232,4379475.08811],[725758.422,4379312.08511],[725758.422,4379312.0851],[725758.4219,4379222.0835],[725758.4219,4379222.08349],[725751.4218,4379114.08629],[725751.4218,4379114.08628],[725738.4207,4379032.08819],[725736.4221,4378886.0859],[725736.4221,4378886.08589],[725715.4215,4378746.08279],[725715.4215,4378746.08278],[725712.9024,4378736.00628],[725709.5119,4378722.44418],[725707.4219,4378714.08469],[725707.4219,4378667.0831],[725707.4219,4378667.08308],[725707.42189,4378667.08306],[725707.42188,4378667.08305],[725707.42187,4378667.08303],[725707.42186,4378667.08302],[725707.42184,4378667.08301],[725707.42182,4378667.083],[725707.42181,4378667.083],[725707.42179,4378667.083],[725707.42177,4378667.08301],[725707.18177,4378667.16201],[725707.18177,4378667.16201],[725707.16977,4378667.16601],[725640.42398,4378689.0829],[725592.4232,4378692.0851],[725535.42331,4378687.0844],[725535.42329,4378687.0844],[725535.42327,4378687.0844],[725535.42325,4378687.08441],[725535.34975,4378687.12341],[725509.55285,4378700.78211],[725501.42235,4378705.08661],[725501.42235,4378705.08661],[725501.42233,4378705.08662],[725501.42232,4378705.08664],[725501.42231,4378705.08666],[725501.26481,4378705.44416],[725501.26081,4378705.45316],[725501.26081,4378705.45316],[725490.42491,4378730.08676],[725490.4249,4378730.08678],[725490.4249,4378730.0868],[725489.9314,4378749.2989],[725489.4214,4378769.08688],[725478.42352,4378793.08543],[725445.86465,4378809.62511],[725415.42325,4378825.08781],[725415.42323,4378825.08782],[725415.42322,4378825.08784],[725401.42332,4378845.08444],[725401.42332,4378845.08444],[725401.42331,4378845.08446],[725401.4233,4378845.08449],[725396.7498,4378876.85959],[725396.42181,4378879.08556],[725381.44092,4378897.81464],[725380.42293,4378899.08862],[725380.20595,4378899.20911],[725380.20595,4378899.20911],[725346.42256,4378918.08981],[725297.42229,4378928.0866],[725283.93831,4378927.3266],[724871.42701,4378904.0921],[724871.427,4378904.0921],[724789.4087,4378900.3635],[724764.0833,4378899.2121],[724761.4253,4378899.0916],[724761.42528,4378899.0916],[724761.42526,4378899.09161],[724761.42525,4378899.09162],[724761.42523,4378899.09163],[724761.42522,4378899.09165],[724761.42521,4378899.09166],[724761.4252,4378899.09168],[724761.4252,4378899.09171],[724766.4263,4378998.08991],[724766.4263,4378998.08991],[724766.42631,4378998.08993],[724788.08171,4379059.67943],[724789.40871,4379063.45293],[724798.4242,4379089.09092],[724801.4228,4379140.03501],[724801.4228,4379140.03501],[724801.4268,4379140.09],[724789.4254,4379224.09328],[724789.40492,4379224.2142],[724670.42488,4379217.9643],[724649.4124,4379127.96678],[724649.41239,4379127.96676],[724649.41238,4379127.96674],[724649.41237,4379127.96673],[724649.41235,4379127.96671],[724536.44115,4379057.96661],[724536.44115,4379057.96661],[724536.44114,4379057.96661],[724536.44112,4379057.9666],[724536.4411,4379057.9666],[724536.44108,4379057.9666],[724536.44106,4379057.96661],[724536.44104,4379057.96662],[724536.44103,4379057.96663],[724536.44102,4379057.96664],[724536.44101,4379057.96666],[724536.441,4379057.96668],[724506.44172,4379202.02747],[724364.41372,4379159.21863],[724407.458,4378991.09362],[724407.458,4378991.09362],[724407.458,4378991.09361],[724407.458,4378991.09359],[724407.45799,4378991.09357],[724407.45799,4378991.09355],[724407.45797,4378991.09353],[724310.42817,4378884.21683],[724310.42817,4378884.21683],[724310.42816,4378884.21682],[724310.42815,4378884.21681],[724310.42813,4378884.2168],[724310.42811,4378884.2168],[724006.44454,4378844.22072],[724093.62959,4378607.59633],[724103.39609,4378581.09073],[724103.3961,4378581.09072],[724103.3961,4378581.0907],[724103.3961,4378581.09068],[724103.39609,4378581.09066],[724103.39608,4378581.09064],[724103.39607,4378581.09063],[724103.39605,4378581.09061],[724103.39603,4378581.09061],[724036.54173,4378556.70931],[723996.91283,4378542.25901],[723971.44383,4378532.96711],[723971.44383,4378532.96711],[723971.44382,4378532.9671],[723971.4438,4378532.9671],[723971.44378,4378532.9671],[723971.44376,4378532.96711],[723971.44375,4378532.96712],[723895.07855,4378582.07912],[723887.29813,4378587.08206],[723828.56778,4378498.83175],[723818.88889,4378482.99275],[723801.87839,4378454.63175],[723801.87837,4378454.63173],[723801.87836,4378454.63172],[723801.87834,4378454.63171],[723801.87832,4378454.6317],[723801.8783,4378454.6317],[723801.87828,4378454.6317],[723801.87826,4378454.63171],[723801.87824,4378454.63172],[723799.24874,4378456.50372],[723797.27024,4378457.91472],[723797.27024,4378457.91472],[723783.77784,4378469.45132],[723783.77783,4378469.45133],[723773.74683,4378478.86593],[723771.05983,4378481.38543],[723752.27994,4378497.42302],[723738.58694,4378508.18562],[723738.58693,4378508.18563],[723707.37953,4378536.84543]]]}},{"type":"Feature","properties":{"DPTOCRC":"06","NOMBRE":"PATERNA","ZONA_COD":"0611","DEPARTAMENTO":"VALENCIA ARNAU LLIRIA"},"geometry":{"type":"Polygon","coordinates":[[[716317.8387,4382536.83302],[716318.0247,4382538.02302],[716318.0247,4382538.02302],[716318.02471,4382538.02303],[716318.02471,4382538.02305],[716318.02473,4382538.02307],[716318.02474,4382538.02308],[716318.02476,4382538.02309],[716318.02477,4382538.0231],[716318.02479,4382538.0231],[716318.02481,4382538.0231],[716318.02483,4382538.0231],[716318.02485,4382538.02309],[716318.02486,4382538.02308],[716448.46536,4382434.12608],[716510.54676,4382390.30628],[716569.92486,4382348.39238],[716584.46576,4382338.12828],[716584.46576,4382338.12828],[716584.46577,4382338.12827],[716617.27297,4382306.31227],[716617.46757,4382306.12377],[716617.46757,4382306.12377],[716617.46758,4382306.12376],[716762.46737,4382133.12177],[716821.46637,4382070.12018],[716873.37516,4382034.18358],[716873.46965,4382034.12009],[716953.46884,4381995.11739],[716955.29303,4381994.50019],[717086.47013,4381950.1177],[717374.60992,4381887.7121],[717460.46792,4381869.1178],[717460.46792,4381869.1178],[717460.46794,4381869.11779],[717460.46795,4381869.11778],[717479.46955,4381857.11858],[717479.46955,4381857.11858],[717479.46957,4381857.11858],[717479.46958,4381857.11856],[717632.17348,4381672.83486],[717643.76468,4381658.84726],[717728.11838,4381557.05376],[717737.50858,4381545.72176],[717790.60518,4381481.64526],[718040.47087,4381180.11087],[718232.83976,4381047.81158],[719116.4622,4380440.11132],[719116.47264,4380440.11928],[719116.49514,4380440.13678],[719116.49514,4380440.13678],[719116.49914,4380440.13978],[719116.49914,4380440.13978],[719116.49916,4380440.13979],[719116.49918,4380440.1398],[719116.4992,4380440.1398],[719116.49922,4380440.1398],[719116.49923,4380440.13979],[719116.49925,4380440.13979],[719116.49927,4380440.13977],[719116.49928,4380440.13976],[719116.52378,4380440.10526],[719599.43678,4379782.04636],[719599.88728,4379781.46686],[719599.88728,4379781.46686],[719836.74028,4379475.98866],[719848.32768,4379461.04206],[719922.07748,4379365.92486],[720063.26958,4379183.82636],[720146.61378,4379076.33446],[720676.03948,4378393.52086],[720676.03948,4378393.52086],[720676.46147,4378392.97838],[720677.18845,4378392.56039],[720780.26575,4378333.38749],[720780.26576,4378333.38748],[721113.47696,4378101.98878],[721113.47696,4378101.98878],[721143.65626,4378080.58718],[721165.94256,4378064.78258],[721165.94256,4378064.78258],[721165.94806,4378064.77858],[721167.86316,4378063.42068],[721265.27396,4377994.34918],[721265.27396,4377994.34918],[721265.27397,4377994.34917],[721265.27398,4377994.34915],[721385.05848,4377804.69345],[721385.05848,4377804.69345],[721385.05849,4377804.69344],[721410.98379,4377740.59724],[721433.41108,4377685.15957],[721433.49956,4377685.09808],[721678.48756,4377520.22908],[721876.03046,4377387.28218],[721876.03046,4377387.28218],[721876.03047,4377387.28217],[721876.03048,4377387.28215],[721876.03049,4377387.28214],[721876.0305,4377387.28212],[721876.0305,4377387.2821],[721876.0305,4377387.28208],[721876.03049,4377387.28206],[721876.03048,4377387.28204],[721876.03047,4377387.28203],[721813.99067,4377330.96213],[721813.99067,4377330.96213],[721694.35117,4377223.83123],[721686.69167,4377216.97273],[721672.69977,4377204.44323],[721654.78987,4377187.15383],[721600.69657,4377134.93383],[721326.39647,4376870.14413],[721108.24414,4376650.634],[721123.73947,4376636.26497],[721134.68797,4376626.11297],[721134.68798,4376626.11296],[721134.68799,4376626.11294],[721134.688,4376626.11292],[721134.688,4376626.1129],[721134.688,4376626.11288],[721134.68799,4376626.11287],[721134.68799,4376626.11285],[721134.68797,4376626.11283],[721134.68796,4376626.11282],[721132.64396,4376624.61382],[721085.05656,4376589.71792],[721085.05656,4376589.71792],[721085.05655,4376589.71791],[720941.43705,4376505.16471],[720941.43705,4376505.16471],[720935.00855,4376501.65221],[720923.93305,4376495.60271],[720923.93305,4376495.60271],[720911.68165,4376489.13931],[720911.68165,4376489.13931],[720898.85315,4376482.47681],[720888.47375,4376477.03131],[720877.64825,4376471.08381],[720877.64825,4376471.08381],[720869.66525,4376466.76691],[720859.90435,4376461.49141],[720849.12385,4376455.66291],[720849.12385,4376455.66291],[720840.80885,4376451.15091],[720831.08085,4376445.81801],[720817.22845,4376438.22401],[720799.45605,4376428.47751],[720785.84505,4376421.02111],[720785.84505,4376421.02111],[720772.36105,4376413.59711],[720767.30015,4376410.75011],[720767.30015,4376410.75011],[720735.74275,4376393.79071],[720728.09176,4376388.69122],[720728.09175,4376388.69121],[720727.05525,4376388.10771],[720715.77475,4376381.67671],[720708.02125,4376377.15931],[720702.55955,4376373.97311],[720698.78085,4376371.76881],[720691.89135,4376367.75281],[720691.89135,4376367.75281],[720682.29841,4376362.23735],[720683.1464,4376358.72942],[720683.1464,4376358.7294],[720683.1464,4376358.72938],[720683.14639,4376358.72936],[720683.14638,4376358.72935],[720683.14637,4376358.72933],[720683.14636,4376358.72932],[720673.86892,4376352.54436],[720674.2399,4376351.26143],[720694.6047,4376280.82923],[720694.6047,4376280.82922],[720696.7897,4376271.66672],[720699.3621,4376261.99773],[720704.2486,4376243.89573],[720707.4185,4376232.61313],[720713.1615,4376212.18413],[720717.6134,4376196.35103],[720721.6684,4376181.92103],[720725.2648,4376169.22553],[720725.2648,4376169.22553],[720730.3768,4376151.27643],[720735.6932,4376134.13293],[720744.19209,4376109.65483],[720751.97858,4376087.21077],[720790.64284,4376070.16319],[720790.64286,4376070.16318],[720790.64288,4376070.16316],[720814.36866,4376040.60649],[720827.85262,4376037.555],[720827.85264,4376037.55499],[720827.85266,4376037.55498],[720827.85267,4376037.55497],[720827.85269,4376037.55495],[720827.85269,4376037.55493],[720834.95909,4376016.90484],[720894.49809,4375896.76044],[720894.49809,4375896.76044],[720903.36159,4375877.10984],[720903.36159,4375877.10984],[720903.3616,4375877.10983],[720903.3616,4375877.10981],[720925.9956,4375666.75941],[720951.4521,4375430.15742],[720967.46689,4375386.09674],[721058.63259,4375213.39695],[721062.61799,4375205.84395],[721072.81479,4375186.52755],[721107.48039,4375120.86505],[721140.62209,4375058.08195],[721148.64189,4375042.89005],[721162.34259,4375016.93365],[721217.83819,4374911.80635],[721458.39459,4374456.10255],[721458.39459,4374456.10255],[721458.3946,4374456.10253],[721458.3946,4374456.10251],[721458.3946,4374456.10249],[721458.3946,4374456.10247],[721458.39459,4374456.10245],[721458.39458,4374456.10244],[721375.42522,4374352.97679],[721450.42559,4374222.97855],[721450.42559,4374222.97853],[721450.4256,4374222.97851],[721450.4256,4374222.9785],[721450.4256,4374222.97848],[721450.42559,4374222.97846],[721450.42558,4374222.97844],[721356.43738,4374091.10754],[721356.43737,4374091.10753],[721356.43735,4374091.10751],[721356.43733,4374091.10751],[721356.43731,4374091.1075],[721356.43729,4374091.1075],[721206.43823,4374100.1661],[720923.39066,4373900.16982],[720923.39066,4373900.16982],[720923.39064,4373900.16981],[720923.39062,4373900.1698],[720923.39061,4373900.1698],[720923.39059,4373900.1698],[720923.39057,4373900.1698],[720923.39055,4373900.16981],[720923.39054,4373900.16982],[720923.39052,4373900.16984],[720923.39051,4373900.16985],[720843.39336,4374042.04837],[720614.40584,4373942.98251],[720614.40584,4373942.98251],[720614.40582,4373942.9825],[720614.4058,4373942.9825],[720614.40578,4373942.9825],[720462.26058,4373978.3354],[720458.39008,4373979.2324],[720458.39006,4373979.23241],[720458.39004,4373979.23242],[720458.39002,4373979.23243],[720458.39001,4373979.23245],[720458.39,4373979.23247],[720458.39,4373979.23249],[720458.39,4373979.23251],[720458.39001,4373979.23253],[720458.39001,4373979.23253],[720529.40878,4374194.23565],[720210.42736,4374336.10881],[720210.42734,4374336.10882],[720210.42733,4374336.10883],[720207.14643,4374339.32233],[720112.46034,4374432.04481],[720085.59906,4374442.87031],[719715.43449,4374592.04499],[719518.40043,4374541.1084],[719332.46207,4374472.04742],[719316.44629,4374441.11085],[719316.44629,4374441.11085],[719316.44628,4374441.11084],[719316.44626,4374441.11082],[719316.44625,4374441.11081],[719316.44623,4374441.1108],[719316.44621,4374441.1108],[719316.44619,4374441.1108],[719316.44617,4374441.11081],[719316.44615,4374441.11082],[719316.44615,4374441.11082],[719104.41905,4374575.17232],[719104.41905,4374575.17232],[719104.41903,4374575.17233],[719104.41902,4374575.17234],[719104.41901,4374575.17235],[719086.99951,4374608.70605],[718808.19651,4375145.39185],[718798.41184,4375164.2291],[718333.41559,4375202.0469],[718333.41557,4375202.0469],[718333.41555,4375202.04691],[718124.43065,4375324.23541],[718080.44775,4375347.98481],[717771.4626,4375502.98569],[717608.41675,4375416.11301],[717608.41675,4375416.11301],[717608.41672,4375416.113],[717410.44462,4375376.1111],[717410.4446,4375376.1111],[717410.44458,4375376.1111],[717410.44456,4375376.11111],[717152.47916,4375491.11651],[717152.47916,4375491.11651],[717152.47914,4375491.11652],[717152.47913,4375491.11653],[717152.47911,4375491.11655],[717152.4791,4375491.11657],[717152.4791,4375491.11659],[717152.4791,4375491.11661],[717173.415,4375682.98921],[717173.41501,4375682.98923],[717173.41502,4375682.98925],[717338.419,4375937.05222],[717315.4494,4376126.11316],[717150.45154,4376344.23841],[716953.42189,4376397.0531],[716754.43441,4376374.2419],[716754.43439,4376374.2419],[716754.43438,4376374.2419],[716754.43436,4376374.24191],[716754.43434,4376374.24192],[716673.41975,4376431.11931],[716374.43698,4376547.0563],[716254.1871,4376547.3086],[715924.43882,4376547.997],[715707.48554,4376457.05921],[715365.45244,4376285.19151],[715365.45244,4376285.19151],[715365.45243,4376285.1915],[715365.4524,4376285.1915],[715365.45238,4376285.1915],[715043.42138,4376341.1263],[715043.42136,4376341.12631],[715043.42135,4376341.12631],[715043.42133,4376341.12633],[715043.42132,4376341.12634],[714899.43793,4376537.06273],[714840.90614,4376578.29742],[714584.72084,4376758.76542],[714466.46984,4376842.06612],[714466.46984,4376842.06612],[714466.46983,4376842.06613],[714466.46981,4376842.06615],[714466.4698,4376842.06617],[714431.4704,4376951.12977],[714431.4704,4376951.12977],[714431.4704,4376951.12979],[714431.4704,4376951.12981],[714431.47041,4376951.12983],[714543.4281,4377277.0605],[714477.49211,4377549.25073],[714214.44356,4377667.99871],[714214.44356,4377667.99871],[714214.44354,4377667.99872],[713858.42935,4377917.05961],[713684.44848,4377992.0618],[713601.02111,4377984.3371],[713576.47811,4377982.0657],[713576.47808,4377982.0657],[713500.84128,4377994.0284],[713499.44878,4377994.2499],[713499.44877,4377994.24991],[713499.44875,4377994.24991],[713499.44874,4377994.24992],[713288.43194,4378157.06172],[713288.43194,4378157.06172],[713288.43192,4378157.06173],[713288.43191,4378157.06175],[713288.43191,4378157.06177],[713288.4319,4378157.06179],[713288.4319,4378157.06181],[713400.474,4379615.17761],[713400.474,4379615.17763],[713400.47401,4379615.17765],[713570.05611,4379941.70235],[713572.90911,4379947.19725],[713574.45711,4379950.17675],[713574.45711,4379950.17675],[713620.12001,4380037.58915],[713621.51251,4380040.26165],[713621.57001,4380040.37614],[713621.57001,4380040.37615],[713654.82581,4380104.04225],[713954.43191,4380677.61965],[714232.82521,4381210.58645],[714232.82522,4381210.58646],[714232.82524,4381210.58648],[714232.82525,4381210.58649],[714232.82527,4381210.5865],[714232.82529,4381210.5865],[714232.82531,4381210.5865],[714232.82533,4381210.5865],[714232.82535,4381210.58649],[714232.82536,4381210.58648],[714232.82538,4381210.58646],[714232.82539,4381210.58645],[714232.8254,4381210.58643],[714232.8254,4381210.58641],[714232.8254,4381210.58639],[714221.5402,4381074.88859],[714221.5402,4381074.88858],[714212.15601,4381035.69834],[714282.01706,4380975.19678],[714330.64876,4380937.00608],[714358.86956,4380914.84468],[714358.86956,4380914.84468],[714358.86957,4380914.84467],[714358.86958,4380914.84466],[714385.73928,4380874.50986],[714433.42837,4380810.33377],[714479.98346,4380771.06598],[714522.06119,4380744.00973],[714578.75433,4380798.17697],[714578.75433,4380798.17697],[714578.75435,4380798.17698],[714578.75436,4380798.17699],[714578.75438,4380798.177],[714578.7544,4380798.177],[714578.75442,4380798.177],[714578.75444,4380798.17699],[714610.48584,4380785.48599],[714651.73213,4380769.6201],[714746.92332,4380748.9948],[714746.92334,4380748.99479],[714746.92336,4380748.99478],[714775.48016,4380726.78438],[714775.48016,4380726.78438],[714775.48018,4380726.78437],[714838.94317,4380653.80827],[714897.64275,4380599.86459],[714967.44652,4380583.9986],[714967.44652,4380583.9986],[715022.97582,4380571.3072],[715022.97582,4380571.3072],[715243.49962,4380517.365],[715427.53212,4380484.0486],[715565.5587,4380461.8402],[715616.32857,4380469.7697],[715667.09453,4380496.74208],[715692.47772,4380534.81796],[715692.47772,4380534.81796],[715746.42201,4380612.55575],[715768.6307,4380677.60453],[715776.5649,4380715.67632],[715776.5649,4380715.67633],[715778.6474,4380723.48703],[715778.64741,4380723.48704],[715778.64742,4380723.48706],[715778.64743,4380723.48707],[715778.64745,4380723.48709],[715778.64746,4380723.48709],[715778.64748,4380723.4871],[715778.6475,4380723.4871],[715778.64752,4380723.4871],[715778.64754,4380723.48709],[715778.64756,4380723.48708],[715778.64757,4380723.48707],[715862.03367,4380640.10077],[715862.03368,4380640.10076],[715934.05889,4380552.64116],[716162.99912,4380876.75656],[716162.99912,4380876.75656],[716162.99913,4380876.75657],[716162.99915,4380876.75658],[716162.99916,4380876.75659],[716162.99918,4380876.7566],[716162.9992,4380876.7566],[716162.99922,4380876.7566],[716162.99923,4380876.75659],[716162.99925,4380876.75659],[716162.99927,4380876.75657],[716211.87356,4380833.02677],[716237.59731,4380902.48003],[716237.59731,4380902.48005],[716237.59732,4380902.48006],[716237.59733,4380902.48008],[716278.75493,4380938.49287],[716348.20863,4381013.09097],[716348.20864,4381013.09098],[716418.33164,4381071.90368],[716418.33164,4381071.90368],[716418.33166,4381071.90369],[716418.33168,4381071.9037],[716443.99268,4381077.6061],[716443.99268,4381077.6061],[716443.9927,4381077.6061],[716443.99272,4381077.6061],[716443.99273,4381077.60609],[716625.48018,4381014.29655],[716624.5266,4381022.58309],[716623.9901,4381027.24859],[716623.9901,4381027.24861],[716623.9901,4381027.24862],[716623.99011,4381027.24864],[716623.99012,4381027.24866],[716623.99013,4381027.24867],[716625.90513,4381029.16967],[716638.32223,4381041.61367],[716638.32223,4381041.61367],[716638.32224,4381041.61368],[716638.32226,4381041.61369],[716638.32228,4381041.6137],[716671.85618,4381049.3672],[716671.8562,4381049.3672],[716671.85622,4381049.3672],[716703.73912,4381044.2943],[716703.73914,4381044.29429],[716746.72454,4381024.76079],[716822.34874,4380993.78039],[716885.08893,4380971.47999],[716943.92772,4380953.5601],[716994.35561,4380943.1356],[717043.2515,4380945.4582],[717043.25151,4380945.4582],[717065.55441,4380942.7447],[717080.19341,4380941.7742],[717080.19343,4380941.7742],[717108.3203,4380934.0672],[717134.23977,4380941.0142],[717134.23977,4380941.0142],[717155.10463,4380946.57869],[717164.91471,4380964.68064],[717178.1368,4381002.67512],[717181.0245,4381048.7616],[717181.0636,4381052.8735],[717181.3137,4381079.43],[717181.8239,4381133.3005],[717181.8399,4381135.064],[717181.8399,4381135.06403],[717183.1099,4381139.62103],[717189.549,4381162.71403],[717189.549,4381162.71403],[717189.54901,4381162.71404],[717204.07769,4381198.81791],[717196.8523,4381226.01537],[717194.45031,4381235.04736],[717163.41321,4381293.18575],[717128.74052,4381342.29864],[717128.74052,4381342.29864],[717080.97272,4381410.30554],[717038.05043,4381458.60233],[717038.05042,4381458.60235],[717017.95122,4381489.62575],[717016.03822,4381492.57885],[716994.75552,4381525.42935],[716994.75552,4381525.42935],[716994.75551,4381525.42936],[716991.40901,4381533.36946],[716972.06321,4381579.27616],[716972.06321,4381579.27616],[716972.0632,4381579.27617],[716965.2635,4381601.50357],[716965.2635,4381601.50357],[716965.2635,4381601.50359],[716959.1151,4381654.42289],[716959.1151,4381654.42289],[716954.4824,4381695.23209],[716954.4824,4381695.23209],[716954.4824,4381695.23211],[716957.5376,4381733.00569],[716950.69741,4381757.15004],[716949.72644,4381757.97752],[716890.01864,4381808.95282],[716888.61414,4381810.15082],[716790.01474,4381877.07442],[716761.76005,4381895.28172],[716724.31845,4381919.40962],[716635.45945,4381976.67262],[716635.45944,4381976.67262],[716547.16954,4382036.78262],[716547.16954,4382036.78262],[716547.16953,4382036.78263],[716526.37833,4382059.34753],[716497.81663,4382088.77813],[716468.14494,4382113.60652],[716463.55334,4382117.44862],[716463.55333,4382117.44863],[716454.27573,4382127.93623],[716425.82903,4382160.10283],[716425.82902,4382160.10284],[716399.90922,4382192.69144],[716395.83362,4382197.81754],[716377.24342,4382219.61294],[716371.74442,4382226.06204],[716371.74442,4382226.06204],[716350.21562,4382253.72504],[716335.24052,4382271.30534],[716335.24052,4382271.30534],[716335.24051,4382271.30535],[716335.24051,4382271.30536],[716329.22741,4382285.87266],[716329.2274,4382285.87268],[716329.2274,4382285.8727],[716329.4037,4382308.8886],[716329.4037,4382308.88862],[716329.40371,4382308.88864],[716329.40372,4382308.88866],[716340.56902,4382322.54936],[716340.56902,4382322.54936],[716353.60642,4382338.17156],[716368.44629,4382358.94292],[716365.6196,4382372.94307],[716356.88691,4382396.40546],[716355.90191,4382398.32195],[716339.02811,4382431.17905],[716339.02811,4382431.17906],[716320.65531,4382469.35826],[716320.45631,4382469.77226],[716320.45631,4382469.77226],[716311.07251,4382493.86116],[716311.0725,4382493.86118],[716311.0725,4382493.8612],[716311.0725,4382493.86122],[716313.7919,4382511.13202],[716317.8387,4382536.83302]]]}},{"type":"Feature","properties":{"DPTOCRC":"06","NOMBRE":"LA POBLA DE VALLBONA","ZONA_COD":"0612","DEPARTAMENTO":"VALENCIA ARNAU LLIRIA"},"geometry":{"type":"Polygon","coordinates":[[[708632.6885,4383208.50368],[708632.55151,4383209.14866],[708632.47152,4383209.25914],[708621.55005,4383224.15029],[708539.55382,4383212.1466],[708450.55363,4383189.1473],[708450.55361,4383189.1473],[708306.75381,4383171.0596],[708299.55691,4383170.1547],[708299.55689,4383170.1547],[708299.55688,4383170.1547],[708299.55686,4383170.15471],[708299.55684,4383170.15472],[708299.55683,4383170.15473],[708299.55682,4383170.15474],[708278.55762,4383201.15394],[708278.55762,4383201.15394],[708278.55761,4383201.15396],[708247.74051,4383268.72466],[708091.56701,4383611.16075],[707932.59671,4383868.12245],[707932.59671,4383868.12245],[707932.57021,4383868.16545],[707932.57021,4383868.16545],[707932.5702,4383868.16547],[707932.5702,4383868.16549],[707905.5811,4384255.16719],[707905.5811,4384255.16721],[707905.58111,4384255.16723],[707905.58111,4384255.16725],[707905.58113,4384255.16727],[707905.58114,4384255.16728],[707905.58116,4384255.16729],[707905.58118,4384255.1673],[707911.49768,4384256.3327],[707912.64868,4384256.5597],[708322.57168,4384337.1627],[708426.57208,4384358.1637],[708426.57208,4384358.1637],[708601.38398,4384384.8257],[708603.53448,4384385.1557],[708603.53449,4384385.1557],[708603.56699,4384385.1597],[708603.56701,4384385.1597],[708603.56703,4384385.1597],[708603.56705,4384385.15969],[708603.56707,4384385.15968],[708603.56708,4384385.15966],[708603.56709,4384385.15964],[708603.5671,4384385.15962],[708612.5653,4384345.16372],[708614.5641,4384338.16163],[708614.5641,4384338.16163],[708614.5641,4384338.1616],[708621.5618,4384161.1613],[708621.5618,4384161.16129],[708605.56091,4383967.1583],[708605.7412,4383967.1523],[708605.7412,4383967.1523],[708657.55824,4383965.1554],[708668.04761,4383987.53214],[708672.56161,4383997.15974],[708672.56162,4383997.15976],[708672.56163,4383997.15977],[708672.56165,4383997.15978],[708672.56166,4383997.15979],[708672.56168,4383997.1598],[708733.59258,4384008.9731],[708734.55701,4384009.15958],[708734.5755,4384009.36001],[708738.5594,4384053.15901],[708738.5594,4384053.15903],[708738.55941,4384053.15904],[708752.55931,4384082.15934],[708752.55932,4384082.15936],[708777.90302,4384116.84036],[708828.55531,4384186.15825],[708850.5592,4384241.15993],[708865.5593,4384334.16251],[708865.5528,4384334.27299],[708865.5528,4384334.273],[708865.5508,4384334.31399],[708864.56,4384351.16319],[708864.56,4384351.1632],[708862.5577,4384411.16238],[708840.55961,4384479.16456],[708756.56311,4384648.16306],[708756.56311,4384648.16306],[708756.56311,4384648.16307],[708756.54661,4384648.20807],[708719.56641,4384746.16696],[708719.56641,4384746.16696],[708719.5664,4384746.16699],[708705.4887,4384901.05659],[708703.57,4384922.16778],[708697.5699,4384944.16747],[708697.5699,4384944.16748],[708693.57221,4384960.16866],[708693.53971,4384960.23015],[708693.53971,4384960.23015],[708672.57343,4385000.16843],[708644.57416,4385016.16941],[708589.69028,4385030.1408],[708589.57528,4385030.1693],[708589.57528,4385030.1693],[708589.57526,4385030.16931],[708589.57524,4385030.16932],[708589.57523,4385030.16933],[708589.57522,4385030.16934],[708575.57592,4385049.17094],[708575.57592,4385049.17094],[708575.57591,4385049.17096],[708558.57851,4385086.16825],[708501.58161,4385179.16885],[708501.58161,4385179.16885],[708501.58161,4385179.16887],[708501.5816,4385179.16888],[708494.5825,4385225.16928],[708494.5825,4385225.16931],[708494.5845,4385225.19581],[708494.5885,4385225.26341],[708494.5885,4385225.26341],[708497.5814,4385269.17081],[708497.5814,4385269.17082],[708497.58141,4385269.17084],[708497.58142,4385269.17086],[708497.58143,4385269.17087],[708497.58144,4385269.17088],[708497.58146,4385269.17089],[708541.56716,4385288.16289],[708541.57908,4385288.16885],[708526.5973,4385347.10678],[708526.5973,4385347.10678],[708526.5808,4385347.17228],[708526.5808,4385347.17229],[708524.5822,4385373.16959],[708524.5822,4385373.16961],[708524.58221,4385373.16963],[708524.58221,4385373.16965],[708524.58223,4385373.16967],[708524.58224,4385373.16968],[708524.58226,4385373.16969],[708585.57834,4385402.17038],[708611.57872,4385431.17236],[708633.57832,4385466.17135],[708633.57833,4385466.17137],[708657.57613,4385489.17487],[708657.57613,4385489.17487],[708657.57615,4385489.17489],[708723.49515,4385528.12679],[708723.57656,4385528.17573],[708696.62662,4385570.18835],[708587.58482,4385740.17545],[708587.58482,4385740.17545],[708481.25112,4385906.84635],[708481.25111,4385906.84635],[708481.24712,4385906.85285],[708275.60112,4386229.18034],[708274.47712,4386230.73494],[708207.60152,4386323.18364],[707998.90002,4386583.05714],[707950.65772,4386643.12834],[707950.65772,4386643.12834],[707950.60872,4386643.18984],[707950.60872,4386643.18984],[707950.60871,4386643.18985],[707950.60871,4386643.18987],[707950.6087,4386643.18989],[707946.6071,4386670.18859],[707946.6071,4386670.18859],[707946.6071,4386670.18861],[707946.6071,4386670.18862],[707946.60711,4386670.18864],[707946.60712,4386670.18866],[707961.61132,4386690.19166],[707961.61132,4386690.19166],[707961.61133,4386690.19168],[708034.29303,4386753.91288],[708034.61053,4386754.19138],[708034.61053,4386754.19138],[708034.61055,4386754.19139],[708074.28405,4386774.75909],[708088.53195,4386782.14599],[708088.53195,4386782.14599],[708088.53197,4386782.146],[708088.53199,4386782.146],[708088.53201,4386782.146],[708088.53203,4386782.146],[708088.53204,4386782.14599],[708088.57904,4386782.12349],[708527.62797,4386583.05912],[708702.29622,4386787.84456],[709468.51682,4387686.21626],[709536.40501,4387817.27425],[709591.31951,4387923.28645],[709693.56341,4388120.66785],[710084.4714,4388875.30993],[710165.1437,4389436.13841],[710169.6309,4389467.33331],[710304.4246,4390404.40941],[710304.4246,4390404.40943],[710304.42461,4390404.40944],[711083.34781,4391960.38404],[711083.34781,4391960.38404],[711083.34782,4391960.38406],[711114.36102,4392002.25646],[711114.36102,4392002.25646],[711114.36103,4392002.25647],[711114.36105,4392002.25649],[711114.36107,4392002.25649],[711114.36109,4392002.2565],[711114.36111,4392002.2565],[711114.36113,4392002.2565],[711114.36114,4392002.25649],[711114.36116,4392002.25648],[711114.36118,4392002.25647],[711114.36119,4392002.25645],[711114.3612,4392002.25643],[711114.41817,4392002.08192],[711114.43907,4392002.0879],[711114.43907,4392002.0879],[711114.49557,4392002.1039],[711114.49557,4392002.1039],[711114.49559,4392002.1039],[711114.49561,4392002.1039],[711114.49563,4392002.1039],[711114.49565,4392002.10389],[711114.49566,4392002.10388],[711114.49568,4392002.10386],[711114.49569,4392002.10385],[711114.4957,4392002.10383],[711114.4997,4392002.09133],[711156.42849,4391873.31773],[711158.97009,4391867.26964],[711332.43229,4391454.30704],[711361.26589,4391401.61505],[711361.43588,4391401.30406],[712489.41725,4390276.28929],[712752.40371,4390237.2899],[713031.3566,4390226.2933],[713031.3566,4390226.2933],[713031.39746,4390226.29131],[713031.219,4390226.89917],[712949.3936,4390505.29247],[712949.3936,4390505.29247],[712949.3936,4390505.29249],[712945.3913,4390541.29649],[712945.3913,4390541.29649],[712934.468,4390652.53779],[712934.3925,4390653.30379],[712934.3925,4390653.30381],[712934.3925,4390653.30382],[712969.3848,4390823.30462],[712983.3872,4390900.30042],[712983.3872,4390900.30043],[713030.3824,4391058.30612],[713053.3883,4391182.30791],[713059.3836,4391267.3077],[713058.3789,4391362.31369],[713058.3028,4391362.76218],[713058.3028,4391362.76218],[713049.3791,4391416.30608],[713049.3791,4391416.30608],[713049.3791,4391416.3061],[713049.3785,4391464.3118],[713049.3785,4391464.31182],[713060.3243,4391512.06552],[713060.3593,4391512.21752],[713060.3758,4391512.29152],[713060.3798,4391512.30952],[713060.37981,4391512.30954],[713060.37982,4391512.30956],[713060.37983,4391512.30957],[713060.37985,4391512.30958],[713060.37986,4391512.30959],[713060.37988,4391512.3096],[713060.3799,4391512.3096],[713060.37992,4391512.3096],[713060.37994,4391512.30959],[713060.37996,4391512.30958],[713060.37997,4391512.30957],[713060.37997,4391512.30957],[713079.87327,4391492.07067],[713217.38187,4391349.30577],[713558.38167,4390998.07867],[713584.32417,4390971.35707],[713584.35917,4390971.32107],[713584.35917,4390971.32107],[713584.35918,4390971.32105],[713584.35919,4390971.32104],[713584.3592,4390971.32102],[713584.3592,4390971.321],[713584.3592,4390971.32098],[713584.35919,4390971.32096],[713584.35918,4390971.32095],[713584.35917,4390971.32093],[713584.35916,4390971.32092],[713584.33268,4390971.30243],[713584.32669,4390971.28996],[713584.30569,4390971.24496],[713584.30569,4390971.24496],[713561.33439,4390924.29987],[713525.3364,4390781.30028],[713525.3364,4390781.30027],[713432.3409,4390486.29207],[713380.0957,4390247.22958],[713375.5184,4390226.28478],[713359.3464,4390152.28718],[713359.3464,4390152.28717],[713314.3453,4390005.28767],[713261.7325,4389827.58017],[713261.3495,4389826.28818],[713250.9384,4389767.00788],[713199.3529,4389473.28168],[713137.357,4389063.27229],[713137.357,4389063.27228],[713103.3621,4388885.26978],[713049.365,4388535.26789],[713003.3737,4388188.26139],[712964.3959,4387797.41009],[712964.3959,4387797.41009],[712964.3794,4387797.2521],[712964.4574,4387796.86712],[712964.4574,4387796.86712],[713000.3804,4387618.25062],[713074.3838,4387330.25033],[713281.39499,4386704.22793],[713281.395,4386704.22793],[713282.1976,4386701.50983],[713314.9457,4386590.79393],[713314.9457,4386590.79392],[713314.9467,4386590.78993],[713317.2163,4386583.11723],[713317.2203,4386583.10373],[713322.6247,4386564.83333],[713365.39689,4386420.22663],[713428.40039,4386276.21974],[713428.4004,4386276.21972],[713463.4044,4386068.21562],[713530.4111,4385840.20793],[713530.4111,4385840.20793],[713719.421,4385122.19043],[713793.5852,4384875.79743],[713840.4093,4384720.24373],[713840.4093,4384720.24373],[713840.4133,4384720.22973],[713840.4133,4384720.22971],[713840.4133,4384720.22969],[713840.4133,4384720.22967],[713840.41329,4384720.22966],[713840.41328,4384720.22964],[713840.41327,4384720.22963],[713753.40037,4384641.17793],[713753.40037,4384641.17793],[713753.40035,4384641.17791],[713753.40034,4384641.17791],[713753.40032,4384641.1779],[713753.4003,4384641.1779],[713753.40028,4384641.1779],[713561.44339,4384677.1199],[713261.44282,4384654.31081],[713263.2824,4384642.62962],[713290.4294,4384470.24252],[713290.4294,4384470.24252],[713290.4294,4384470.2425],[713290.4294,4384470.24248],[713290.42939,4384470.24246],[713290.42938,4384470.24245],[713290.42937,4384470.24243],[713290.42936,4384470.24242],[713254.41306,4384444.30202],[713166.44459,4384357.11505],[713097.0809,4384133.05007],[713080.4397,4384079.29527],[713080.4397,4384079.29527],[713080.43969,4384079.29525],[713080.43968,4384079.29523],[713080.43966,4384079.29522],[713080.43964,4384079.29521],[713080.43962,4384079.2952],[713080.4396,4384079.2952],[713080.43958,4384079.2952],[713041.45468,4384086.16828],[712986.4595,4383815.22398],[712986.45949,4383815.22395],[712932.47749,4383712.09855],[712932.47749,4383712.09855],[712932.47747,4383712.09853],[712872.42247,4383647.34753],[712870.44897,4383645.21993],[712870.44897,4383645.21993],[712870.44896,4383645.21992],[712870.44894,4383645.21991],[712870.44892,4383645.2199],[712870.4489,4383645.2199],[712870.44888,4383645.2199],[712870.44886,4383645.21991],[712809.43696,4383672.09991],[712809.43695,4383672.09991],[712565.45475,4383806.16261],[712565.45475,4383806.16261],[712565.45474,4383806.16262],[712555.57124,4383814.38422],[712524.01634,4383840.63322],[712288.88084,4384036.22702],[712172.49151,4384133.04366],[712171.66207,4384132.15523],[712106.49107,4384062.26363],[712091.47967,4384046.16773],[712091.47967,4384046.16773],[712091.47966,4384046.16772],[712091.47964,4384046.16771],[712091.47963,4384046.1677],[712091.47961,4384046.1677],[712091.47959,4384046.1677],[712091.47957,4384046.1677],[712091.47955,4384046.16771],[712091.47954,4384046.16772],[711996.48302,4384121.16696],[711773.44418,4383828.03674],[711773.44418,4383828.03674],[711773.44417,4383828.03672],[711773.44415,4383828.03671],[711773.44413,4383828.0367],[711773.44411,4383828.0367],[711773.44409,4383828.0367],[711773.44407,4383828.0367],[711773.44405,4383828.03671],[711773.44404,4383828.03672],[711673.44612,4383910.22805],[711628.44934,4383847.09742],[711691.49356,4383794.28908],[711691.49356,4383794.28908],[711691.49358,4383794.28906],[711691.49359,4383794.28905],[711691.4936,4383794.28903],[711691.4936,4383794.28901],[711691.4936,4383794.28899],[711691.4936,4383794.28897],[711691.49359,4383794.28895],[711691.49358,4383794.28894],[711690.75658,4383793.41434],[711690.75658,4383793.41434],[711565.48028,4383645.21784],[711565.48028,4383645.21784],[711565.48026,4383645.21782],[711565.48024,4383645.21781],[711565.48023,4383645.2178],[711565.48021,4383645.2178],[711565.48019,4383645.2178],[711565.48017,4383645.21781],[711565.48015,4383645.21781],[711527.51502,4383668.03517],[711357.52035,4383497.09141],[711359.32776,4383495.80388],[711454.47036,4383428.02778],[711454.47036,4383428.02778],[711454.47037,4383428.02777],[711454.47039,4383428.02775],[711454.47039,4383428.02773],[711454.4704,4383428.02771],[711454.4704,4383428.02769],[711454.4704,4383428.02767],[711450.9823,4383414.53897],[711400.4878,4383219.27737],[711400.4878,4383219.27737],[711400.48779,4383219.27736],[711400.48778,4383219.27734],[711235.84548,4382986.00764],[711194.90698,4382928.00534],[711111.66218,4382810.06304],[710913.46918,4382529.26354],[710913.46917,4382529.26353],[710913.46916,4382529.26352],[710913.46914,4382529.26351],[710913.46912,4382529.2635],[710913.4691,4382529.2635],[710758.47147,4382522.0751],[710733.47399,4382459.26416],[710733.47398,4382459.26415],[710733.47397,4382459.26413],[710733.47396,4382459.26412],[710733.47394,4382459.26411],[710733.47392,4382459.2641],[710733.4739,4382459.2641],[710472.53861,4382451.138],[710481.5249,4382379.26201],[710481.5249,4382379.26201],[710481.5249,4382379.26199],[710481.5249,4382379.26197],[710481.52489,4382379.26195],[710481.52488,4382379.26194],[710105.51328,4381914.25594],[710084.49699,4381874.25795],[710084.49699,4381874.25795],[710084.49698,4381874.25794],[710084.49697,4381874.25792],[710084.49695,4381874.25791],[710084.49693,4381874.25791],[710084.49691,4381874.2579],[710084.4969,4381874.2579],[710084.49688,4381874.2579],[710084.49686,4381874.25791],[710084.49684,4381874.25792],[709589.50816,4382213.01101],[709447.28127,4382249.8473],[709149.79897,4382326.8929],[708789.52195,4382420.20108],[708702.56739,4382250.19955],[708702.56739,4382250.19955],[708702.56738,4382250.19954],[708702.56737,4382250.19952],[708702.56735,4382250.19951],[708702.56733,4382250.19951],[708702.56731,4382250.1995],[708702.56729,4382250.1995],[708702.56728,4382250.1995],[708702.56726,4382250.19951],[708702.56724,4382250.19952],[708571.55624,4382345.20322],[708571.55624,4382345.20322],[708571.55623,4382345.20323],[708571.55621,4382345.20325],[708571.55621,4382345.20327],[708571.5562,4382345.20329],[708567.57522,4382375.20246],[708567.52634,4382375.18201],[708567.52634,4382375.18201],[708567.52632,4382375.182],[708567.5263,4382375.182],[708567.52628,4382375.182],[708567.52626,4382375.18201],[708567.52625,4382375.18202],[708567.52623,4382375.18203],[708567.52622,4382375.18204],[708567.52621,4382375.18206],[708542.88841,4382432.08226],[708538.75761,4382441.62186],[708525.54421,4382472.13966],[708525.54421,4382472.13966],[708525.53621,4382472.16016],[708525.53621,4382472.16017],[708492.54461,4382563.14167],[708492.54461,4382563.14167],[708492.5446,4382563.14169],[708485.5455,4382624.14379],[708485.5455,4382624.14381],[708485.5455,4382624.14382],[708504.5477,4382698.14502],[708504.54771,4382698.14503],[708528.54661,4382767.14673],[708528.54661,4382767.14673],[708528.54662,4382767.14676],[708585.54652,4382849.14356],[708585.54652,4382849.14356],[708585.54653,4382849.14357],[708669.33133,4382934.92497],[708669.5463,4382935.14594],[708647.5498,4383138.14798],[708632.6885,4383208.50368]]]}},{"type":"Feature","properties":{"DPTOCRC":"06","NOMBRE":"TITAGUAS","ZONA_COD":"0614","DEPARTAMENTO":"VALENCIA ARNAU LLIRIA"},"geometry":{"type":"Polygon","coordinates":[[[667407.5276,4409166.3623],[667407.52757,4409166.3623],[667407.52756,4409166.36231],[667407.49456,4409166.37881],[667323.52806,4409208.36321],[667323.52804,4409208.36322],[667256.52694,4409259.36082],[667256.52692,4409259.36084],[667162.53013,4409369.35843],[667098.52743,4409430.35993],[667098.52743,4409430.35993],[667098.52742,4409430.35994],[667098.52741,4409430.35996],[667071.53131,4409496.35845],[667055.52873,4409516.35882],[667033.53366,4409529.35991],[666987.53247,4409545.36121],[666987.53245,4409545.36121],[666987.53244,4409545.36122],[666963.53444,4409565.35982],[666963.53444,4409565.35982],[666963.53442,4409565.35984],[666901.53492,4409648.35704],[666901.53492,4409648.35704],[666901.53491,4409648.35705],[666901.53491,4409648.35707],[666854.53511,4409788.36146],[666821.53462,4409850.35804],[666780.53853,4409897.35953],[666707.54103,4409962.36123],[666707.54103,4409962.36123],[666707.54102,4409962.36123],[666678.53762,4409995.36263],[666678.53762,4409995.36263],[666678.53762,4409995.36265],[666678.53761,4409995.36266],[666647.54011,4410066.36026],[666647.54011,4410066.36026],[666647.5401,4410066.36028],[666647.5401,4410066.36029],[666643.5432,4410127.35719],[666643.5432,4410127.35722],[666681.5388,4410332.34871],[666683.5421,4410370.35329],[666676.54641,4410398.35295],[666617.54463,4410452.35062],[666535.54874,4410518.35402],[666535.54874,4410518.35402],[666535.54872,4410518.35404],[666480.54842,4410583.35564],[666480.54842,4410583.35564],[666480.54841,4410583.35565],[666480.5484,4410583.35567],[666458.5418,4410665.35507],[666458.5418,4410665.35507],[666458.5418,4410665.3551],[666459.5496,4410704.3526],[666459.5496,4410704.35263],[666472.5503,4410751.35343],[666472.5503,4410751.35343],[666472.55031,4410751.35344],[666496.54491,4410807.35494],[666496.54491,4410807.35495],[666524.54941,4410853.35195],[666524.54943,4410853.35197],[666555.54783,4410888.34967],[666555.54783,4410888.34967],[666555.54785,4410888.34968],[666595.54903,4410914.34628],[666624.54841,4410946.34735],[666642.5502,4410988.34643],[666652.5486,4411029.3466],[666637.5494,4411086.34787],[666637.5494,4411086.34788],[666635.54651,4411097.34964],[666615.54574,4411112.34722],[666615.54574,4411112.34722],[666615.54573,4411112.34723],[666615.54571,4411112.34725],[666615.54571,4411112.34727],[666615.5457,4411112.34729],[666615.5457,4411112.34731],[666619.5478,4411171.34331],[666619.5478,4411171.34333],[666626.5477,4411198.34323],[666626.5477,4411198.34323],[666626.54771,4411198.34325],[666626.54772,4411198.34326],[666664.54581,4411244.34195],[666683.5471,4411295.34223],[666702.5485,4411375.33762],[666702.5485,4411375.33762],[666702.54851,4411375.33763],[666753.54699,4411516.331],[666738.54771,4411561.33347],[666738.54771,4411561.33347],[666738.5477,4411561.33349],[666733.5469,4411603.33289],[666733.5469,4411603.33289],[666733.5469,4411603.33291],[666733.5469,4411603.33292],[666733.54691,4411603.33294],[666761.55061,4411671.32934],[666761.55061,4411671.32934],[666761.55061,4411671.32935],[666799.54461,4411733.33265],[666799.54462,4411733.33266],[666907.54279,4411869.32802],[666837.54751,4412134.32376],[666660.55003,4412472.31923],[666088.55687,4412786.3302],[666088.5244,4412786.3302],[665671.56181,4412773.3373],[665671.53331,4412773.3353],[665261.57091,4412712.3443],[665261.57091,4412712.3443],[665017.57154,4412683.3557],[665017.54306,4412683.33522],[665017.54305,4412683.33521],[664241.57536,4412216.36382],[663948.57407,4411950.36583],[663948.57406,4411950.36582],[663824.57066,4411852.36902],[663824.57066,4411852.36902],[663824.57065,4411852.36901],[663750.56775,4411813.36921],[663750.56775,4411813.36921],[663201.56116,4411529.37492],[662992.56467,4411332.37673],[662992.56467,4411332.37673],[662992.56466,4411332.37672],[662992.56464,4411332.37671],[662992.56462,4411332.3767],[662473.56182,4411206.3834],[662473.56182,4411206.3834],[662179.56172,4411142.3793],[662179.5617,4411142.3793],[662179.56168,4411142.3793],[661307.55399,4411288.3827],[661194.55719,4411302.383],[661194.55719,4411302.383],[661118.55549,4411312.3856],[660784.5542,4411302.3845],[660008.55091,4411251.3931],[660008.55089,4411251.3931],[660008.55087,4411251.3931],[660008.55085,4411251.39311],[660008.55084,4411251.39312],[660008.55082,4411251.39313],[659212.55276,4412176.3837],[658802.54731,4412139.3802],[658802.54731,4412139.3802],[658366.54401,4412101.3847],[658366.54399,4412101.3847],[658366.54397,4412101.38471],[658366.54395,4412101.38471],[658366.54393,4412101.38473],[658366.54392,4412101.38474],[657972.54492,4412631.37594],[657569.54652,4413138.36844],[657391.55192,4413348.36774],[657391.55192,4413348.36774],[657391.55192,4413348.36775],[656791.56164,4414263.35612],[655010.55967,4414880.34791],[655010.55966,4414880.34791],[654773.55777,4414972.34631],[654319.56297,4415129.34751],[654319.56297,4415129.34751],[654319.56296,4415129.34751],[654139.56146,4415217.34811],[653925.56226,4415297.35161],[653925.56226,4415297.35161],[653925.56225,4415297.35162],[653925.56223,4415297.35163],[653925.56222,4415297.35164],[653925.56221,4415297.35166],[653925.5622,4415297.35168],[653925.5622,4415297.3517],[653936.5689,4415620.3447],[653899.58,4416329.33769],[653899.58,4416329.3377],[653898.578,4416430.3331],[653898.578,4416430.33312],[653947.5815,4416631.33272],[653957.5806,4416704.3305],[653950.5853,4416753.32828],[653898.5887,4416926.32487],[653898.5887,4416926.32489],[653898.5887,4416926.3249],[653909.5865,4417423.3195],[653909.5865,4417423.31951],[653937.5948,4417862.31121],[653970.5941,4418536.3081],[653970.5993,4418679.3079],[653970.5993,4418679.30791],[654013.6077,4419188.30371],[654013.6077,4419188.30372],[654040.6052,4419303.29512],[654040.60521,4419303.29514],[654197.6085,4419719.29102],[654198.6084,4419762.29244],[654175.60947,4419775.289],[654129.6115,4419775.2913],[654129.61148,4419775.2913],[654129.61146,4419775.29131],[654129.61145,4419775.29132],[654097.60955,4419795.28792],[654097.60953,4419795.28793],[654042.60893,4419852.29223],[654042.60893,4419852.29223],[654042.60892,4419852.29224],[653979.60902,4419941.29114],[653979.60902,4419941.29114],[653979.60901,4419941.29115],[653955.61091,4419985.29035],[653955.6109,4419985.29037],[653955.6109,4419985.29039],[653952.6128,4420040.28879],[653952.6128,4420040.28882],[653952.61281,4420040.28884],[653968.61221,4420076.28774],[653968.61221,4420076.28774],[653968.61222,4420076.28776],[654011.61272,4420129.29136],[654011.61272,4420129.29136],[654011.61273,4420129.29138],[654048.61202,4420161.28866],[654073.6145,4420212.28482],[654066.6148,4420255.28837],[654050.61613,4420292.28502],[653948.61787,4420327.28391],[653948.61787,4420327.28391],[653948.61786,4420327.28391],[653880.61606,4420361.28701],[653880.61606,4420361.28701],[653880.61604,4420361.28702],[653880.61602,4420361.28704],[653837.61692,4420421.28924],[653837.61691,4420421.28925],[653795.61701,4420492.28675],[653795.61701,4420492.28675],[653795.61701,4420492.28677],[653795.617,4420492.28678],[653784.6195,4420560.28358],[653784.6195,4420560.28358],[653784.6195,4420560.2836],[653787.6186,4420626.2858],[653778.6206,4420747.28047],[653758.61592,4420777.28323],[653720.61764,4420812.28112],[653657.61745,4420851.28361],[653532.61186,4420913.28291],[653532.61185,4420913.28291],[653446.62075,4420964.28441],[653446.62075,4420964.28441],[653446.62074,4420964.28442],[653373.62664,4421018.28392],[653373.62663,4421018.28393],[653321.62403,4421072.28123],[653321.62402,4421072.28124],[653259.62373,4421151.28223],[653201.62064,4421204.28652],[653135.62195,4421247.28212],[653135.62194,4421247.28212],[653046.62454,4421319.28142],[653046.62454,4421319.28142],[653046.62452,4421319.28144],[653046.62451,4421319.28145],[653046.6245,4421319.28147],[653046.6245,4421319.28149],[653046.6245,4421319.28151],[653055.6241,4421389.27911],[653055.6241,4421389.27912],[653080.623,4421487.27681],[653080.6275,4421539.27919],[653073.6281,4421607.27589],[653073.6281,4421607.27591],[653073.62811,4421607.27593],[653073.62811,4421607.27595],[653073.62813,4421607.27597],[653107.62543,4421643.28127],[653107.62543,4421643.28127],[653195.62872,4421730.26806],[653210.62449,4421764.277],[653202.62123,4421786.27621],[653043.62698,4421815.2786],[653043.62696,4421815.27861],[653043.62694,4421815.27862],[653010.62964,4421838.27762],[653010.62964,4421838.27762],[653010.62963,4421838.27763],[653010.62962,4421838.27765],[652989.62992,4421870.27545],[652989.62992,4421870.27545],[652989.62991,4421870.27546],[652989.6299,4421870.27547],[652974.6263,4421921.27847],[652974.6263,4421921.27847],[652974.6263,4421921.27849],[652967.6268,4421973.27439],[652967.6268,4421973.27441],[652970.6297,4422023.27381],[652970.6297,4422023.27383],[652970.62971,4422023.27385],[653065.62991,4422208.27295],[653065.62991,4422208.27295],[653065.62992,4422208.27296],[653155.63261,4422338.26775],[653168.6294,4422376.26971],[653162.6293,4422418.26968],[653148.62911,4422459.26827],[653148.6291,4422459.26829],[653148.6291,4422459.26831],[653148.6291,4422459.26833],[653201.6334,4422659.26711],[653194.6339,4422712.26046],[653172.63464,4422740.26682],[653131.63387,4422756.2659],[653100.63538,4422762.2666],[653100.63536,4422762.26661],[653100.63535,4422762.26661],[653062.63655,4422785.26761],[653062.63655,4422785.26761],[653062.63653,4422785.26763],[653062.63652,4422785.26764],[653062.63651,4422785.26766],[653062.6365,4422785.26767],[653062.6365,4422785.26769],[653058.6354,4422831.26119],[653058.6354,4422831.26121],[653078.6379,4423057.26751],[653078.6379,4423057.26752],[653078.63791,4423057.26754],[653136.63841,4423190.25894],[653136.63841,4423190.25894],[653136.63842,4423190.25895],[653221.63941,4423326.26255],[653425.64341,4423679.25325],[653425.64341,4423679.25325],[653425.64342,4423679.25326],[653425.64343,4423679.25328],[653455.64263,4423705.25038],[653455.64263,4423705.25038],[653455.64265,4423705.25039],[653455.64267,4423705.25039],[653505.64277,4423723.25189],[653505.64277,4423723.2519],[653748.64257,4423790.258],[653748.64258,4423790.258],[654044.64427,4423864.2492],[654138.64346,4423895.24869],[654474.64725,4424066.24079],[654474.64726,4424066.24079],[654821.64426,4424217.23599],[654821.64426,4424217.23599],[655691.64316,4424584.23619],[655691.64316,4424584.23619],[657418.64126,4425291.21609],[657418.64127,4425291.21609],[657666.64526,4425380.21839],[657766.64514,4425441.21298],[658121.64523,4425786.21077],[658121.64523,4425786.21077],[658455.64103,4426095.21097],[658634.64443,4426284.20417],[658634.64443,4426284.20417],[658634.64444,4426284.20418],[658634.64446,4426284.20419],[658634.64447,4426284.2042],[658634.64449,4426284.2042],[658944.64079,4426313.2048],[658944.6408,4426313.2048],[659095.6432,4426319.2047],[659095.64321,4426319.2047],[659095.64323,4426319.20469],[659095.64325,4426319.20469],[659375.64013,4426164.20829],[659434.63888,4426152.20271],[659525.63965,4426205.19989],[659525.63967,4426205.19989],[659525.63969,4426205.1999],[659525.63971,4426205.1999],[659525.63973,4426205.1999],[659609.63983,4426182.1988],[659609.63985,4426182.19879],[659609.63986,4426182.19878],[659673.63536,4426128.20748],[659673.63536,4426128.20748],[659673.63538,4426128.20746],[659673.63539,4426128.20745],[659709.63909,4426058.20135],[659709.6391,4426058.20133],[659851.637,4425556.20953],[659851.637,4425556.20951],[659851.637,4425556.20949],[659849.6339,4425516.20579],[659849.63389,4425516.20577],[659815.63691,4425420.2091],[659847.63437,4425315.20051],[659978.63599,4425332.2132],[659978.636,4425332.2132],[659978.63602,4425332.2132],[659978.63604,4425332.21319],[660159.63274,4425263.20619],[660159.63274,4425263.20619],[660159.63275,4425263.20619],[660423.6299,4425101.21694],[660232.63191,4425588.20426],[660232.6319,4425588.20429],[660227.6351,4425633.20899],[660227.6351,4425633.20902],[660233.6356,4425671.20512],[660233.6356,4425671.20512],[660233.63561,4425671.20513],[660233.63561,4425671.20515],[660233.63562,4425671.20516],[660262.63552,4425708.20386],[660262.63552,4425708.20386],[660262.63553,4425708.20388],[660335.63373,4425772.20978],[660335.63373,4425772.20978],[660335.63375,4425772.20979],[660457.63265,4425835.20369],[660457.63266,4425835.20369],[660576.63295,4425883.20409],[660626.63272,4425919.20327],[660826.63181,4426331.19794],[660826.63181,4426331.19794],[660826.63182,4426331.19796],[660826.63184,4426331.19798],[660863.63064,4426362.19618],[660863.63064,4426362.19618],[660863.63065,4426362.19619],[661001.63245,4426436.19989],[661001.63247,4426436.1999],[661165.63147,4426481.1978],[661165.63149,4426481.1978],[661165.63151,4426481.1978],[661165.63153,4426481.1978],[661165.63155,4426481.19779],[661165.63156,4426481.19778],[661165.63158,4426481.19776],[661289.63238,4426328.19696],[661289.63238,4426328.19696],[661289.63239,4426328.19695],[661289.63239,4426328.19693],[661289.6324,4426328.19692],[661318.6318,4426144.20194],[661340.63108,4426113.20176],[661423.62722,4426027.20093],[661630.62552,4426152.20107],[661658.626,4426210.20192],[661655.6276,4426244.19807],[661587.62672,4426346.20024],[661587.62671,4426346.20026],[661587.6267,4426346.20028],[661587.6267,4426346.2003],[661587.6267,4426346.20032],[661587.62671,4426346.20034],[661633.62871,4426469.19774],[661633.62871,4426469.19775],[661633.62872,4426469.19776],[661738.62922,4426592.19556],[661819.63142,4426699.19846],[661819.63142,4426699.19846],[661819.63143,4426699.19847],[661819.63145,4426699.19849],[661819.63147,4426699.19849],[661819.63149,4426699.1985],[661819.63151,4426699.1985],[661931.62771,4426693.1979],[661931.62773,4426693.1979],[661931.62775,4426693.19789],[662124.62175,4426584.19359],[662124.62176,4426584.19358],[662205.62356,4426529.19898],[662205.62356,4426529.19898],[662205.62357,4426529.19897],[662507.62307,4426244.19967],[662507.62307,4426244.19967],[662696.62286,4426048.19528],[662853.61774,4425975.20279],[662853.61774,4425975.20279],[662853.61775,4425975.20279],[662935.61847,4425926.19464],[662997.61572,4426023.19715],[662997.61572,4426023.19715],[662997.61573,4426023.19717],[663117.61963,4426139.19687],[663117.61965,4426139.19688],[663117.61966,4426139.19689],[663233.61746,4426186.19979],[663317.61396,4426226.19289],[663317.61396,4426226.19289],[663317.61398,4426226.1929],[663422.61374,4426248.19599],[663479.61352,4426320.19476],[663479.61354,4426320.19478],[663574.61593,4426390.1944],[663373.61854,4426523.19482],[663373.61854,4426523.19482],[663373.61853,4426523.19483],[663373.61852,4426523.19484],[663373.61851,4426523.19486],[663367.61361,4426537.19466],[663367.61361,4426537.19466],[663367.6136,4426537.19468],[663367.6136,4426537.1947],[663367.6136,4426537.19472],[663445.6141,4426884.19232],[663445.6141,4426884.19232],[663445.61411,4426884.19234],[663445.61412,4426884.19236],[663445.61413,4426884.19237],[663445.61414,4426884.19238],[663445.61416,4426884.19239],[663445.61418,4426884.1924],[663445.6142,4426884.1924],[663670.61819,4426894.192],[663769.61345,4426917.19059],[663956.61143,4427081.18868],[663956.61145,4427081.18869],[663956.61146,4427081.18869],[663956.61148,4427081.1887],[664259.61097,4427140.1886],[664453.61266,4427212.18459],[664563.60566,4427263.18289],[664563.60568,4427263.1829],[664666.60638,4427280.1823],[664666.60639,4427280.1823],[665296.60009,4427340.1783],[665296.60009,4427340.1783],[665621.59359,4427357.1731],[665778.59108,4427378.1739],[665857.59368,4427397.1745],[665857.59368,4427397.1745],[665857.59369,4427397.1745],[665857.59371,4427397.1745],[665952.59501,4427386.1697],[665952.59502,4427386.1697],[666250.58762,4427318.1676],[666974.57932,4427197.1601],[666974.57933,4427197.1601],[667102.57763,4427162.1632],[667102.57763,4427162.1632],[667102.57764,4427162.16319],[667102.57766,4427162.16318],[667207.57664,4427087.16299],[667451.57242,4427029.1578],[667451.57243,4427029.1578],[667526.57342,4427005.1633],[667755.56941,4426980.1594],[667755.56942,4426980.1594],[667874.56482,4426951.1565],[668040.56511,4426932.1537],[668242.5611,4426933.1513],[668242.56111,4426933.1513],[668366.56191,4426917.1532],[668366.56193,4426917.15319],[668441.56243,4426891.14979],[668441.56243,4426891.14979],[668441.56244,4426891.14979],[668495.55924,4426864.15249],[668495.55924,4426864.15249],[668495.55926,4426864.15248],[668550.55985,4426820.15339],[668594.55821,4426804.1497],[668632.55628,4426807.1538],[668737.55997,4426833.1521],[668958.55735,4426915.14719],[669042.55294,4426980.14728],[669042.55294,4426980.14728],[669042.55295,4426980.14729],[669042.55297,4426980.14729],[669042.55298,4426980.1473],[669158.55055,4426999.14099],[669234.55082,4427097.14026],[669234.55082,4427097.14026],[669234.55084,4427097.14028],[669234.55085,4427097.14029],[669436.54755,4427202.14439],[669436.54756,4427202.14439],[669524.54926,4427238.13669],[669631.54785,4427293.13609],[669631.54787,4427293.1361],[669772.54746,4427332.13439],[669893.54635,4427400.13249],[669893.54636,4427400.13249],[670046.54696,4427471.13229],[670046.54698,4427471.1323],[670046.547,4427471.1323],[670234.54308,4427469.1295],[670318.53875,4427510.12729],[670443.53955,4427589.12928],[670443.53955,4427589.12929],[670555.53955,4427651.12259],[670555.53955,4427651.12259],[670555.53957,4427651.1226],[670555.53959,4427651.1226],[670555.53961,4427651.1226],[670555.53963,4427651.12259],[670555.53965,4427651.12259],[670852.53311,4427471.12441],[671076.53686,4427559.11789],[671076.53687,4427559.1179],[671395.53027,4427656.1153],[671395.53029,4427656.1153],[671512.52309,4427673.1124],[671512.5231,4427673.1124],[671677.5288,4427676.1088],[671677.52882,4427676.1088],[671757.52702,4427656.1117],[671757.52704,4427656.11169],[671757.52705,4427656.11168],[671806.52695,4427625.10908],[671806.52695,4427625.10908],[671806.52697,4427625.10907],[671871.52517,4427558.11057],[671871.52517,4427558.11057],[671871.52518,4427558.11056],[671947.52577,4427461.11587],[672114.52185,4427312.11329],[672210.52283,4427276.11319],[672391.52343,4427219.114],[672391.52345,4427219.11399],[672553.51815,4427122.11199],[672669.51994,4427063.11249],[672810.51893,4427026.1085],[672810.51893,4427026.1085],[673056.51392,4426948.1065],[673192.5121,4426943.1062],[673192.51211,4426943.1062],[673404.51091,4426924.1029],[673404.51093,4426924.1029],[673483.50963,4426900.1064],[673483.50964,4426900.10639],[673583.50864,4426855.10689],[673583.50866,4426855.10688],[674129.50285,4426477.10239],[674317.49784,4426393.09939],[674317.49785,4426393.09939],[674800.48894,4426135.10159],[674896.48911,4426104.1027],[675011.48649,4426107.1003],[675145.48048,4426138.0995],[675145.4805,4426138.0995],[675145.48052,4426138.0995],[675145.48054,4426138.09949],[675145.48056,4426138.09948],[675145.48057,4426138.09947],[675331.48057,4425934.10087],[675331.48059,4425934.10085],[675400.48078,4425809.10026],[675474.47727,4425716.09687],[675554.47475,4425655.10348],[675667.47314,4425592.10289],[675773.47153,4425548.09919],[676355.46093,4425381.0991],[676355.46094,4425381.09909],[676355.46096,4425381.09908],[676395.46176,4425351.09808],[676395.46178,4425351.09806],[676539.45788,4425172.10226],[676539.45788,4425172.10226],[676539.45789,4425172.10225],[676613.45879,4425028.10005],[676613.45879,4425028.10004],[676653.45545,4424930.10455],[676813.45433,4425042.09898],[676886.45203,4425124.09947],[676886.45203,4425124.09947],[676886.45204,4425124.09948],[676946.45294,4425174.09598],[676946.45296,4425174.09599],[676993.44966,4425194.08989],[676993.44966,4425194.08989],[676993.44967,4425194.0899],[677091.44877,4425220.0944],[677091.44877,4425220.0944],[677091.44879,4425220.0944],[677167.44487,4425231.0957],[677243.44444,4425276.09108],[677267.44652,4425300.09566],[677304.44091,4425355.08965],[677542.43941,4425786.08995],[677542.43941,4425786.08995],[677542.43942,4425786.08996],[677608.43682,4425877.08286],[677608.43682,4425877.08286],[677608.43683,4425877.08287],[677608.43685,4425877.08289],[677608.43687,4425877.08289],[677608.43688,4425877.0829],[677608.4369,4425877.0829],[677608.43692,4425877.0829],[677608.43694,4425877.08289],[677608.43696,4425877.08288],[677608.43697,4425877.08287],[677608.43697,4425877.08287],[677779.43347,4425689.08207],[677779.43347,4425689.08207],[677779.43349,4425689.08205],[677779.4335,4425689.08203],[677825.43449,4425549.08404],[677870.43248,4425466.08575],[677954.43518,4425356.08616],[677954.43518,4425356.08616],[677954.43519,4425356.08614],[678006.43309,4425248.08814],[678006.43309,4425248.08814],[678006.4331,4425248.08812],[678026.4291,4425164.08812],[678026.4291,4425164.08812],[678026.4291,4425164.08811],[678031.4304,4425099.09391],[678031.4304,4425099.09388],[678016.431,4425010.09318],[678016.431,4425010.09318],[678016.43099,4425010.09316],[678016.43098,4425010.09315],[678016.43097,4425010.09313],[678016.43096,4425010.09312],[678016.43094,4425010.09311],[678016.43092,4425010.0931],[677927.43469,4424992.09192],[677912.4307,4424827.09534],[678027.42777,4424702.09617],[678027.42777,4424702.09617],[678027.42778,4424702.09616],[678141.42526,4424542.09559],[678211.42442,4424529.0968],[678211.42442,4424529.0968],[678211.42443,4424529.09679],[678272.42063,4424507.09719],[678272.42063,4424507.09719],[678272.42065,4424507.09719],[678272.42067,4424507.09717],[678396.42057,4424390.09347],[678396.42057,4424390.09347],[678396.42058,4424390.09346],[678494.41948,4424251.09916],[678494.41948,4424251.09916],[678494.41949,4424251.09914],[678512.42499,4424208.09564],[678512.42499,4424208.09564],[678512.425,4424208.09562],[678512.425,4424208.0956],[678510.418,4424141.1],[678510.418,4424141.09997],[678497.41712,4424091.09926],[678575.41994,4424061.09769],[678575.41996,4424061.09768],[678575.41997,4424061.09767],[678575.41999,4424061.09765],[678640.41359,4423948.10285],[678640.41359,4423948.10285],[678640.41359,4423948.10284],[678724.41248,4423760.10236],[678796.41446,4423693.10438],[678893.40585,4423636.10029],[678893.40585,4423636.10029],[678893.40587,4423636.10027],[678893.40588,4423636.10026],[678893.40589,4423636.10024],[678893.4059,4423636.10022],[678893.4059,4423636.1002],[678893.4059,4423636.10018],[678893.40589,4423636.10017],[678835.41121,4423480.10962],[678960.41008,4423313.11236],[678960.41008,4423313.11236],[678960.41009,4423313.11235],[678997.40809,4423240.11075],[678997.40809,4423240.11075],[678997.4081,4423240.11073],[679030.4045,4423118.11583],[679030.4045,4423118.11582],[679052.4111,4422998.11592],[679052.4111,4422998.11592],[679052.4111,4422998.1159],[679045.4061,4422691.12411],[679059.4016,4422621.12473],[679089.40369,4422542.12884],[679174.40189,4422387.13145],[679174.40189,4422387.13144],[679213.40669,4422299.13284],[679213.40669,4422299.13284],[679213.4067,4422299.13282],[679213.4067,4422299.1328],[679218.3992,4422186.1369],[679218.3992,4422186.13688],[679196.4037,4422068.13588],[679196.4037,4422068.13587],[679170.3984,4421970.1398],[679189.39929,4421901.14193],[679210.39869,4421850.14204],[679210.39869,4421850.14204],[679210.3987,4421850.14202],[679210.3987,4421850.14201],[679210.3987,4421850.14199],[679200.396,4421760.14659],[679200.396,4421760.14659],[679200.396,4421760.14657],[679200.39599,4421760.14656],[679157.39709,4421668.14896],[679157.39708,4421668.14894],[679157.39707,4421668.14893],[679157.39705,4421668.14891],[679157.39703,4421668.14891],[679157.39701,4421668.1489],[679157.397,4421668.1489],[678967.4041,4421677.15],[678967.40408,4421677.15],[678967.40406,4421677.15001],[678967.40404,4421677.15002],[678967.40403,4421677.15003],[678800.40572,4421857.14123],[678435.41322,4421249.15821],[678491.41227,4421187.15677],[678491.41227,4421187.15677],[678491.41229,4421187.15675],[678491.4123,4421187.15673],[678491.4123,4421187.15671],[678491.4123,4421187.15669],[678491.41229,4421187.15667],[678418.41029,4420974.16447],[678418.41029,4420974.16445],[678295.41781,4420740.16649],[678337.212,4420606.41693],[678345.41169,4420580.17244],[678488.40719,4420322.17955],[678488.40719,4420322.17955],[678488.40719,4420322.17953],[678488.4072,4420322.17951],[678488.4072,4420322.17949],[678465.4074,4419871.18032],[678713.40069,4419402.19615],[678713.40069,4419402.19615],[678713.40069,4419402.19614],[678773.39719,4419245.20204],[678773.3972,4419245.20202],[678788.3962,4419176.20272],[678788.3962,4419176.20272],[678788.3962,4419176.20269],[678781.3999,4419053.20631],[678802.39519,4418989.20794],[678847.39689,4418901.20985],[678847.39689,4418901.20985],[678847.39689,4418901.20983],[678871.39459,4418835.20853],[678871.39459,4418835.20853],[678871.3946,4418835.20851],[678874.3924,4418801.21281],[678874.3924,4418801.21279],[678874.3924,4418801.21277],[678874.39239,4418801.21275],[678874.39238,4418801.21274],[678705.39888,4418595.21356],[678890.39012,4418551.2151],[678998.39101,4418542.2212],[678998.39103,4418542.2212],[678998.39105,4418542.22119],[679128.38633,4418476.22039],[679278.38682,4418440.2225],[679278.38682,4418440.2225],[679278.38684,4418440.22249],[679278.38686,4418440.22248],[679278.38688,4418440.22246],[679308.38498,4418404.22596],[679308.38498,4418404.22596],[679308.38499,4418404.22595],[679308.38499,4418404.22593],[679308.385,4418404.22591],[679323.3838,4418291.22822],[679341.3811,4418201.22693],[679401.38119,4418065.23504],[679450.38019,4417970.23715],[679524.37658,4417862.23476],[679524.37658,4417862.23476],[679524.37659,4417862.23474],[679524.3766,4417862.23472],[679524.3766,4417862.2347],[679524.3766,4417862.23468],[679524.37659,4417862.23466],[679524.37658,4417862.23465],[679238.38268,4417415.24445],[679238.38267,4417415.24443],[679238.38266,4417415.24442],[679238.38264,4417415.24441],[679238.38262,4417415.2444],[679081.38214,4417387.24571],[678958.38596,4417306.24652],[678904.38947,4417255.25173],[678863.38909,4417202.24465],[678836.3923,4417129.25148],[678829.3879,4417064.25181],[678850.38689,4417003.25444],[678887.38899,4416936.25655],[678887.38899,4416936.25655],[678887.389,4416936.25653],[678887.389,4416936.25651],[678890.3826,4416890.25791],[678890.3826,4416890.25788],[678890.38259,4416890.25786],[678851.3848,4416794.26008],[678844.3884,4416717.2633],[678850.3843,4416653.26531],[678850.3843,4416653.26529],[678843.384,4416586.26509],[678843.384,4416586.26507],[678843.38399,4416586.26506],[678810.38679,4416515.27066],[678810.38679,4416515.27065],[678685.3871,4416301.27487],[678654.3839,4416097.27338],[678654.38389,4416097.27336],[678628.38669,4416034.27626],[678628.38668,4416034.27624],[678550.38798,4415926.28254],[678550.38798,4415926.28254],[678550.38797,4415926.28253],[678510.3873,4415883.28566],[678500.3881,4415752.28481],[678521.38699,4415675.28893],[678567.38359,4415577.29565],[678651.38098,4415472.29716],[678651.38098,4415472.29716],[678651.38098,4415472.29715],[678698.38058,4415397.30015],[678698.38058,4415397.30015],[678698.38059,4415397.30013],[678722.38199,4415327.30213],[678722.38199,4415327.30213],[678722.382,4415327.30212],[678722.382,4415327.3021],[678724.3763,4415237.30132],[678732.37529,4415209.30625],[678803.37677,4415139.30717],[678803.37677,4415139.30717],[678803.37679,4415139.30715],[678866.37078,4415035.31386],[678948.36967,4414943.31958],[679193.36475,4414790.32188],[679193.36476,4414790.32188],[679310.35936,4414706.33158],[679310.35936,4414706.33158],[679310.35937,4414706.33157],[679444.35567,4414582.33677],[679444.35567,4414582.33677],[680059.33817,4413981.36067],[680059.33817,4413981.36067],[680059.33818,4413981.36066],[680059.33819,4413981.36064],[680059.3382,4413981.36062],[680059.3382,4413981.3606],[680059.3382,4413981.36058],[680059.33819,4413981.36056],[680059.33818,4413981.36055],[680059.33817,4413981.36053],[680059.33816,4413981.36052],[680059.33814,4413981.36051],[679883.34084,4413907.35961],[679810.33925,4413870.36461],[679810.33925,4413870.36461],[679810.33922,4413870.3646],[679810.3392,4413870.3646],[679622.34583,4413869.3602],[679559.34665,4413830.35648],[679677.34018,4413695.36457],[679677.34018,4413695.36457],[679677.34019,4413695.36455],[679677.34019,4413695.36454],[679677.3402,4413695.36452],[679677.3402,4413695.3645],[679677.3402,4413695.36448],[679640.34441,4413482.37454],[679710.33867,4413422.36908],[679710.33867,4413422.36908],[679710.33868,4413422.36906],[679710.33869,4413422.36904],[679767.33628,4413288.38168],[679968.32924,4413197.38499],[679968.32924,4413197.38499],[679968.32926,4413197.38498],[680002.32916,4413168.38898],[680002.32916,4413168.38898],[680002.32918,4413168.38896],[680002.32919,4413168.38894],[680002.3292,4413168.38893],[680002.3292,4413168.38891],[680002.3292,4413168.38889],[680002.32919,4413168.38887],[680002.32919,4413168.38885],[680002.32917,4413168.38883],[680002.32916,4413168.38882],[680002.32914,4413168.38881],[680002.32912,4413168.3888],[680002.30262,4413168.3828],[680002.30262,4413168.3828],[680002.3026,4413168.3828],[680002.30258,4413168.3828],[680002.30257,4413168.38281],[680002.30255,4413168.38281],[680002.29258,4413168.38879],[679608.29883,4413064.3837],[677895.34883,4412589.366],[677895.34883,4412589.366],[677876.34793,4412584.3647],[676807.38173,4412288.35],[676807.38172,4412288.35],[676332.39532,4412172.342],[676332.39532,4412172.342],[675175.43062,4411911.3233],[675175.43062,4411911.3233],[675175.4306,4411911.3233],[674835.4776,4411921.3139],[674835.4406,4411921.3139],[674835.4406,4411921.3139],[674442.4912,4411930.3059],[674442.4542,4411930.3059],[674442.4542,4411930.3059],[673409.4987,4411954.2998],[673409.46221,4411954.2978],[673409.4622,4411954.2978],[672704.4976,4411920.2945],[672704.4976,4411920.2945],[672704.46516,4411920.2945],[672700.17129,4411911.29326],[672372.46499,4411224.31446],[672372.46499,4411224.31445],[672366.46449,4411213.31065],[671672.45179,4409830.33786],[671672.45179,4409830.33786],[671672.45178,4409830.33784],[671672.45177,4409830.33782],[671672.45175,4409830.33781],[671672.45173,4409830.33781],[671217.45263,4409678.33601],[671217.45263,4409678.336],[670415.45763,4409427.3383],[670415.45761,4409427.3383],[670368.45631,4409420.3362],[670368.45631,4409420.3362],[670001.48921,4409393.336],[670001.48921,4409393.336],[670001.45671,4409393.334],[670001.45671,4409393.334],[669948.45851,4409390.3353],[669396.46102,4409255.3411],[669396.46102,4409255.3411],[668962.46602,4409150.3446],[668962.46602,4409150.3446],[668889.46842,4409136.3476],[668889.4684,4409136.3476],[668370.5122,4409154.351],[668370.51219,4409154.351],[668370.4752,4409154.353],[667695.3246,4409163.6212],[667641.5204,4409164.3593],[667641.48791,4409164.3568],[667641.48791,4409164.3568],[667573.52381,4409159.3586],[667573.5238,4409159.3586],[667573.4868,4409159.3586],[667573.4868,4409159.3586],[667407.5276,4409166.3623]]]}},{"type":"Feature","properties":{"DPTOCRC":"06","NOMBRE":"VILAMARXANT","ZONA_COD":"0615","DEPARTAMENTO":"VALENCIA ARNAU LLIRIA"},"geometry":{"type":"Polygon","coordinates":[[[696087.63163,4379757.06412],[696087.63163,4379757.06412],[696087.45163,4379757.22212],[696087.45163,4379757.22213],[696087.43913,4379757.23413],[696087.43913,4379757.23413],[696087.43912,4379757.23415],[696087.43911,4379757.23417],[696077.44491,4379784.21037],[696077.44491,4379784.21037],[696077.4449,4379784.21038],[696077.4449,4379784.2104],[696077.4449,4379784.21042],[696077.44491,4379784.21044],[696077.44492,4379784.21046],[696077.44493,4379784.21047],[696077.44494,4379784.21048],[696077.44496,4379784.21049],[696077.48188,4379784.22696],[696077.3119,4379784.80037],[696027.48331,4379953.22997],[695982.48571,4380068.22966],[695982.4857,4380068.22967],[695951.48801,4380172.22797],[695904.48731,4380289.22516],[695879.82161,4380339.78956],[695844.48961,4380412.22216],[695844.48961,4380412.22216],[695844.48961,4380412.22217],[695797.48891,4380539.22377],[695797.4889,4380539.22378],[695786.5369,4380601.94318],[695786.4879,4380602.22168],[695786.4879,4380602.22171],[695786.4899,4380602.25621],[695788.4868,4380639.22231],[695788.48681,4380639.22233],[695792.47391,4380650.22823],[695859.49291,4380835.22013],[695863.3359,4380847.22943],[695934.5838,4381069.88863],[695939.4912,4381085.22653],[695939.49121,4381085.22653],[696018.4902,4381308.23313],[696052.4537,4381442.09822],[696052.4537,4381442.09823],[696052.4762,4381442.17822],[696052.4902,4381442.24371],[696047.488,4381643.24809],[696003.4865,4382025.25529],[696003.4865,4382025.25531],[696003.4865,4382025.25533],[696003.48651,4382025.25534],[696003.48652,4382025.25536],[696003.48653,4382025.25538],[696011.16003,4382031.98708],[696362.48603,4382340.26368],[696362.48604,4382340.26368],[696461.32904,4382419.34098],[696462.48603,4382420.26697],[696556.48943,4382513.26667],[696556.48943,4382513.26667],[696682.49143,4382626.26567],[696760.49162,4382715.27166],[697039.49132,4383074.27956],[697172.49312,4383258.28406],[697534.49731,4383859.29635],[697607.49221,4384024.29664],[697643.34941,4384131.30063],[697663.54381,4384191.56413],[697670.49231,4384212.29853],[697670.49231,4384212.29854],[697729.37011,4384360.90054],[697733.4926,4384371.30673],[697765.4902,4384494.30572],[697839.4865,4385057.31711],[697916.4756,4385873.24471],[697916.4836,4385873.33921],[697916.4836,4385873.33922],[697936.4844,4385955.33632],[697936.48441,4385955.33634],[697936.48442,4385955.33636],[698060.26982,4386116.05756],[698060.26982,4386116.05756],[698060.47882,4386116.32806],[698060.48732,4386116.34006],[698060.48733,4386116.34007],[698060.48735,4386116.34009],[698060.48737,4386116.34009],[698060.48739,4386116.3401],[698060.48741,4386116.3401],[698060.48743,4386116.3401],[698060.48745,4386116.34009],[698060.57345,4386116.29509],[698060.57345,4386116.29509],[698092.48534,4386099.33489],[698136.48531,4386089.3362],[698197.48738,4386094.3366],[698255.48734,4386118.34098],[698285.49041,4386156.34445],[698295.4888,4386195.33661],[698291.4825,4386247.34068],[698268.48691,4386318.34436],[698230.48761,4386395.34546],[698230.48761,4386395.34546],[698230.48761,4386395.34547],[698206.55051,4386461.34157],[698197.48131,4386486.34627],[698197.4813,4386486.34629],[698197.4753,4386486.38929],[698197.4753,4386486.38929],[698186.4832,4386580.34539],[698186.4832,4386580.34539],[698186.4832,4386580.34542],[698195.4815,4386632.34532],[698195.4815,4386632.34532],[698195.48151,4386632.34533],[698195.48151,4386632.34535],[698195.48153,4386632.34537],[698195.48154,4386632.34538],[698226.45174,4386656.32358],[698226.48473,4386656.35208],[698226.48473,4386656.35208],[698226.48475,4386656.35209],[698226.48477,4386656.3521],[698226.49877,4386656.35609],[698272.48716,4386675.35139],[698272.48716,4386675.35139],[698272.48718,4386675.3514],[698357.48398,4386696.3488],[698357.48398,4386696.3488],[698357.484,4386696.3488],[698529.4892,4386698.3458],[698529.48921,4386698.3458],[698614.79961,4386689.417],[698614.79961,4386689.417],[698615.48971,4386689.3455],[698615.48973,4386689.34549],[698691.44263,4386664.36059],[698691.44263,4386664.36059],[698691.44265,4386664.36059],[698691.44267,4386664.36057],[698691.44268,4386664.36056],[698691.44269,4386664.36054],[698691.4427,4386664.36052],[698691.4427,4386664.3605],[698691.4427,4386664.34608],[698788.44522,4386644.346],[698790.48731,4386644.0855],[699054.45521,4386610.3385],[699054.45523,4386610.33849],[699142.45753,4386581.33409],[699142.45754,4386581.33409],[699151.94644,4386577.55529],[699265.4659,4386532.33251],[699316.34447,4386547.2942],[699316.46696,4386547.33119],[699318.18354,4386548.54318],[699340.51544,4386564.32998],[699374.46874,4386588.33158],[699406.66054,4386614.88738],[699454.47103,4386654.32747],[699518.47352,4386727.33217],[699518.47352,4386727.33217],[699518.47354,4386727.33218],[699571.47774,4386768.32668],[699571.47775,4386768.32669],[699604.47655,4386785.33069],[699604.47655,4386785.33069],[699604.47657,4386785.3307],[699604.47659,4386785.3307],[699639.26359,4386789.303],[699639.47859,4386789.3275],[699639.4786,4386789.3275],[699639.47862,4386789.3275],[699639.84512,4386789.254],[699694.48202,4386778.3266],[699694.48205,4386778.32659],[699921.49245,4386663.32229],[699921.49245,4386663.32228],[700096.50155,4386548.31788],[700096.50155,4386548.31788],[700096.50157,4386548.31787],[700174.81057,4386461.30547],[700258.50517,4386368.30907],[700258.50517,4386368.30907],[700258.50518,4386368.30905],[700273.33978,4386345.70245],[700342.50978,4386240.30566],[700361.51206,4386221.30559],[700391.51232,4386210.3033],[700392.27431,4386210.2458],[700603.52161,4386194.2999],[700603.52162,4386194.2999],[700677.52322,4386178.3013],[700677.52322,4386178.3013],[700677.52324,4386178.30129],[700730.52794,4386156.29399],[700730.52794,4386156.29399],[700730.52795,4386156.29398],[700730.52797,4386156.29397],[700774.52877,4386114.29867],[700774.52877,4386114.29867],[700774.52878,4386114.29866],[700825.53038,4386048.29396],[700825.53039,4386048.29394],[700861.53139,4385973.29244],[700861.53139,4385973.29244],[700861.5314,4385973.29243],[700861.6009,4385973.05693],[700861.6009,4385973.05693],[700908.53479,4385813.28794],[700932.53427,4385773.28958],[700963.53393,4385759.2889],[701007.53921,4385750.285],[701058.54077,4385755.2857],[701059.83276,4385755.88969],[701295.54896,4385866.28389],[701295.54896,4385866.28389],[701295.54897,4385866.2839],[701421.59217,4385903.7764],[701574.55947,4385949.2764],[701836.57086,4386043.27569],[702030.72165,4386152.78509],[702031.58165,4386153.27059],[702031.58165,4386153.27059],[702031.58167,4386153.2706],[702031.58169,4386153.2706],[702031.58171,4386153.2706],[702031.58173,4386153.27059],[702031.58175,4386153.27059],[702031.58177,4386153.27057],[702031.58178,4386153.27056],[702080.58418,4386085.26926],[702080.58419,4386085.26925],[702114.21539,4386029.83735],[702134.58358,4385996.26776],[702141.85037,4385988.59417],[702241.58767,4385883.26527],[702241.58767,4385883.26527],[702241.58768,4385883.26526],[702292.58858,4385816.26756],[702292.58859,4385816.26755],[702366.59368,4385689.26516],[702420.59308,4385622.25956],[702420.59308,4385622.25956],[702420.59309,4385622.25955],[702450.59769,4385573.26035],[702450.59769,4385573.26035],[702450.59769,4385573.26033],[702450.5977,4385573.26032],[702459.5803,4385514.38842],[702459.5803,4385514.38842],[702459.5803,4385514.3884],[702459.5803,4385514.36141],[702459.5963,4385514.26142],[702459.5963,4385514.2614],[702464.5976,4385383.26234],[702531.59798,4385298.25896],[702531.59799,4385298.25895],[702531.59799,4385298.25893],[702601.16249,4385088.75273],[702616.60089,4385042.25684],[702649.60348,4384984.25866],[702733.60287,4384892.25527],[702758.48477,4384870.00937],[702818.60587,4384816.25247],[702818.60587,4384816.25247],[702929.61167,4384706.25477],[702929.61167,4384706.25477],[702929.61168,4384706.25476],[703025.61878,4384589.44576],[703049.61607,4384560.24897],[703070.29927,4384542.51918],[703070.61674,4384542.2467],[703130.617,4384542.246],[703130.61701,4384542.246],[703180.61891,4384535.2474],[703180.61894,4384535.24739],[703240.62353,4384512.2476],[703376.62812,4384491.244],[703376.62813,4384491.24399],[703480.62933,4384453.24579],[703480.62933,4384453.24579],[703480.62934,4384453.24579],[703481.42184,4384452.85879],[703481.42184,4384452.85879],[703582.63534,4384403.24509],[703716.63582,4384359.2436],[703793.6317,4384349.2378],[703877.63119,4384353.2404],[703992.01278,4384377.8859],[703993.63278,4384378.2344],[703993.63278,4384378.2344],[703993.6328,4384378.2344],[703993.63282,4384378.2344],[703993.63285,4384378.23439],[703994.18985,4384377.94939],[704075.62903,4384336.2325],[704134.62721,4384328.232],[704168.62777,4384329.2349],[704169.74165,4384329.84939],[704255.62585,4384377.23049],[704255.62587,4384377.2305],[704342.51937,4384403.892],[704343.59037,4384404.2215],[704343.59037,4384404.2215],[704343.62737,4384404.232],[704343.62737,4384404.232],[704343.62739,4384404.232],[704343.62741,4384404.232],[704343.62743,4384404.23199],[704343.62745,4384404.23199],[704343.62747,4384404.23197],[704343.62748,4384404.23196],[704343.62749,4384404.23194],[704343.6275,4384404.23192],[704343.6275,4384404.2319],[704343.6275,4384404.23188],[704343.5865,4384404.03688],[704330.6268,4384342.22859],[704326.6245,4384284.23161],[704339.62458,4384245.23096],[704379.62535,4384215.22929],[704437.54194,4384188.71479],[704515.49574,4384153.02689],[704604.61924,4384112.22529],[704604.61924,4384112.22529],[704604.61926,4384112.22528],[704604.61927,4384112.22527],[704604.61929,4384112.22525],[704623.62029,4384081.22635],[704623.62029,4384081.22635],[704623.62029,4384081.22634],[704623.6203,4384081.22632],[704623.6633,4384080.99882],[704634.6218,4384023.22453],[704677.61998,4383910.22717],[704678.17896,4383909.85668],[704763.61786,4383853.22358],[704763.61787,4383853.22357],[704763.61788,4383853.22356],[704763.61789,4383853.22354],[704774.01369,4383831.81984],[704780.61598,4383818.22326],[704849.61606,4383763.22288],[704849.61606,4383763.22288],[704849.61607,4383763.22287],[704880.61396,4383729.21928],[704954.34255,4383684.97879],[705000.61215,4383657.21739],[705000.61217,4383657.21737],[705049.91467,4383607.15687],[705065.61026,4383591.21908],[705084.83635,4383578.71968],[705085.61031,4383578.21621],[705085.78426,4383578.28169],[705085.78427,4383578.28169],[705128.60975,4383594.21639],[705167.61141,4383629.21375],[705175.5966,4383677.13512],[705175.5966,4383677.13512],[705175.6051,4383677.17812],[705175.6111,4383677.21659],[705175.56011,4383677.37057],[705155.61091,4383737.21356],[705132.61251,4383783.21806],[705132.61251,4383783.21806],[705132.6125,4383783.21808],[705126.6123,4383809.21378],[705126.6123,4383809.2138],[705126.6123,4383809.21381],[705126.6123,4383809.21383],[705126.61231,4383809.21385],[705126.61232,4383809.21386],[705126.61233,4383809.21388],[705141.61173,4383822.21618],[705141.61175,4383822.21619],[705141.61177,4383822.21619],[705141.61178,4383822.2162],[705141.6118,4383822.2162],[705141.61182,4383822.2162],[705169.61182,4383816.2131],[705169.61182,4383816.2131],[705169.61184,4383816.21309],[705169.61185,4383816.21308],[705169.61187,4383816.21307],[705169.61188,4383816.21306],[705209.61248,4383761.21526],[705209.61248,4383761.21526],[705209.61249,4383761.21523],[705233.61009,4383693.21263],[705233.6101,4383693.21262],[705244.607,4383628.21272],[705244.607,4383628.2127],[705244.607,4383628.21268],[705232.6403,4383579.33128],[705232.6403,4383579.33128],[705232.6098,4383579.21278],[705232.60979,4383579.21275],[705232.60977,4383579.21273],[705232.31077,4383578.87473],[705147.60978,4383483.21614],[705108.60799,4383432.21325],[705093.6329,4383386.28897],[705093.63289,4383386.28897],[705093.6084,4383386.21549],[705093.6454,4383385.96151],[705124.609,4383178.21552],[705146.60809,4383109.21544],[705180.60368,4383054.21366],[705211.60537,4383015.21497],[705273.60554,4382970.20919],[705338.55432,4382956.2178],[705338.58332,4382956.2118],[705338.58332,4382956.2118],[705338.6038,4382956.2073],[705413.60027,4382976.2089],[705618.59856,4383048.20249],[705668.59744,4383072.20398],[705685.51582,4383092.10826],[705685.51582,4383092.10827],[705685.58982,4383092.19426],[705685.59979,4383092.20672],[705685.5673,4383092.31717],[705673.59931,4383132.20447],[705636.60111,4383215.20646],[705636.60111,4383215.20646],[705636.6011,4383215.20648],[705626.5991,4383262.20238],[705626.5991,4383262.20238],[705626.5991,4383262.2024],[705626.5991,4383262.20242],[705626.59911,4383262.20243],[705644.59131,4383311.17423],[705644.60131,4383311.20273],[705644.60131,4383311.20273],[705644.60131,4383311.20275],[705644.60132,4383311.20276],[705644.65282,4383311.26426],[705693.60152,4383370.20496],[705693.60152,4383370.20496],[705693.60154,4383370.20498],[705693.60155,4383370.20499],[705732.59915,4383391.20439],[705732.59915,4383391.20439],[705732.59917,4383391.2044],[705732.59919,4383391.2044],[705732.59921,4383391.2044],[705732.6362,4383391.2023],[705795.5987,4383389.2001],[705795.59872,4383389.2001],[705919.59522,4383368.1977],[705919.59523,4383368.1977],[705963.59741,4383355.2002],[706008.5957,4383356.1989],[706008.59572,4383356.1989],[706008.59574,4383356.19889],[706040.59314,4383342.19769],[706040.59316,4383342.19768],[706040.59317,4383342.19767],[706040.59319,4383342.19765],[706040.59319,4383342.19763],[706055.59609,4383299.19763],[706055.5961,4383299.19762],[706055.5961,4383299.1976],[706053.5925,4383238.1974],[706053.5925,4383238.19738],[706053.59249,4383238.19736],[706053.59249,4383238.19735],[706034.59549,4383206.19965],[706034.59549,4383206.19965],[706034.59548,4383206.19964],[706034.59546,4383206.19962],[706034.32896,4383205.97862],[705992.59536,4383171.19822],[705992.59536,4383171.19822],[705992.59535,4383171.19821],[705953.59378,4383149.19893],[705946.59321,4383128.2011],[705946.63019,4383128.09263],[705946.63019,4383128.09263],[705962.59149,4383080.19763],[705962.59149,4383080.19763],[705962.5915,4383080.19761],[705962.5915,4383080.19759],[705960.8589,4383058.34949],[705957.594,4383017.19693],[705973.54758,4382996.25756],[705973.59257,4382996.19857],[706017.59106,4382965.19658],[706017.59106,4382965.19658],[706017.59108,4382965.19656],[706076.58796,4382893.19559],[706264.58693,4382842.1885],[706264.58694,4382842.18849],[706356.58504,4382805.18699],[706356.58504,4382805.18699],[706356.58505,4382805.18699],[706426.58454,4382763.18529],[706529.58044,4382724.18449],[706529.58045,4382724.18448],[706560.09275,4382704.49868],[706560.58215,4382704.18318],[706560.58215,4382704.18318],[706560.58217,4382704.18317],[706560.58218,4382704.18316],[706612.57907,4382628.18217],[706618.83795,4382624.25208],[706655.57805,4382601.18268],[706655.57807,4382601.18267],[706655.57808,4382601.18265],[706685.57608,4382554.18025],[706685.57608,4382554.18025],[706685.57609,4382554.18024],[706707.57469,4382505.17905],[706730.43598,4382470.89286],[706731.57637,4382469.18038],[706787.11464,4382442.13799],[706787.11464,4382442.13799],[706807.60014,4382432.11599],[706807.60464,4382432.11399],[706807.60464,4382432.11399],[706807.60466,4382432.11398],[706807.60467,4382432.11397],[706807.60469,4382432.11395],[706807.60469,4382432.11393],[706914.55449,4382116.17273],[706979.55099,4381949.29334],[706979.551,4381949.29332],[706979.551,4381949.2933],[706979.551,4381949.29328],[706914.3936,4381612.74928],[706850.5588,4381283.04738],[706850.55879,4381283.04736],[706761.43989,4381069.88636],[706743.00739,4381025.80176],[706659.5433,4380826.17567],[706089.5094,4378504.33218],[705932.536,4377423.09019],[705932.536,4377423.09019],[705932.53599,4377423.09017],[705765.4988,4376974.34488],[705765.4983,4376974.34089],[705765.4848,4376974.22189],[705765.4848,4376974.22187],[705765.48479,4376974.22185],[705765.48478,4376974.22184],[705765.48476,4376974.22182],[705765.48475,4376974.22181],[705765.48473,4376974.2218],[705765.48471,4376974.2218],[705765.48469,4376974.2218],[705765.48467,4376974.2218],[705765.48467,4376974.2218],[705765.10117,4376974.3408],[705763.10667,4376974.9593],[705743.46267,4376981.0557],[705678.50167,4377001.2165],[705407.17188,4377066.4791],[704913.51658,4377185.2172],[704913.51657,4377185.2172],[704576.52568,4377279.2141],[704420.52838,4377308.2161],[704420.52838,4377308.2161],[703768.54048,4377471.2158],[703768.54047,4377471.2158],[703752.78267,4377475.6745],[703752.78267,4377475.6745],[703752.76867,4377475.6785],[703731.57217,4377481.6759],[703731.56818,4377481.6769],[703731.56817,4377481.6769],[703676.98157,4377497.1222],[703510.53617,4377544.2186],[703227.52908,4377614.2249],[703227.52907,4377614.2249],[703030.59367,4377677.562],[703028.52508,4377678.2276],[702962.525,4377686.2259],[702785.51961,4377682.2304],[702579.51311,4377666.2357],[702579.5131,4377666.2357],[702579.4396,4377666.2337],[702393.5089,4377659.2359],[702393.50889,4377659.2359],[702114.49839,4377688.2406],[701795.48959,4377708.2387],[701795.48959,4377708.2387],[701209.34939,4377747.1286],[701192.47749,4377748.2468],[701192.47747,4377748.2468],[701183.97777,4377750.5859],[700654.46427,4377896.2527],[700654.46427,4377896.2527],[700256.45567,4378016.2563],[699954.77707,4378103.5328],[699954.76307,4378103.5368],[699954.76307,4378103.5368],[699949.87397,4378104.9508],[699949.86998,4378104.9518],[699949.86997,4378104.9518],[699181.43247,4378327.2614],[698970.42688,4378380.2619],[698970.42687,4378380.2619],[698741.42897,4378455.2597],[698721.59407,4378461.764],[698555.43027,4378516.2574],[698394.42718,4378556.2556],[698394.42718,4378556.2556],[698394.42716,4378556.25561],[698394.41516,4378556.26011],[698394.41516,4378556.26011],[698394.34316,4378556.29061],[698305.24356,4378590.14771],[698244.43036,4378613.25611],[698244.43036,4378613.25611],[697968.43126,4378734.25321],[697968.43126,4378734.25321],[697616.43486,4378899.25111],[697616.43485,4378899.25111],[697582.37305,4378919.24121],[697417.37245,4379016.07681],[697311.43595,4379078.24661],[697270.43506,4379096.24821],[697270.43506,4379096.24821],[697074.43806,4379184.24281],[697074.43805,4379184.24281],[696872.43626,4379299.24011],[696798.43787,4379330.244],[696730.79219,4379339.1956],[696730.43569,4379339.2426],[696730.43566,4379339.24261],[696685.43716,4379357.23771],[696685.43716,4379357.23771],[696685.43715,4379357.23771],[696685.43714,4379357.23772],[696623.50404,4379408.84892],[696595.43614,4379432.23852],[696472.43815,4379519.23611],[696356.10175,4379582.61051],[696349.43925,4379586.23941],[696349.43924,4379586.23942],[696324.70184,4379603.01412],[696262.43644,4379645.23692],[696262.43644,4379645.23692],[696262.43643,4379645.23693],[696205.43664,4379696.23372],[696163.43626,4379724.23321],[696125.59768,4379732.3945],[696112.43718,4379735.2329],[696112.43716,4379735.23291],[696112.43715,4379735.23291],[696112.43713,4379735.23292],[696087.63163,4379757.06412]]]}},{"type":"Feature","properties":{"DPTOCRC":"06","NOMBRE":"VILLAR DEL ARZOBISPO","ZONA_COD":"0616","DEPARTAMENTO":"VALENCIA ARNAU LLIRIA"},"geometry":{"type":"Polygon","coordinates":[[[683196.38608,4386543.41854],[683091.38359,4386367.42105],[682877.38519,4385911.42186],[682877.38519,4385911.42185],[682751.37419,4385661.41575],[682751.37419,4385661.41575],[682221.36629,4384727.42005],[682175.36739,4384632.41566],[682175.36739,4384632.41565],[682021.36259,4384375.41705],[681954.36259,4384249.42045],[681954.36258,4384249.42044],[681892.36018,4384171.42114],[681892.36018,4384171.42113],[681641.35508,4383879.42434],[681458.35358,4383658.42294],[681371.34828,4383552.43024],[681371.34827,4383552.43023],[681163.34379,4383324.42565],[681136.3426,4383178.43008],[681136.34259,4383178.43006],[681088.34429,4383061.43207],[680972.33789,4382713.43317],[680972.33789,4382713.43316],[680938.3359,4382627.43407],[680856.3357,4382211.43179],[680837.3335,4381984.43329],[680837.3335,4381984.43329],[680837.3335,4381984.43327],[680837.33349,4381984.43326],[680629.32379,4381568.43336],[680607.32759,4381523.44126],[680607.32758,4381523.44124],[680581.32528,4381484.43734],[680581.32527,4381484.43732],[680560.32457,4381466.43842],[680560.32457,4381466.43842],[680560.32455,4381466.43841],[680560.32453,4381466.43841],[680560.32451,4381466.4384],[680560.32449,4381466.4384],[680560.32448,4381466.4384],[680560.32446,4381466.43841],[680560.32444,4381466.43842],[680560.32443,4381466.43843],[680560.32442,4381466.43845],[680560.32441,4381466.43846],[680560.3244,4381466.43848],[680535.3259,4381597.43758],[680492.3249,4381779.44537],[680466.32281,4381850.44437],[680466.32281,4381850.44437],[680466.3228,4381850.44438],[680466.3228,4381850.4444],[680466.3228,4381850.44442],[680466.32281,4381850.44444],[680482.32231,4381887.44314],[680482.32231,4381887.44314],[680650.32918,4382258.43489],[680514.32212,4382435.44404],[680514.32212,4382435.44404],[680514.32211,4382435.44405],[680451.32402,4382540.44654],[680338.31662,4382670.45073],[680338.31662,4382670.45073],[680338.31662,4382670.45074],[680252.31502,4382792.45074],[680252.31501,4382792.45076],[680215.31511,4382873.45046],[680215.31511,4382873.45047],[680019.31312,4383415.46134],[679937.31364,4383484.46682],[679841.30484,4383556.46462],[679733.30445,4383618.46351],[679733.30445,4383618.46352],[679709.30625,4383633.46511],[679657.30786,4383655.46281],[679657.30786,4383655.46281],[679657.30784,4383655.46282],[679280.30874,4383938.46502],[679280.30874,4383938.46502],[679280.30873,4383938.46503],[679052.31653,4384160.46673],[678980.31404,4384221.46642],[678980.31404,4384221.46642],[678980.31402,4384221.46644],[678980.31401,4384221.46645],[678973.31813,4384233.46793],[678913.32105,4384272.46601],[678847.31496,4384306.46921],[678579.32097,4384400.46661],[678579.32097,4384400.46661],[678579.32096,4384400.46661],[678385.32456,4384491.46791],[678320.32647,4384512.47],[678320.32645,4384512.47002],[678282.32405,4384536.46662],[678282.32403,4384536.46663],[678221.32753,4384604.47073],[678221.32753,4384604.47073],[678221.32752,4384604.47074],[678166.32752,4384686.46624],[678166.32752,4384686.46624],[678166.32751,4384686.46626],[678118.32752,4384784.46733],[677972.32775,4384878.46642],[677972.32774,4384878.46642],[677922.33256,4384912.4675],[677895.33249,4384916.4715],[677785.3313,4384915.4656],[677785.33128,4384915.4656],[677762.33268,4384919.4696],[677762.33266,4384919.46961],[677762.33264,4384919.46962],[677659.33224,4384990.46562],[677659.33224,4384990.46562],[677659.33223,4384990.46563],[677659.33222,4384990.46564],[677659.33221,4384990.46566],[677659.3322,4384990.46568],[677659.3322,4384990.46569],[677648.3351,4385144.47117],[677521.33722,4385360.46755],[677281.34512,4385689.46644],[677281.34512,4385689.46644],[677281.34511,4385689.46647],[677270.34391,4385720.47087],[677270.3439,4385720.47089],[677263.3445,4385823.46889],[677263.3445,4385823.4689],[677268.3462,4385959.4663],[677268.3462,4385959.46631],[677287.3481,4386092.46721],[677287.3481,4386092.46722],[677288.3516,4386096.46922],[677288.3516,4386096.46922],[677288.35161,4386096.46924],[677311.34651,4386148.47024],[677311.34651,4386148.47024],[677311.34651,4386148.47025],[677374.34661,4386253.46864],[677384.3451,4386280.46761],[677380.3474,4386318.47007],[677370.34512,4386341.46904],[677333.34693,4386380.46692],[677165.34844,4386504.46722],[677165.34844,4386504.46722],[677165.34843,4386504.46723],[677124.34794,4386545.46792],[677082.35207,4386569.4703],[677039.35321,4386573.4657],[676983.34952,4386562.4662],[676983.3495,4386562.4662],[676983.34948,4386562.4662],[676954.35838,4386567.4672],[676954.35838,4386567.4672],[676954.35837,4386567.46721],[676954.35835,4386567.46721],[676885.34975,4386603.46691],[676885.34974,4386603.46692],[676843.35384,4386636.46582],[676843.35384,4386636.46582],[676798.35585,4386672.46761],[676769.35227,4386684.469],[676669.35419,4386695.4664],[676669.35417,4386695.4664],[676601.35707,4386714.4658],[676601.35706,4386714.46581],[676601.35704,4386714.46582],[676601.35703,4386714.46583],[676584.35473,4386733.46672],[676499.35974,4386790.46442],[676499.35974,4386790.46442],[676499.35973,4386790.46443],[676499.35971,4386790.46445],[676427.35692,4386914.46244],[676408.36015,4386932.46381],[676386.36048,4386940.4633],[676338.36009,4386944.4673],[676338.36008,4386944.4673],[676271.36298,4386958.4672],[676271.36297,4386958.46721],[676221.36357,4386976.46511],[676221.36357,4386976.46511],[676221.36354,4386976.46512],[676189.36194,4386998.46652],[676189.36194,4386998.46652],[676189.36193,4386998.46653],[676189.36192,4386998.46654],[676149.36082,4387052.46384],[676149.36082,4387052.46384],[676149.36081,4387052.46386],[676107.35651,4387141.46756],[676107.35651,4387141.46757],[676087.36013,4387200.4663],[676008.3612,4387203.4668],[676008.36118,4387203.4668],[676008.36116,4387203.46681],[676008.36114,4387203.46682],[676008.36113,4387203.46683],[676008.36112,4387203.46684],[676008.36111,4387203.46686],[676008.3611,4387203.46688],[675992.36212,4387269.46712],[675884.36458,4387296.466],[675884.36458,4387296.466],[675884.36456,4387296.46601],[675884.36455,4387296.46601],[675844.36345,4387320.46041],[675844.36343,4387320.46043],[675844.36342,4387320.46044],[675844.36341,4387320.46046],[675757.36492,4387493.46444],[675725.36724,4387525.46641],[675669.36336,4387546.46281],[675669.36336,4387546.46281],[675669.36334,4387546.46282],[675627.37134,4387575.46622],[675627.37133,4387575.46623],[675627.37131,4387575.46625],[675540.36871,4387735.46395],[675540.36871,4387735.46395],[675540.36871,4387735.46396],[675481.36581,4387880.46205],[675436.36772,4387940.46444],[675436.36771,4387940.46445],[675304.37081,4388156.46005],[675304.37081,4388156.46005],[675304.37081,4388156.46006],[675304.3708,4388156.46008],[675260.367,4388352.46367],[675241.36552,4388398.46364],[675036.37055,4388591.46691],[674746.37137,4388682.4606],[674746.37136,4388682.46061],[674736.36886,4388686.46411],[674736.36885,4388686.46412],[674736.36883,4388686.46413],[674736.36882,4388686.46414],[674736.36881,4388686.46416],[674736.3688,4388686.46418],[674736.3688,4388686.4642],[674736.3688,4388686.46422],[674736.36881,4388686.46424],[674736.36882,4388686.46426],[674736.36883,4388686.46427],[674736.36885,4388686.46428],[674736.36885,4388686.46428],[674817.37084,4388737.46328],[674949.36734,4388841.45828],[675092.36453,4388966.45927],[675209.36473,4389087.46077],[675209.36473,4389087.46078],[675300.36433,4389166.45797],[675603.35712,4389530.45796],[675603.35712,4389530.45796],[675603.35714,4389530.45798],[675823.35874,4389691.45848],[675936.35774,4389782.45648],[675936.35774,4389782.45648],[675936.35775,4389782.45649],[676048.35285,4389844.45949],[676165.35395,4389921.45348],[676165.35395,4389921.45348],[676165.35396,4389921.45349],[676300.35246,4389989.45639],[676300.35246,4389989.45639],[676749.34706,4390170.45289],[676749.34708,4390170.4529],[676818.34338,4390183.4512],[676944.34307,4390216.45219],[677072.34176,4390271.45259],[677397.33995,4390415.44989],[677498.33785,4390481.45028],[677498.33785,4390481.45028],[677498.33786,4390481.45029],[677498.33788,4390481.4503],[677557.33637,4390493.449],[677696.33697,4390540.44789],[677696.33697,4390540.4479],[677940.33317,4390613.4457],[677940.33318,4390613.4457],[678485.32967,4390752.447],[678677.32797,4390818.44489],[678677.32797,4390818.44489],[678677.32798,4390818.4449],[678905.3254,4390866.44278],[678929.324,4391335.44361],[678929.324,4391335.44361],[678951.3279,4391568.4371],[678949.325,4391743.4374],[678949.325,4391743.43741],[678961.3261,4391946.43411],[678961.3261,4391946.43411],[678984.3256,4392169.43101],[679011.3261,4392511.43211],[679011.3261,4392511.43211],[679039.3286,4392857.42831],[679039.3286,4392857.42832],[679040.3281,4392862.42931],[679055.3296,4393012.42891],[679055.3296,4393012.42891],[679059.3316,4393048.4349],[679056.3305,4393109.4305],[679056.3305,4393109.4305],[679056.3346,4393116.433],[679056.3346,4393116.43301],[679064.3349,4393179.42711],[679070.3321,4393233.43111],[679070.3321,4393233.43111],[679075.3337,4393277.43411],[679087.3342,4393497.42881],[679087.3342,4393497.42881],[679088.3379,4393512.43231],[679088.3379,4393512.43231],[679108.3411,4393711.43451],[679108.3411,4393711.43451],[679108.34111,4393711.43454],[679119.33941,4393740.43004],[679119.33941,4393740.43004],[679223.34351,4393958.42924],[679223.34351,4393958.42924],[679260.34341,4394033.42914],[679274.34381,4394066.43064],[679274.34381,4394066.43064],[679345.34581,4394228.42894],[679345.34581,4394228.42894],[679360.34631,4394261.43044],[679360.34631,4394261.43044],[679360.34632,4394261.43046],[679513.35062,4394462.42896],[679513.35063,4394462.42897],[679602.35092,4394562.43546],[679719.35732,4394719.43156],[679765.35692,4394786.42836],[679765.35692,4394786.42836],[679995.36312,4395108.43436],[680203.36902,4395420.42906],[680203.36902,4395420.42906],[680271.37702,4395506.43516],[680271.37702,4395506.43516],[680271.37703,4395506.43517],[680275.37063,4395510.43467],[680275.37063,4395510.43467],[680475.37903,4395696.43057],[680475.37903,4395696.43058],[680629.37993,4395830.44177],[680705.38283,4395905.43537],[680854.39112,4396085.43186],[680854.39112,4396085.43186],[681009.33052,4396268.43276],[681588.40332,4396952.43696],[681695.40972,4397097.42896],[681695.40973,4397097.42897],[681835.40943,4397241.43147],[682208.41922,4397687.43436],[682208.41923,4397687.43437],[683721.41383,4399181.40497],[683721.43233,4399181.42347],[683721.43234,4399181.42348],[683778.53684,4399229.89058],[683840.38514,4399282.38228],[683840.43009,4399282.42074],[683799.4174,4399479.43388],[683799.4174,4399479.4339],[683799.4174,4399479.43392],[683799.41741,4399479.43394],[683842.83351,4399571.54734],[683900.28561,4399693.43714],[683900.28561,4399693.43714],[683900.28562,4399693.43716],[683967.40792,4399780.44096],[683967.40792,4399780.44096],[683967.40793,4399780.44097],[684034.40743,4399851.44077],[684034.40743,4399851.44077],[684141.40383,4399950.43937],[684407.38332,4400213.45686],[684549.31181,4400518.34604],[684549.36731,4400518.47104],[684549.36731,4400518.47104],[684549.36732,4400518.47106],[684549.36733,4400518.47107],[684549.36735,4400518.47109],[684728.2854,4400628.42675],[684721.3257,4400820.5468],[684721.3257,4400820.54682],[684721.32571,4400820.54684],[684721.32572,4400820.54685],[684721.32573,4400820.54687],[684721.32574,4400820.54688],[684721.32576,4400820.54689],[684919.39786,4400900.61089],[685072.32996,4400962.48985],[684929.33372,4401230.49704],[684853.33194,4401295.49492],[684853.33194,4401295.49492],[684853.33192,4401295.49494],[684665.32602,4401518.50014],[684665.32602,4401518.50014],[684665.32601,4401518.50015],[684665.32601,4401518.50017],[684612.82381,4401666.50637],[684564.31891,4401803.50185],[684342.31764,4402090.51162],[684231.31667,4402131.50571],[684231.31667,4402131.50571],[684231.31664,4402131.50572],[684084.62544,4402230.00972],[684084.62544,4402230.00972],[683962.31184,4402313.51262],[683962.31184,4402313.51262],[683962.31183,4402313.51263],[683945.30874,4402329.51002],[683860.31115,4402383.51272],[683860.31115,4402383.51272],[683860.31113,4402383.51273],[683860.31112,4402383.51274],[683834.93142,4402420.01324],[683692.29806,4402610.52089],[683522.29971,4402585.5154],[683522.29971,4402585.5154],[683140.30711,4402537.5113],[683140.30709,4402537.5113],[683140.30707,4402537.51131],[683140.30705,4402537.51131],[683001.30295,4402623.51641],[682893.30676,4402678.51831],[682576.30377,4402788.51991],[682576.30377,4402788.51991],[682576.30375,4402788.51991],[682282.29735,4402959.51991],[682205.29626,4402998.52241],[682047.29719,4403043.519],[681909.30031,4403032.5184],[681758.30332,4403008.5204],[681633.30332,4402979.5174],[681633.30332,4402979.5174],[681633.3033,4402979.5174],[681615.2975,4402979.5173],[681615.29748,4402979.5173],[681615.29746,4402979.51731],[681615.29745,4402979.51732],[681536.30156,4403030.51701],[681510.30408,4403037.517],[681447.3041,4403040.5171],[681316.30321,4403026.5095],[681316.30319,4403026.5095],[681316.30317,4403026.5095],[681241.30568,4403048.5095],[681200.3049,4403054.5178],[681140.30323,4403043.5157],[680969.30735,4402955.51631],[680969.30735,4402955.51631],[680969.30733,4402955.5163],[680969.30731,4402955.5163],[680969.30729,4402955.5163],[680969.30727,4402955.51631],[680969.30725,4402955.51631],[680969.30723,4402955.51633],[680969.30722,4402955.51634],[680969.30721,4402955.51636],[680969.3072,4402955.51638],[680969.3072,4402955.5164],[680971.3001,4403308.5187],[680971.3001,4403308.51871],[680981.2927,4403507.52551],[680981.2927,4403507.52553],[681096.2798,4403893.53103],[681096.2798,4403893.53103],[681372.2502,4404782.557],[681150.2482,4405538.55017],[681000.2549,4406014.54517],[681000.2549,4406014.54517],[680909.25801,4406351.53745],[680864.25632,4406409.53744],[680699.26183,4406595.52523],[680309.27613,4407019.51893],[680309.27613,4407019.51893],[680309.27611,4407019.51895],[680309.27611,4407019.51897],[680309.2761,4407019.51899],[680309.2761,4407019.519],[680309.2761,4407019.51902],[680309.27611,4407019.51904],[680373.27201,4407154.52004],[680373.27201,4407154.52005],[680448.27361,4407297.51854],[680570.27251,4407590.51904],[680570.27251,4407590.51905],[680650.27511,4407745.51504],[680727.27601,4407935.51244],[680727.27601,4407935.51244],[680727.27601,4407935.51245],[680827.2708,4408123.51182],[680815.2754,4408302.50999],[680815.2754,4408302.51],[680813.2729,4408359.5051],[680813.2729,4408359.5051],[680812.2738,4408417.5097],[680804.2772,4408787.4977],[680804.2772,4408787.49771],[680814.2801,4408873.4966],[680808.2805,4408971.49559],[680808.2805,4408971.49561],[680851.2853,4409821.48601],[680851.2853,4409821.48601],[680854.2841,4409869.48431],[680854.2841,4409869.48431],[680866.2855,4409961.48571],[680866.2855,4409961.48572],[680910.2813,4410137.48702],[680910.2813,4410137.48702],[680910.28131,4410137.48704],[680942.28311,4410220.48143],[681043.286,4410530.47703],[681043.28601,4410530.47703],[681124.2841,4410757.47543],[681134.2867,4410799.4755],[681129.2856,4410832.47638],[681087.28751,4410969.47257],[681024.29371,4411138.47587],[681024.2937,4411138.47587],[680951.29431,4411373.46457],[680936.29541,4411411.45946],[680936.29541,4411411.45947],[680459.31452,4412855.40284],[680305.32164,4412966.40402],[680059.33534,4413130.38652],[680002.32904,4413168.38882],[680002.32904,4413168.38882],[679968.32915,4413197.38481],[679767.33616,4413288.38151],[679767.33616,4413288.38151],[679767.33614,4413288.38152],[679767.33613,4413288.38153],[679767.33612,4413288.38154],[679767.33611,4413288.38156],[679710.33852,4413422.36894],[679640.34423,4413482.37442],[679640.34423,4413482.37442],[679640.34422,4413482.37444],[679640.34421,4413482.37446],[679640.3442,4413482.37448],[679640.3442,4413482.3745],[679640.3442,4413482.37452],[679677.33999,4413695.36447],[679559.34642,4413830.35643],[679559.34642,4413830.35643],[679559.34641,4413830.35645],[679559.34641,4413830.35647],[679559.3464,4413830.35649],[679559.3464,4413830.35651],[679559.3464,4413830.35652],[679559.34641,4413830.35654],[679559.34642,4413830.35656],[679559.34643,4413830.35657],[679559.34645,4413830.35659],[679622.34575,4413869.36039],[679622.34575,4413869.36039],[679622.34576,4413869.36039],[679622.34578,4413869.3604],[679622.3458,4413869.3604],[679810.33918,4413870.3648],[679883.34075,4413907.35979],[679883.34076,4413907.35979],[680059.33806,4413981.36069],[680059.33806,4413981.36069],[680059.33808,4413981.3607],[680059.3381,4413981.3607],[680059.33812,4413981.3607],[680059.33814,4413981.36069],[680059.33815,4413981.36069],[680059.33817,4413981.36067],[680133.33436,4413914.36798],[680254.33094,4413848.36909],[680387.32834,4413793.37799],[680387.32834,4413793.37799],[680387.32836,4413793.37798],[680500.32156,4413718.37818],[680500.32156,4413718.37818],[680500.32157,4413718.37817],[680566.32247,4413658.38127],[680566.32247,4413658.38127],[680566.32248,4413658.38126],[680566.32249,4413658.38125],[680566.32249,4413658.38123],[680626.31757,4413476.39072],[680759.31608,4413508.3894],[680759.3161,4413508.3894],[680845.3135,4413506.3904],[680845.31352,4413506.3904],[680943.31199,4413490.3955],[681079.30857,4413538.39719],[681079.30859,4413538.3972],[681079.3086,4413538.3972],[681171.3063,4413534.3948],[681255.30139,4413542.3955],[681255.30142,4413542.3955],[681420.29622,4413514.3992],[681420.29623,4413514.39919],[681420.29625,4413514.39919],[681420.29626,4413514.39918],[681611.29486,4413352.40898],[681611.29487,4413352.40897],[681880.28713,4413087.42391],[682207.27968,4413149.4244],[682207.27968,4413149.4244],[682207.2797,4413149.4244],[682207.27972,4413149.4244],[682207.27974,4413149.42439],[682207.27975,4413149.42439],[682207.27977,4413149.42437],[682450.27102,4412927.43772],[682639.26525,4413025.43649],[682639.26525,4413025.43649],[682639.26527,4413025.4365],[682639.26529,4413025.4365],[682639.26531,4413025.4365],[682779.26267,4413005.44081],[683129.25544,4413278.43718],[683129.25544,4413278.43718],[683242.25389,4413361.43744],[683202.259,4413554.42488],[683202.259,4413554.4249],[683202.259,4413554.42492],[683202.25901,4413554.42494],[683202.25901,4413554.42495],[683202.25903,4413554.42497],[683202.25904,4413554.42498],[683202.25906,4413554.42499],[683202.25907,4413554.425],[683202.25909,4413554.425],[683202.25911,4413554.425],[683202.25913,4413554.425],[683202.25915,4413554.42499],[683202.25915,4413554.42499],[683315.25614,4413492.4319],[683251.2598,4413732.42497],[683251.2598,4413732.42497],[683251.2598,4413732.425],[683251.2598,4413732.42502],[683262.258,4413797.42172],[683262.25801,4413797.42173],[683262.25801,4413797.42175],[683262.25802,4413797.42176],[683319.25732,4413870.41896],[683319.25732,4413870.41896],[683319.25733,4413870.41897],[683365.25863,4413918.41687],[683365.25863,4413918.41687],[683365.25865,4413918.41688],[683365.25867,4413918.41689],[683365.25869,4413918.4169],[683423.25279,4413925.4195],[683423.2528,4413925.4195],[683559.2531,4413926.4192],[683559.25312,4413926.4192],[683591.2503,4413921.4189],[683657.24727,4413932.421],[683696.24894,4413952.42388],[683798.24573,4414044.42437],[683798.24573,4414044.42437],[683798.24575,4414044.42439],[683830.24745,4414061.42009],[683830.24745,4414061.42009],[683830.24748,4414061.4201],[683967.24557,4414096.4241],[684025.24875,4414118.41709],[684055.24764,4414138.41748],[684087.24963,4414171.42387],[684211.24782,4414323.41306],[684211.24782,4414323.41306],[684211.24783,4414323.41307],[684389.23963,4414487.40697],[684389.23963,4414487.40697],[684389.23964,4414487.40698],[684567.24314,4414619.40258],[684567.24315,4414619.40258],[684663.24475,4414682.39898],[684663.24477,4414682.39899],[684699.24797,4414694.39769],[684699.24798,4414694.3977],[684836.24596,4414724.40069],[684857.24634,4414736.39528],[684893.24182,4414777.39476],[684968.24421,4414921.39215],[684968.24421,4414921.39215],[684968.24422,4414921.39216],[685018.24822,4414980.38836],[685018.24822,4414980.38836],[685018.24823,4414980.38838],[685210.24323,4415147.38267],[685275.24662,4415216.37307],[685318.24662,4415271.37586],[685348.24161,4415321.37385],[685387.24391,4415406.37234],[685387.24391,4415406.37234],[685387.24392,4415406.37236],[685424.24342,4415461.37366],[685424.24342,4415461.37366],[685424.24343,4415461.37368],[685502.24323,4415529.36848],[685502.24324,4415529.36848],[685600.24373,4415603.36617],[685661.24122,4415682.36046],[685661.24122,4415682.36046],[685661.24123,4415682.36047],[685694.24253,4415712.36227],[685694.24253,4415712.36227],[685694.24254,4415712.36228],[685745.24134,4415746.35788],[685745.24134,4415746.35788],[685745.24136,4415746.35789],[685853.24006,4415788.35639],[685853.24006,4415788.35639],[685853.24008,4415788.3564],[686043.23937,4415823.356],[686092.23546,4415840.35589],[686294.24056,4415939.35049],[686294.24056,4415939.35049],[686294.24057,4415939.3505],[686349.23717,4415955.3484],[686349.23717,4415955.3484],[686349.23719,4415955.3484],[686403.23809,4415958.347],[686403.23811,4415958.347],[686459.23801,4415954.3518],[686459.23802,4415954.3518],[686619.2382,4415929.3534],[686669.23769,4415932.3514],[686712.23336,4415941.35659],[686750.23555,4415962.35369],[686750.23555,4415962.35369],[686750.23557,4415962.35369],[686864.23466,4416003.34919],[686925.23174,4416037.35028],[687098.23324,4416172.34238],[687356.23074,4416391.33368],[687356.23074,4416391.33368],[687436.23324,4416448.32708],[687436.23325,4416448.32709],[687536.22845,4416503.32569],[687536.22846,4416503.32569],[687801.22476,4416619.32349],[688322.22336,4416878.31149],[688322.22336,4416878.31149],[688322.22338,4416878.3115],[688530.22498,4416919.3103],[688530.22499,4416919.3103],[688657.22089,4416927.3082],[688657.22091,4416927.3082],[688657.22093,4416927.3082],[688657.22094,4416927.30819],[688712.22154,4416901.31199],[688712.22154,4416901.31199],[688712.22156,4416901.31198],[688900.21786,4416770.31218],[688900.21786,4416770.31218],[689927.20995,4415922.33998],[690417.20604,4415678.35099],[690417.20604,4415678.35099],[690417.20606,4415678.35098],[690417.20607,4415678.35097],[690417.20608,4415678.35096],[691249.19328,4414450.39236],[691249.19328,4414450.39236],[691249.1933,4414450.39233],[691353.192,4414118.40853],[691392.18899,4414002.41076],[691410.19077,4413985.41287],[691410.19077,4413985.41287],[691467.18947,4413930.41347],[691467.18948,4413930.41345],[691500.18638,4413879.41575],[691500.18639,4413879.41574],[691500.1864,4413879.41572],[691509.18919,4413843.42374],[691561.18278,4413763.42166],[691600.18467,4413719.42557],[691600.18467,4413719.42557],[691600.18468,4413719.42556],[691629.18368,4413675.42606],[691629.18369,4413675.42605],[691697.18439,4413554.42655],[691697.18439,4413554.42654],[691753.17919,4413432.43165],[691975.17868,4413074.44767],[692038.17836,4413026.45178],[692038.17836,4413026.45178],[692038.17837,4413026.45177],[692038.17838,4413026.45176],[692098.17978,4412935.45186],[692098.17979,4412935.45184],[692118.17579,4412890.45294],[692118.17579,4412890.45294],[692118.1758,4412890.45292],[692139.17959,4412808.45624],[692161.17468,4412775.46186],[692194.17566,4412741.46188],[692228.17584,4412722.45509],[692265.17493,4412711.457],[692265.17493,4412711.457],[692265.17495,4412711.45699],[692265.17497,4412711.45697],[692265.17498,4412711.45696],[692304.17228,4412654.46087],[692346.17616,4412618.46418],[692407.17295,4412580.46439],[692587.16925,4412480.46569],[692587.16925,4412480.46569],[692587.16926,4412480.46568],[692628.16976,4412447.46688],[692628.16976,4412447.46688],[692628.16978,4412447.46686],[692652.16388,4412417.46676],[692652.16389,4412417.46674],[692663.16959,4412395.46604],[692663.1696,4412395.46603],[692676.16969,4412345.46793],[692815.16428,4412033.48056],[692839.16645,4412008.47919],[692893.16333,4411991.4805],[692893.16335,4411991.48048],[692941.16375,4411961.47988],[692941.16375,4411961.47988],[692941.16377,4411961.47987],[692941.16378,4411961.47985],[692941.16379,4411961.47983],[692950.16249,4411935.48123],[692950.16249,4411935.48123],[692950.1625,4411935.48121],[692952.1612,4411899.48331],[692952.1612,4411899.48329],[692948.163,4411867.48269],[692948.163,4411867.48267],[692912.163,4411745.49307],[692901.1608,4411705.49147],[692901.16079,4411705.49145],[692901.16078,4411705.49144],[692901.16076,4411705.49142],[692888.16031,4411695.49566],[692910.16309,4411615.49574],[692948.16487,4411539.50048],[692964.1637,4411533.49721],[693033.16057,4411556.49729],[693033.16057,4411556.49729],[693033.16059,4411556.4973],[693033.16061,4411556.4973],[693033.16063,4411556.4973],[693033.16065,4411556.49729],[693033.16066,4411556.49728],[693033.16068,4411556.49726],[693033.16069,4411556.49724],[693033.1607,4411556.49723],[693033.1607,4411556.49723],[693043.16308,4411518.49619],[693067.1608,4411515.4958],[693110.16049,4411518.4949],[693190.15877,4411536.4913],[693256.15716,4411561.49189],[693256.15716,4411561.49189],[693256.15718,4411561.4919],[693300.15978,4411571.4914],[693300.15978,4411571.4914],[693300.1598,4411571.4914],[693300.15982,4411571.4914],[693335.15602,4411563.4893],[693335.15602,4411563.4893],[693335.15604,4411563.48929],[693335.15606,4411563.48928],[693361.15736,4411544.48738],[693361.15736,4411544.48738],[693361.15738,4411544.48736],[693413.15668,4411475.48506],[693413.15668,4411475.48506],[693413.15669,4411475.48505],[693462.16298,4411380.48587],[693476.15944,4411371.4872],[693524.16202,4411363.4847],[693524.16202,4411363.4847],[693524.16204,4411363.48469],[693524.16206,4411363.48468],[693524.16207,4411363.48467],[693524.16208,4411363.48465],[693541.16125,4411336.4855],[693574.16379,4411338.4838],[693574.16381,4411338.4838],[693574.16383,4411338.4838],[693640.16513,4411317.4821],[693640.16515,4411317.48209],[693640.16516,4411317.48208],[693640.16518,4411317.48206],[693640.16519,4411317.48205],[693640.16519,4411317.48203],[693649.16849,4411290.48543],[693649.16849,4411290.48543],[693649.1685,4411290.48541],[693649.1685,4411290.4854],[693649.1685,4411290.48538],[693644.16691,4411266.48315],[693687.16835,4411243.48339],[693687.16837,4411243.48338],[693687.16838,4411243.48336],[693687.16839,4411243.48334],[693695.16819,4411224.48174],[693695.16819,4411224.48174],[693695.1682,4411224.48172],[693695.1682,4411224.4817],[693695.1682,4411224.48169],[693695.1682,4411224.48167],[693690.1711,4411208.48277],[693690.1711,4411208.48277],[693690.17109,4411208.48275],[693690.17108,4411208.48274],[693690.17106,4411208.48272],[693690.17105,4411208.48271],[693676.17005,4411200.48551],[693676.17005,4411200.48551],[693676.17003,4411200.4855],[693623.17024,4411186.48661],[693597.16789,4411169.48274],[693591.1673,4411136.4875],[693598.1635,4411111.48353],[693598.1635,4411111.48353],[693598.1635,4411111.48351],[693598.1635,4411111.48348],[693594.1659,4411088.49058],[693594.16589,4411088.49056],[693594.16588,4411088.49055],[693594.16587,4411088.49053],[693594.16586,4411088.49052],[693576.16332,4411075.48447],[693585.16667,4411053.48649],[693613.16762,4411048.485],[693613.16764,4411048.48499],[693613.16765,4411048.48498],[693613.16767,4411048.48497],[693613.16768,4411048.48496],[693613.16769,4411048.48494],[693613.1677,4411048.48492],[693613.1677,4411048.4849],[693613.1677,4411048.48488],[693597.16421,4410978.48693],[693619.16897,4410956.48457],[693619.16897,4410956.48457],[693619.16898,4410956.48455],[693619.16899,4410956.48454],[693619.169,4410956.48451],[693619.169,4410956.48449],[693618.1695,4410940.48809],[693618.1695,4410940.48808],[693618.16949,4410940.48806],[693606.1676,4410913.48337],[693597.1643,4410862.4883],[693601.16649,4410842.48585],[693641.16946,4410808.48818],[693641.16946,4410808.48818],[693641.16948,4410808.48816],[693641.16949,4410808.48814],[693641.1695,4410808.48812],[693641.1695,4410808.4881],[693641.1695,4410790.4901],[693641.1695,4410790.49008],[693641.16949,4410790.49007],[693641.16949,4410790.49005],[693631.16669,4410773.48386],[693627.1691,4410752.48799],[693629.1677,4410721.48361],[693629.1677,4410721.48358],[693602.17041,4410598.48554],[693626.16976,4410580.48318],[693626.16976,4410580.48318],[693626.16977,4410580.48317],[693626.16979,4410580.48315],[693626.16979,4410580.48313],[693626.1698,4410580.48311],[693626.1698,4410580.48309],[693626.1698,4410580.48307],[693613.1644,4410534.4855],[693631.17109,4410467.48735],[693665.16937,4410429.48387],[693665.16939,4410429.48385],[693665.16939,4410429.48383],[693692.17109,4410352.48703],[693692.1711,4410352.487],[693694.1702,4410308.48563],[693732.17418,4410238.48655],[693779.17358,4410174.48577],[693796.17675,4410158.48449],[693851.18033,4410142.4884],[693851.18033,4410142.4884],[693851.18034,4410142.48839],[693903.18084,4410117.48539],[693903.18084,4410117.48539],[693903.18085,4410117.48538],[693962.17775,4410080.47528],[693962.17777,4410080.47527],[693982.17957,4410058.47947],[693982.17957,4410058.47947],[693982.17959,4410058.47945],[693982.1796,4410058.47943],[694000.18238,4409989.48379],[694132.18892,4409967.4816],[694132.18894,4409967.48159],[694132.18896,4409967.48158],[694153.19036,4409953.47518],[694153.19037,4409953.47517],[694153.19039,4409953.47515],[694186.18927,4409899.47717],[694235.19575,4409869.47679],[694235.19575,4409869.47679],[694235.19577,4409869.47677],[694235.19578,4409869.47676],[694235.19579,4409869.47674],[694235.1958,4409869.47672],[694248.193,4409801.47712],[694248.193,4409801.4771],[694248.193,4409801.47709],[694242.1964,4409761.47979],[694243.1916,4409708.47551],[694250.19249,4409681.47694],[694259.19135,4409669.4733],[694281.19209,4409668.4754],[694316.19347,4409676.47409],[694380.19986,4409708.47269],[694380.19986,4409708.47269],[694380.19988,4409708.4727],[694380.1999,4409708.4727],[694380.19992,4409708.4727],[694431.20138,4409699.4712],[694445.2018,4409706.47476],[694448.2002,4409766.4705],[694448.2002,4409766.47052],[694454.2009,4409795.47032],[694454.20091,4409795.47034],[694466.20271,4409819.47254],[694466.20271,4409819.47254],[694466.20272,4409819.47256],[694466.20274,4409819.47258],[694466.20275,4409819.47259],[694488.20315,4409831.47509],[694488.20315,4409831.47509],[694488.20317,4409831.47509],[694488.20319,4409831.4751],[694488.2032,4409831.4751],[694488.20322,4409831.4751],[694507.20542,4409827.4712],[694507.20544,4409827.47119],[694507.20546,4409827.47118],[694507.20547,4409827.47117],[694551.20637,4409780.46837],[694551.20637,4409780.46837],[694551.20639,4409780.46835],[694551.20639,4409780.46833],[694551.2064,4409780.46831],[694551.2064,4409780.46829],[694550.2069,4409765.47089],[694550.2069,4409765.47087],[694550.20689,4409765.47085],[694550.20688,4409765.47083],[694550.20686,4409765.47082],[694531.20925,4409751.47129],[694573.20707,4409707.46967],[694652.20986,4409646.46818],[694652.20986,4409646.46818],[694652.20988,4409646.46817],[694652.20989,4409646.46815],[694652.2099,4409646.46813],[694652.2099,4409646.46811],[694652.2099,4409646.46809],[694652.2099,4409646.46807],[694645.20971,4409622.46781],[694652.21008,4409608.46777],[694755.21234,4409548.46519],[694783.21403,4409537.4612],[694911.21921,4409509.4641],[694943.22248,4409509.4634],[695093.22756,4409572.46109],[695440.24125,4409743.45099],[695786.25095,4409932.44539],[695786.25095,4409932.44539],[695786.25097,4409932.4454],[695786.25099,4409932.4454],[695786.25101,4409932.4454],[695786.25103,4409932.4454],[695786.25105,4409932.44539],[695786.25107,4409932.44538],[695786.25108,4409932.44536],[695786.25109,4409932.44534],[695786.2511,4409932.44533],[695786.2511,4409932.44531],[695874.2687,4408415.44501],[695921.2742,4408165.44492],[695921.2742,4408165.44491],[695930.274,4408104.44331],[695953.2752,4407955.44712],[695953.2752,4407955.44711],[696010.2818,4407438.43921],[696030.2843,4407309.44142],[696030.2843,4407309.44141],[696045.2865,4407060.44602],[696064.28919,4407013.44366],[696359.30387,4406706.43847],[696359.30388,4406706.43845],[696359.30389,4406706.43844],[696359.3039,4406706.43842],[696359.3039,4406706.4384],[696359.3039,4406706.43838],[696353.3033,4406681.4345],[696372.3061,4406587.43923],[696420.30669,4406442.43784],[696503.31748,4406306.43466],[696544.31698,4406252.42976],[696544.31699,4406252.42974],[696598.32228,4406141.43566],[696630.32217,4406106.43047],[696630.32217,4406106.43047],[696630.32219,4406106.43045],[696630.3222,4406106.43043],[696670.32689,4405984.43215],[696714.32447,4405937.42977],[696714.32449,4405937.42975],[696714.32449,4405937.42973],[696714.3245,4405937.42971],[696714.3245,4405937.42969],[696714.3245,4405937.42967],[696714.32449,4405937.42965],[696714.32448,4405937.42964],[696714.32446,4405937.42962],[696714.32445,4405937.42961],[696714.32443,4405937.4296],[696677.32782,4405926.43443],[696756.33439,4405607.43264],[696870.34228,4405434.42336],[696948.34788,4405330.42546],[696948.34788,4405330.42546],[696948.34789,4405330.42544],[696948.3479,4405330.42543],[696948.3479,4405330.42541],[696948.3479,4405330.42539],[696948.3479,4405330.42537],[696948.34789,4405330.42535],[696948.34788,4405330.42534],[696948.34786,4405330.42532],[696948.34785,4405330.42531],[696948.34783,4405330.42531],[696948.34781,4405330.4253],[696948.34779,4405330.4253],[696948.34778,4405330.4253],[696948.29078,4405330.4393],[696948.29078,4405330.4393],[696926.17298,4405335.9739],[694678.22358,4405898.4754],[694133.19638,4406029.2913],[694128.1971,4406030.4914],[693410.16845,4405820.50451],[692796.47697,4405268.10353],[692729.17977,4405207.52093],[692729.11827,4405207.46143],[692729.11827,4405207.46143],[692201.19617,4404698.53153],[692091.19227,4404584.53343],[692091.19227,4404584.53343],[691534.20137,4404041.54603],[691178.34787,4403642.69503],[691178.34787,4403642.69503],[691178.21288,4403642.54554],[691151.04248,4403604.74594],[690723.22138,4403009.55454],[690460.22558,4402643.55884],[690274.22908,4402383.55624],[690274.22908,4402383.55624],[690162.22938,4402235.55854],[689951.22988,4401954.55584],[689630.48468,4401526.58624],[689604.23128,4401491.55734],[689604.23128,4401491.55734],[689604.23127,4401491.55732],[689604.23125,4401491.55731],[689334.90025,4401344.03021],[688976.20659,4401147.50303],[688874.1779,4400670.62659],[688857.2296,4399992.49621],[689137.2355,4399049.67533],[689137.2355,4399049.67532],[689137.256,4399049.57082],[689137.256,4399049.5708],[689137.256,4399049.57078],[689137.25599,4399049.57076],[689137.25598,4399049.57074],[689137.25597,4399049.57073],[689137.25596,4399049.57072],[689137.25594,4399049.57071],[689137.25594,4399049.57071],[689137.20301,4399049.54824],[689474.227,4397309.60742],[689474.2395,4397309.54792],[689474.2395,4397309.54791],[689485.2385,4397231.54781],[689485.2385,4397231.5478],[689486.2147,4397162.0082],[689487.2439,4397088.5462],[689488.2436,4397076.54721],[689532.2513,4396594.54575],[689532.30077,4396594.49877],[689532.30077,4396594.49877],[689532.30078,4396594.49876],[689532.30079,4396594.49874],[689532.3008,4396594.49873],[689532.3008,4396594.49871],[689721.301,4394624.67001],[689721.301,4394624.67],[689761.3283,4393117.48061],[689796.3351,4392717.47411],[689796.3351,4392717.4741],[689785.32671,4392427.51385],[689785.36556,4392427.53029],[689785.36558,4392427.5303],[689785.3656,4392427.5303],[689785.36562,4392427.5303],[689785.36564,4392427.53029],[689785.36566,4392427.53028],[689785.36567,4392427.53027],[689785.36568,4392427.53026],[689785.36569,4392427.53024],[689785.3657,4392427.53022],[689785.3657,4392427.5302],[689785.3657,4392427.53018],[689785.36569,4392427.53016],[689785.36568,4392427.53014],[689785.32468,4392427.47064],[689695.36468,4392293.53015],[689311.37249,4391670.52285],[689311.37249,4391670.52285],[689311.37247,4391670.52283],[689311.37246,4391670.52282],[689311.37244,4391670.52281],[689230.36946,4391639.52681],[689195.36908,4391602.52564],[689132.36949,4391493.52545],[689091.36999,4391402.52296],[689062.372,4391321.52248],[689056.3765,4391261.5167],[689079.3761,4390943.51191],[689102.3816,4390772.50693],[689179.38439,4390621.50515],[689179.3844,4390621.50512],[689179.3844,4390621.5051],[689179.3815,4390547.50122],[689255.39009,4390383.50384],[689255.39009,4390383.50384],[689255.3901,4390383.50382],[689263.3862,4390350.49562],[689263.3862,4390350.4956],[689267.3904,4390166.4956],[689267.3904,4390166.49559],[689259.3883,4390070.49389],[689259.3883,4390070.49388],[689237.3946,4389937.49261],[689305.39529,4389782.48804],[689305.39529,4389782.48804],[689305.3953,4389782.48802],[689305.3953,4389782.48801],[689305.3953,4389782.48799],[689305.3953,4389782.48797],[689305.39529,4389782.48795],[689278.39889,4389732.48335],[689278.39888,4389732.48335],[689171.4006,4389568.48187],[689160.4086,4389467.48489],[689160.4086,4389467.48487],[689160.40859,4389467.48486],[689160.40858,4389467.48484],[689127.39988,4389419.48254],[689127.39988,4389419.48254],[689127.39987,4389419.48253],[689127.39986,4389419.48252],[688966.40446,4389304.47512],[688966.40446,4389304.47512],[688966.40445,4389304.47511],[688944.40515,4389292.47711],[688944.40515,4389292.47711],[688944.40513,4389292.4771],[688872.40603,4389270.47651],[688307.40744,4389034.46341],[688307.40743,4389034.46341],[688183.41014,4388991.46341],[688038.40844,4388930.46141],[688038.40843,4388930.4614],[687931.41333,4388896.4628],[687931.41332,4388896.4628],[687761.40942,4388853.4604],[687761.40942,4388853.4604],[687572.41193,4388813.4564],[687464.41334,4388772.44971],[687464.41333,4388772.4497],[687400.41353,4388753.4538],[687400.41353,4388753.4538],[687400.4135,4388753.4538],[686949.4112,4388745.4518],[686949.4112,4388745.4518],[686706.4077,4388756.4431],[686319.40991,4388753.4433],[686273.41203,4388742.4387],[686232.41114,4388726.44111],[685836.41075,4388499.43191],[685672.41166,4388390.43062],[685600.41237,4388318.42963],[685600.41237,4388318.42963],[685600.41236,4388318.42962],[685437.41206,4388195.43422],[685437.41206,4388195.43422],[685100.41366,4387964.42022],[685100.41365,4387964.42021],[684979.41356,4387891.42202],[684831.41287,4387752.41733],[684831.41286,4387752.41732],[684721.41016,4387665.41862],[684721.41016,4387665.41862],[684518.41206,4387525.41012],[684374.40736,4387417.41042],[684268.40866,4387327.41342],[684268.40866,4387327.41342],[684268.40865,4387327.41341],[684196.40375,4387286.41291],[684014.40245,4387172.41672],[684014.40245,4387172.41671],[683932.39885,4387123.41681],[683896.39856,4387101.41512],[683690.39386,4386951.41522],[683323.38466,4386648.41892],[683323.38466,4386648.41892],[683242.38926,4386587.41732],[683196.38608,4386543.41854]]]}},{"type":"Feature","properties":{"DPTOCRC":"06","NOMBRE":"PEDRALBA","ZONA_COD":"0617","DEPARTAMENTO":"VALENCIA ARNAU LLIRIA"},"geometry":{"type":"Polygon","coordinates":[[[697643.34959,4384131.30057],[697607.49239,4384024.29657],[697607.49239,4384024.29656],[697534.49749,4383859.29626],[697534.49749,4383859.29626],[697534.49749,4383859.29625],[697172.49329,4383258.28395],[697172.49328,4383258.28394],[697039.49148,4383074.27944],[697039.49148,4383074.27944],[696760.49178,4382715.27154],[696760.49178,4382715.27153],[696682.49158,4382626.26553],[696682.49157,4382626.26553],[696556.48957,4382513.26653],[696462.48617,4382420.26683],[696462.48617,4382420.26683],[696462.48616,4382420.26682],[696461.32916,4382419.34082],[696362.48616,4382340.26352],[696011.16017,4382031.98692],[696003.48671,4382025.25526],[696047.4882,4381643.24811],[696047.4882,4381643.2481],[696052.4904,4381442.2437],[696052.4904,4381442.24368],[696052.4764,4381442.17818],[696052.4764,4381442.17817],[696052.4539,4381442.09817],[696018.4904,4381308.23308],[696018.49039,4381308.23307],[695939.49139,4381085.22647],[695934.584,4381069.88857],[695863.3361,4380847.22937],[695859.4931,4380835.22007],[695859.49309,4380835.22007],[695792.47409,4380650.22817],[695788.487,4380639.22228],[695786.4901,4380602.25619],[695786.4901,4380602.25619],[695786.4881,4380602.22171],[695786.5371,4380601.94322],[695786.5371,4380601.94322],[695797.4891,4380539.22383],[695844.48979,4380412.22224],[695879.82179,4380339.78964],[695904.48749,4380289.22524],[695904.48749,4380289.22524],[695951.48819,4380172.22804],[695951.4882,4380172.22803],[695982.48589,4380068.22973],[696027.48349,4379953.23004],[696027.4835,4379953.23003],[696077.3121,4379784.80043],[696077.4821,4379784.22693],[696077.4821,4379784.22691],[696077.4821,4379784.22689],[696077.48209,4379784.22687],[696077.48209,4379784.22685],[696077.48207,4379784.22683],[696077.48206,4379784.22682],[696077.48204,4379784.22681],[696077.44504,4379784.21031],[696077.44504,4379784.21031],[695822.48304,4379671.23251],[695822.48304,4379671.23251],[695786.44614,4379656.02251],[695251.47114,4379430.23011],[695251.47113,4379430.2301],[695024.47353,4379359.23381],[694989.47283,4379346.23131],[694989.47283,4379346.23131],[694813.47464,4379283.23461],[694622.46884,4379199.23151],[694622.46883,4379199.23151],[694526.47023,4379165.23041],[694526.47023,4379165.23041],[694462.47384,4379143.23081],[694138.47064,4379003.23261],[694138.47064,4379003.23261],[693942.46834,4378928.23531],[693942.46834,4378928.23531],[693942.46832,4378928.2353],[693883.46982,4378919.233],[693883.4698,4378919.233],[693883.46978,4378919.233],[693883.46976,4378919.23301],[693883.46974,4378919.23302],[693883.45524,4378919.24302],[693883.45524,4378919.24302],[693804.46994,4378975.23582],[693661.47085,4379064.23262],[693661.47084,4379064.23262],[693386.47074,4379272.23692],[693246.46955,4379357.23771],[692987.47206,4379483.24101],[692670.47056,4379623.24041],[692670.47056,4379623.24041],[691753.47216,4380075.24701],[691753.47215,4380075.24701],[691682.47225,4380117.25001],[691510.47306,4380191.25401],[691510.47305,4380191.25401],[691367.47375,4380266.25511],[691367.47375,4380266.25511],[691295.47435,4380309.25111],[691295.47435,4380309.25111],[691295.47434,4380309.25112],[691227.47704,4380367.25312],[691149.47265,4380407.25721],[691149.47265,4380407.25722],[691083.47386,4380449.25821],[691083.46988,4380449.2592],[690961.47089,4380472.2585],[690961.4299,4380472.2605],[690961.42989,4380472.2605],[690482.46779,4380512.2614],[690482.46778,4380512.2614],[690378.47038,4380533.2644],[690378.47036,4380533.26441],[690378.47034,4380533.26442],[690378.47033,4380533.26443],[690378.47032,4380533.26445],[690378.47031,4380533.26447],[690335.36561,4380650.26907],[690301.47362,4380742.26792],[690195.47287,4380782.2658],[690043.47007,4380825.2668],[690043.42908,4380825.2768],[689935.47489,4380847.2762],[689935.44441,4380847.2742],[689935.4444,4380847.2742],[689935.4299,4380847.2742],[689725.47293,4380827.2778],[689630.47065,4380773.27761],[689630.47064,4380773.27761],[689506.47684,4380714.27711],[689506.47684,4380714.27711],[689475.47386,4380700.27712],[689419.47807,4380650.28063],[689419.47807,4380650.28063],[689419.47357,4380650.27663],[689419.47357,4380650.27663],[689419.47355,4380650.27661],[689419.44705,4380650.26211],[689303.47085,4380585.27541],[689303.47084,4380585.27541],[689123.47094,4380496.27521],[689123.47094,4380496.27521],[688860.46954,4380375.27981],[688860.46954,4380375.27981],[687906.46934,4379968.29041],[687067.45525,4379535.29351],[686925.45415,4379455.30021],[686925.45414,4379455.30021],[686726.45275,4379361.30551],[686489.45245,4379229.30451],[686489.45245,4379229.30451],[686489.45243,4379229.30451],[686489.45241,4379229.3045],[686489.4524,4379229.3045],[686489.4114,4379229.3065],[686489.41139,4379229.3065],[686409.45309,4379238.3061],[686409.45307,4379238.3061],[685899.45437,4379393.308],[685618.44767,4379473.3106],[685618.44767,4379473.3106],[685618.44766,4379473.31061],[685432.44856,4379555.31131],[685432.44856,4379555.31131],[685216.44986,4379659.31561],[685069.44827,4379717.3152],[684936.44698,4379752.3144],[684819.45218,4379774.3146],[684618.45029,4379798.4082],[684502.44629,4379812.318],[684502.44628,4379812.318],[684374.43848,4379844.3236],[684374.43847,4379844.32361],[683894.42677,4380005.33611],[683894.42677,4380005.33611],[683894.42675,4380005.33611],[683894.42673,4380005.33613],[683889.42505,4380010.33771],[683719.42408,4380049.3405],[683719.42407,4380049.3405],[683540.41927,4380105.346],[683536.07468,4380106.3496],[683185.40419,4380187.3562],[683185.3637,4380187.3582],[683185.36369,4380187.3582],[683091.40229,4380193.3576],[683091.40229,4380193.3576],[683091.36129,4380193.3636],[683091.36128,4380193.3636],[682938.39968,4380229.3655],[682788.39558,4380252.3694],[682788.39558,4380252.3694],[682673.38858,4380279.3653],[682673.34808,4380279.3733],[682606.38849,4380288.3723],[682606.34749,4380288.3763],[682505.3863,4380291.3759],[682505.3453,4380291.3759],[682157.3707,4380282.3857],[682157.37069,4380282.3857],[682157.33369,4380282.3877],[682157.33369,4380282.3877],[681969.36229,4380297.393],[681969.36229,4380297.393],[681969.32579,4380297.397],[681969.32578,4380297.397],[681856.36679,4380316.3978],[681856.3258,4380316.3978],[681856.3258,4380316.3978],[681700.3573,4380319.4027],[681700.35729,4380319.4027],[681700.32029,4380319.4047],[681700.32029,4380319.4047],[681507.35179,4380340.409],[681507.31079,4380340.413],[681497.3675,4380340.7163],[681442.30921,4380342.4095],[681344.30952,4380320.4132],[681344.30952,4380320.4132],[681053.29943,4380258.4216],[680969.29614,4380232.42291],[680707.99864,4380106.43661],[680650.32924,4380078.63101],[680407.27704,4379961.44201],[680407.27704,4379961.44201],[680230.27054,4379881.44881],[680230.27054,4379881.44881],[680094.26654,4379829.45421],[679806.25694,4379692.45931],[679618.25995,4379596.46261],[679618.25994,4379596.46261],[678894.26324,4379275.47081],[678757.2651,4379206.47044],[678753.1639,4379147.46819],[678739.2625,4378947.4714],[678735.2641,4378616.4785],[678735.2641,4378616.47848],[678735.26409,4378616.47846],[678735.26408,4378616.47844],[678735.26407,4378616.47843],[678735.26405,4378616.47841],[678735.26403,4378616.47841],[678735.26401,4378616.4784],[678735.26399,4378616.4784],[678735.26397,4378616.4784],[678294.30858,4378742.4715],[678131.30529,4378766.4749],[678131.30526,4378766.47491],[678131.30525,4378766.47492],[678131.30523,4378766.47493],[678003.30644,4378895.47272],[677889.30755,4378967.47462],[677889.30755,4378967.47462],[677889.30753,4378967.47463],[677889.30752,4378967.47464],[677809.30933,4379067.47473],[677726.30913,4379147.47803],[677726.30913,4379147.47803],[677726.30912,4379147.47804],[677726.30911,4379147.47806],[677726.3091,4379147.47809],[677718.3098,4379200.47588],[677688.3113,4379325.47717],[677619.31071,4379495.47156],[677619.31071,4379495.47156],[677502.31431,4379799.47426],[677352.31221,4380155.47396],[677352.31221,4380155.47396],[677352.3122,4380155.47398],[677330.313,4380241.47328],[677330.313,4380241.47329],[677330.313,4380241.47331],[677330.313,4380241.47333],[677330.31301,4380241.47335],[677330.31302,4380241.47336],[677330.31303,4380241.47338],[677330.31305,4380241.47339],[677330.31305,4380241.47339],[677579.31185,4380385.47469],[677827.31132,4380543.47017],[677833.31181,4380554.46805],[677833.31181,4380554.46805],[677833.31182,4380554.46806],[677833.31183,4380554.46808],[677833.31185,4380554.46809],[678031.31594,4380673.46798],[678102.30764,4380733.46558],[678102.30765,4380733.46559],[678102.30767,4380733.46559],[678146.31045,4380748.46689],[678226.31304,4380806.46998],[678226.31304,4380806.46998],[678226.31306,4380806.46999],[678226.31307,4380806.47],[678226.31309,4380806.47],[678257.31137,4380810.4658],[678319.30855,4380847.46449],[678319.30855,4380847.46449],[678319.30857,4380847.46449],[678447.30777,4380891.46729],[678649.30846,4380968.46479],[678678.30435,4380984.46769],[678678.30435,4380984.46769],[678678.30436,4380984.46769],[678932.30776,4381086.46289],[678932.30779,4381086.4629],[678947.30707,4381088.4659],[679123.30296,4381171.46459],[679123.30297,4381171.46459],[679223.30627,4381208.46109],[679223.30627,4381208.4611],[679439.30327,4381273.45969],[679686.29846,4381375.45909],[679686.29846,4381375.45909],[679686.29847,4381375.4591],[679747.30357,4381392.4594],[679747.3036,4381392.4594],[679847.30389,4381393.4597],[679999.30709,4381416.4564],[679999.30709,4381416.4564],[680289.31229,4381448.4462],[680289.31229,4381448.4462],[680560.32446,4381466.4386],[680581.32512,4381484.43747],[680607.32741,4381523.44135],[680629.32361,4381568.43344],[680629.32361,4381568.43344],[680837.3333,4381984.43333],[680856.3355,4382211.43181],[680856.3355,4382211.43181],[680856.3355,4382211.43182],[680938.3357,4382627.43412],[680938.33571,4382627.43414],[680972.33771,4382713.43323],[681088.34411,4383061.43213],[681088.34411,4383061.43214],[681136.3424,4383178.43013],[681163.3436,4383324.42572],[681163.34361,4383324.42574],[681163.34361,4383324.42575],[681163.34363,4383324.42577],[681371.34812,4383552.43037],[681458.35342,4383658.42306],[681458.35342,4383658.42306],[681641.35492,4383879.42446],[681641.35492,4383879.42447],[681892.36002,4384171.42126],[681954.36242,4384249.42056],[682021.36241,4384375.41715],[682021.36241,4384375.41715],[682175.36721,4384632.41575],[682221.36611,4384727.42014],[682221.36611,4384727.42015],[682751.37401,4385661.41585],[682877.38501,4385911.42194],[683091.38341,4386367.42114],[683091.38341,4386367.42114],[683091.38341,4386367.42115],[683196.38591,4386543.41865],[683196.38591,4386543.41865],[683196.38593,4386543.41867],[683242.38913,4386587.41747],[683242.38913,4386587.41747],[683242.38914,4386587.41748],[683323.38454,4386648.41908],[683690.39374,4386951.41538],[683690.39374,4386951.41538],[683896.39844,4387101.41528],[683896.39845,4387101.41529],[683932.39875,4387123.41699],[683932.39875,4387123.41699],[684014.40235,4387172.41689],[684196.40365,4387286.41308],[684196.40365,4387286.41309],[684268.40854,4387327.41358],[684374.40724,4387417.41058],[684374.40724,4387417.41058],[684518.41194,4387525.41028],[684518.41194,4387525.41028],[684721.41004,4387665.41878],[684831.41273,4387752.41748],[684979.41343,4387891.42217],[684979.41343,4387891.42217],[684979.41345,4387891.42219],[685100.41355,4387964.42038],[685437.41194,4388195.43438],[685600.41223,4388318.42978],[685672.41153,4388390.43077],[685672.41153,4388390.43077],[685672.41154,4388390.43078],[685836.41064,4388499.43208],[685836.41065,4388499.43209],[686232.41105,4388726.44129],[686232.41105,4388726.44129],[686232.41106,4388726.44129],[686273.41196,4388742.43889],[686273.41196,4388742.43889],[686273.41198,4388742.4389],[686319.40988,4388753.4435],[686319.4099,4388753.4435],[686706.4077,4388756.4433],[686706.4077,4388756.4433],[686949.4112,4388745.452],[687400.41348,4388753.454],[687464.41327,4388772.44989],[687572.41186,4388813.45659],[687572.41186,4388813.45659],[687572.41188,4388813.4566],[687761.40938,4388853.4606],[687931.41327,4388896.463],[688038.40837,4388930.46159],[688183.41006,4388991.46359],[688183.41007,4388991.46359],[688307.40736,4389034.46359],[688872.40596,4389270.47669],[688872.40596,4389270.47669],[688872.40597,4389270.4767],[688944.40506,4389292.47729],[688966.40435,4389304.47528],[689127.39973,4389419.48267],[689160.4084,4389467.48494],[689171.4004,4389568.48191],[689171.40041,4389568.48193],[689171.40042,4389568.48195],[689278.39871,4389732.48345],[689305.39509,4389782.488],[689237.39441,4389937.49256],[689237.39441,4389937.49256],[689237.3944,4389937.49258],[689237.3944,4389937.4926],[689237.3944,4389937.49262],[689259.3881,4390070.49391],[689267.3902,4390166.4956],[689263.386,4390350.49559],[689255.38991,4390383.50377],[689179.38131,4390547.50116],[689179.38131,4390547.50116],[689179.3813,4390547.50118],[689179.3813,4390547.5012],[689179.3842,4390621.50508],[689102.38141,4390772.50685],[689102.3814,4390772.50687],[689102.3814,4390772.50689],[689079.3759,4390943.51189],[689079.3759,4390943.51189],[689056.3763,4391261.51669],[689056.3763,4391261.51669],[689056.3763,4391261.51671],[689062.3718,4391321.52251],[689062.37181,4391321.52253],[689091.36981,4391402.52303],[689091.36981,4391402.52304],[689132.36931,4391493.52554],[689132.36931,4391493.52554],[689132.36931,4391493.52555],[689195.36891,4391602.52575],[689195.36891,4391602.52575],[689195.36893,4391602.52577],[689230.36933,4391639.52697],[689230.36933,4391639.52697],[689230.36934,4391639.52698],[689230.36936,4391639.52699],[689311.37233,4391670.52298],[689695.36451,4392293.53025],[689695.36452,4392293.53026],[689785.32452,4392427.47076],[689785.32452,4392427.47076],[689785.36552,4392427.53026],[689785.36553,4392427.53027],[689785.36555,4392427.53029],[689785.36557,4392427.5303],[689785.36559,4392427.5303],[689796.34269,4392428.5686],[689859.36449,4392434.5313],[689859.36451,4392434.5313],[689925.36851,4392427.5282],[690054.36991,4392415.5265],[690584.318,4392386.5187],[690584.3795,4392386.5166],[690584.37951,4392386.5166],[691201.3853,4392333.5082],[691476.39,4392331.5011],[691476.39001,4392331.5011],[691571.3943,4392326.5047],[692031.3975,4392306.4971],[692084.4003,4392304.4913],[692084.40031,4392304.4913],[692265.4012,4392288.4915],[692409.4021,4392287.4839],[692611.4072,4392296.4861],[692611.4072,4392296.4861],[692771.4113,4392295.4822],[692771.41131,4392295.4822],[692772.28131,4392295.4087],[692936.41251,4392281.4797],[692936.41251,4392281.4797],[693096.41271,4392258.4781],[693096.41272,4392258.4781],[693297.42242,4392220.4718],[693619.41721,4392178.4727],[693619.41722,4392178.4727],[693859.42582,4392140.4679],[693859.42582,4392140.4679],[694086.42972,4392093.4613],[694215.42741,4392076.4579],[694215.42741,4392076.4579],[694754.44161,4391995.4416],[694754.44161,4391995.4416],[694754.44163,4391995.4416],[694794.43983,4391983.4497],[694794.43985,4391983.44969],[694794.43986,4391983.44968],[694794.43988,4391983.44967],[694794.43989,4391983.44965],[694794.43989,4391983.44963],[694794.4399,4391983.44962],[694794.4399,4391983.4496],[694789.4386,4391748.44625],[695197.44356,4391908.43929],[695197.44356,4391908.43929],[695197.44358,4391908.4393],[695243.44638,4391915.4364],[695243.4464,4391915.4364],[695243.44642,4391915.4364],[695254.44852,4391913.4332],[695310.45001,4391905.4385],[695310.45001,4391905.4385],[695310.45002,4391905.4385],[695452.45242,4391870.4328],[695553.81402,4391848.9986],[695679.45262,4391822.4289],[695679.45262,4391822.4289],[696049.45872,4391741.4163],[696616.46891,4391651.4075],[696794.89321,4391642.4334],[696795.4753,4391642.4049],[696795.47533,4391642.4049],[696795.47534,4391642.40489],[696795.47536,4391642.40488],[696795.47538,4391642.40486],[696812.26058,4391622.01236],[697568.48258,4390703.38116],[697692.49058,4390558.96777],[697726.48348,4390519.38297],[697726.48348,4390519.38296],[697792.22728,4390438.51846],[697939.49038,4390257.38157],[697967.97217,4390226.27187],[698080.48847,4390103.37297],[698080.48848,4390103.37296],[698197.43468,4389949.15186],[698240.49208,4389892.36786],[698296.34557,4389829.69627],[698453.49417,4389653.36397],[698593.49697,4389497.36117],[698593.49698,4389497.36116],[698696.49588,4389369.35906],[698696.49588,4389369.35906],[698870.50118,4389136.35456],[698870.50118,4389136.35455],[699214.50858,4388588.34645],[699239.50738,4388550.34925],[699239.50739,4388550.34925],[699293.95239,4388449.00465],[699340.50959,4388362.34245],[699340.50959,4388362.34245],[699340.5096,4388362.34243],[699340.5096,4388362.34241],[699340.5096,4388362.34239],[699340.50959,4388362.34237],[699340.50959,4388362.34235],[699340.50957,4388362.34233],[699340.50956,4388362.34232],[699340.50954,4388362.34231],[699340.50952,4388362.3423],[699340.47902,4388362.3358],[699340.479,4388362.3358],[699340.47898,4388362.3358],[699340.47896,4388362.33581],[699340.47894,4388362.33582],[699340.46448,4388362.34629],[699340.43002,4388362.3403],[699239.46222,4388341.3476],[698958.45493,4388265.3517],[698834.44877,4388223.35342],[698771.44509,4388091.35676],[698771.44509,4388091.35675],[698739.44599,4388033.35565],[698739.44599,4388033.35565],[698679.44299,4387925.35466],[698637.4416,4387828.35997],[698619.4432,4387753.35599],[698616.4409,4387689.3558],[698621.4416,4387587.35691],[698678.4403,4387050.35441],[698678.4403,4387050.35441],[698700.4409,4386829.34821],[698700.4409,4386829.34819],[698691.4552,4386664.47299],[698691.4552,4386664.47299],[698691.4427,4386664.36049],[698691.4427,4386664.36047],[698691.44269,4386664.36045],[698691.44268,4386664.36044],[698691.44266,4386664.36042],[698691.44265,4386664.36041],[698691.44263,4386664.3604],[698691.44261,4386664.3604],[698691.44259,4386664.3604],[698691.44257,4386664.36041],[698615.48968,4386689.3453],[698614.79959,4386689.4168],[698614.79959,4386689.4168],[698529.4892,4386698.3456],[698357.48401,4386696.3486],[698272.48723,4386675.3512],[698226.49884,4386656.35591],[698226.49884,4386656.35591],[698226.49883,4386656.3559],[698226.48485,4386656.35191],[698226.45187,4386656.32342],[698226.45186,4386656.32342],[698195.48169,4386632.34524],[698186.4834,4386580.3454],[698197.4755,4386486.38931],[698197.4815,4386486.34632],[698206.55069,4386461.34163],[698230.48779,4386395.34554],[698268.48709,4386318.34444],[698268.48709,4386318.34444],[698268.4871,4386318.34443],[698291.4827,4386247.34073],[698291.4827,4386247.34071],[698295.489,4386195.33661],[698295.489,4386195.33659],[698295.489,4386195.33658],[698285.4906,4386156.34438],[698285.49059,4386156.34436],[698285.49058,4386156.34434],[698255.48748,4386118.34084],[698255.48748,4386118.34084],[698255.48747,4386118.34083],[698255.48745,4386118.34082],[698255.48744,4386118.34081],[698197.48744,4386094.33641],[698197.48742,4386094.3364],[698197.48741,4386094.3364],[698136.48531,4386089.336],[698136.48529,4386089.336],[698136.48528,4386089.336],[698092.48528,4386099.3347],[698092.48525,4386099.33471],[698060.57335,4386116.29491],[698060.48743,4386116.33987],[698060.47898,4386116.32794],[698060.47898,4386116.32794],[698060.26998,4386116.05744],[697936.48459,4385955.33626],[697916.4838,4385873.33918],[697916.4758,4385873.24469],[697916.4758,4385873.24469],[697839.4867,4385057.31709],[697839.4867,4385057.31709],[697765.4904,4384494.30569],[697765.4904,4384494.30567],[697733.4928,4384371.30667],[697733.49279,4384371.30666],[697729.37029,4384360.90046],[697670.49249,4384212.29847],[697663.54399,4384191.56407],[697643.34959,4384131.30057]]]}}]}